latitude,longitude,brightness,scan,track,acq_date,acq_time,satellite,instrument,confidence,version,bright_t31,frp,daynight,type
36.66336,-120.13248,295.21,0.39,0.36,2025-01-01,0956,N,VIIRS,n,2,273.27,0.51,N,0
34.33651,-118.51728,307.88,0.46,0.39,2025-01-01,0957,N,VIIRS,n,2,281.24,0.45,N,2
34.33296,-118.5182,297.23,0.46,0.39,2025-01-01,0957,N,VIIRS,n,2,279.87,0.45,N,2
34.32046,-118.5112,303.93,0.46,0.39,2025-01-01,0957,N,VIIRS,n,2,281.34,0.76,N,2
34.29161,-118.80418,295.61,0.45,0.39,2025-01-01,0957,N,VIIRS,n,2,275.31,0.72,N,2
34.29074,-118.79946,299.71,0.45,0.39,2025-01-01,0957,N,VIIRS,n,2,276.14,0.74,N,2
34.15363,-118.19259,301.33,0.47,0.4,2025-01-01,0957,N,VIIRS,n,2,268.17,0.37,N,2
34.07433,-118.54561,333.45,0.46,0.39,2025-01-01,0957,N,VIIRS,n,2,295.42,29.17,N,0
34.07588,-118.54195,329.11,0.46,0.39,2025-01-01,0957,N,VIIRS,n,2,288.1,3.84,N,0
34.0768,-118.5469,298.78,0.46,0.39,2025-01-01,0957,N,VIIRS,n,2,280.69,3.84,N,0
34.0723,-118.54277,329.22,0.46,0.39,2025-01-01,0957,N,VIIRS,n,2,290.23,14.37,N,0
34.07322,-118.54768,303.67,0.46,0.39,2025-01-01,0957,N,VIIRS,n,2,280.86,14.37,N,0
32.50974,-116.76946,298.45,0.39,0.44,2025-01-01,0957,N,VIIRS,n,2,276.41,0.73,N,2
32.4651,-117.01012,298.68,0.57,0.43,2025-01-01,0957,N,VIIRS,n,2,278.74,0.61,N,0
35.57347,-120.77594,330.32,0.45,0.39,2025-01-01,2117,N,VIIRS,n,2,291.22,2.68,D,0
35.57504,-120.77412,327.79,0.45,0.39,2025-01-01,2117,N,VIIRS,n,2,289.96,2.19,D,0
34.62278,-117.10183,303.78,0.38,0.36,2025-01-02,0938,N,VIIRS,n,2,273.48,0.96,N,2
34.60892,-117.33771,301.39,0.38,0.36,2025-01-02,0938,N,VIIRS,n,2,275.84,1.1,N,2
34.35495,-116.85143,300.27,0.39,0.36,2025-01-02,0938,N,VIIRS,n,2,274.82,0.83,N,2
34.42887,-118.64507,312.24,0.39,0.36,2025-01-02,0938,N,VIIRS,n,2,274.14,1.06,N,2
34.33634,-118.51832,300.68,0.39,0.36,2025-01-02,0938,N,VIIRS,n,2,277.1,0.6,N,2
34.33302,-118.51905,297.7,0.39,0.36,2025-01-02,0938,N,VIIRS,n,2,276.25,0.6,N,2
34.14189,-117.42835,297.66,0.38,0.36,2025-01-02,0938,N,VIIRS,n,2,280.15,0.57,N,2
34.24402,-118.38215,298.79,0.39,0.36,2025-01-02,0938,N,VIIRS,n,2,275.4,0.49,N,2
34.29242,-118.80399,303.19,0.39,0.36,2025-01-02,0938,N,VIIRS,n,2,271.97,1.23,N,2
33.87635,-116.99834,295.04,0.39,0.36,2025-01-02,0938,N,VIIRS,n,2,279.92,0.27,N,2
34.03677,-118.10543,297.4,0.39,0.36,2025-01-02,0938,N,VIIRS,n,2,278.17,0.41,N,2
33.79233,-117.47397,297.05,0.38,0.36,2025-01-02,0938,N,VIIRS,n,2,276.94,0.74,N,2
33.90489,-118.40398,297.92,0.39,0.36,2025-01-02,0938,N,VIIRS,n,2,284.92,0.61,N,2
33.85425,-118.33131,300.62,0.39,0.36,2025-01-02,0938,N,VIIRS,n,2,287.66,1.03,N,2
33.85093,-118.33202,298.93,0.39,0.36,2025-01-02,0938,N,VIIRS,n,2,284.1,1.03,N,2
33.8205,-118.24411,303.55,0.39,0.36,2025-01-02,0938,N,VIIRS,n,2,286.43,1.09,N,2
33.71453,-117.71165,295.14,0.38,0.36,2025-01-02,0938,N,VIIRS,n,2,277.35,0.73,N,2
33.77827,-118.23616,302.89,0.39,0.36,2025-01-02,0938,N,VIIRS,n,2,287.28,1.17,N,2
33.79191,-118.34904,299.21,0.39,0.36,2025-01-02,0938,N,VIIRS,n,2,279.92,0.43,N,2
33.61284,-117.8223,307.47,0.38,0.36,2025-01-02,0938,N,VIIRS,n,2,279.29,0.73,N,2
33.49304,-117.61829,302.73,0.38,0.36,2025-01-02,0938,N,VIIRS,n,2,279.62,0.65,N,2
32.85795,-117.02814,302.4,0.39,0.36,2025-01-02,0939,N,VIIRS,n,2,277.14,0.82,N,2
32.85695,-117.14771,304.54,0.39,0.36,2025-01-02,0939,N,VIIRS,n,2,275.39,0.62,N,2
32.59988,-117.01178,302.27,0.39,0.36,2025-01-02,0939,N,VIIRS,n,2,278.02,1.04,N,2
32.49916,-116.78956,313.33,0.39,0.36,2025-01-02,0939,N,VIIRS,n,2,279.13,1.27,N,2
32.49609,-116.83327,331.9,0.39,0.36,2025-01-02,0939,N,VIIRS,n,2,283.09,3.4,N,0
32.50368,-116.74838,338.8,0.41,0.37,2025-01-02,2057,N,VIIRS,n,2,308.61,3.12,D,0
35.64024,-120.37952,333.69,0.39,0.36,2025-01-02,2058,N,VIIRS,n,2,293.51,2.28,D,0
35.66314,-120.87077,325.23,0.39,0.36,2025-01-02,2058,N,VIIRS,n,2,294.55,1.61,D,0
35.88494,-120.46639,328.26,0.39,0.36,2025-01-02,2058,N,VIIRS,n,2,291.2,2.9,D,0
35.88885,-120.90615,329.71,0.39,0.36,2025-01-02,2058,N,VIIRS,n,2,293.35,0.97,D,0
36.24707,-121.12506,332.2,0.39,0.36,2025-01-02,2058,N,VIIRS,n,2,295.6,2.57,D,0
34.43092,-118.64454,303.1,0.39,0.44,2025-01-03,0919,N,VIIRS,n,2,272.37,1.06,N,2
32.85882,-117.02984,296.17,0.47,0.4,2025-01-03,0920,N,VIIRS,n,2,274.67,0.56,N,2
35.55999,-120.53933,325.92,0.55,0.43,2025-01-03,2039,N,VIIRS,n,2,293.11,4.54,D,0
35.64153,-120.37589,330.65,0.54,0.42,2025-01-03,2039,N,VIIRS,n,2,293.25,4.56,D,0
34.42838,-118.6472,295.2,0.36,0.57,2025-01-04,0900,N,VIIRS,n,2,272.08,0.61,N,2
32.49836,-116.83515,307.6,0.51,0.66,2025-01-05,0842,N,VIIRS,n,2,280.17,1.21,N,0
32.49929,-116.83259,304.07,0.51,0.66,2025-01-05,0842,N,VIIRS,n,2,280.4,0.96,N,0
34.61061,-117.33557,317.19,0.36,0.57,2025-01-05,1022,N,VIIRS,n,2,274.07,1.5,N,2
34.6116,-117.3336,296.02,0.36,0.57,2025-01-05,1022,N,VIIRS,n,2,271.63,0.75,N,0
34.60639,-117.33517,303.14,0.36,0.57,2025-01-05,1022,N,VIIRS,n,2,270.05,0.73,N,2
34.35477,-116.85044,296.66,0.39,0.59,2025-01-05,1022,N,VIIRS,n,2,274.91,0.9,N,2
34.43159,-118.64143,295.82,0.62,0.54,2025-01-05,1022,N,VIIRS,n,2,274.86,1.35,N,2
34.15625,-118.1916,308.73,0.33,0.55,2025-01-05,1022,N,VIIRS,n,2,277.62,1.03,N,2
34.154,-118.19278,306.25,0.33,0.55,2025-01-05,1022,N,VIIRS,n,2,278.64,0.96,N,2
33.85339,-118.33127,306.38,0.33,0.55,2025-01-05,1022,N,VIIRS,n,2,286.03,1.48,N,2
33.85522,-118.33006,303.5,0.33,0.55,2025-01-05,1022,N,VIIRS,n,2,285.8,1.51,N,2
33.82287,-118.24171,298.43,0.33,0.56,2025-01-05,1022,N,VIIRS,n,2,284.39,1.06,N,2
33.77424,-118.28625,295.11,0.33,0.56,2025-01-05,1022,N,VIIRS,n,2,283.71,0.61,N,0
33.61345,-117.82207,295.74,0.36,0.57,2025-01-05,1022,N,VIIRS,n,2,273.38,0.26,N,2
32.49709,-116.83318,297.39,0.43,0.62,2025-01-05,1023,N,VIIRS,n,2,277.3,0.59,N,0
32.39693,-116.51929,331.49,0.43,0.62,2025-01-05,2001,N,VIIRS,n,2,287.7,3.06,D,0
32.13091,-116.88313,325.11,0.49,0.65,2025-01-05,2141,N,VIIRS,n,2,285.06,1.51,D,0
32.39428,-116.52434,367,0.52,0.67,2025-01-05,2141,N,VIIRS,h,2,297.68,12.78,D,0
32.39453,-116.51915,341.99,0.52,0.67,2025-01-05,2141,N,VIIRS,n,2,293.28,12.78,D,0
32.40074,-116.52,345.11,0.52,0.67,2025-01-05,2141,N,VIIRS,n,2,292.84,10.24,D,0
37.02586,-120.19771,308.24,0.42,0.38,2025-01-06,1003,N,VIIRS,n,2,276.95,1.02,N,0
34.62233,-117.0992,308.36,0.41,0.45,2025-01-06,1003,N,VIIRS,n,2,279.13,0.91,N,2
34.60887,-117.3372,319.4,0.4,0.44,2025-01-06,1003,N,VIIRS,n,2,279.37,1.78,N,2
34.60934,-117.33478,319.43,0.4,0.44,2025-01-06,1003,N,VIIRS,n,2,278.64,2.43,N,2
34.35388,-116.85399,300.78,0.43,0.46,2025-01-06,1003,N,VIIRS,n,2,277.93,1.16,N,2
34.4297,-118.64449,307.11,0.52,0.42,2025-01-06,1003,N,VIIRS,n,2,279.17,1.51,N,2
34.4319,-118.64488,304.65,0.52,0.42,2025-01-06,1003,N,VIIRS,n,2,279.5,1.48,N,2
34.14175,-117.42699,300.88,0.4,0.45,2025-01-06,1003,N,VIIRS,n,2,282.81,0.37,N,2
34.33466,-118.51923,308.32,0.53,0.42,2025-01-06,1003,N,VIIRS,n,2,282.58,1.35,N,2
34.32089,-118.51084,299.2,0.53,0.42,2025-01-06,1003,N,VIIRS,n,2,282.9,0.77,N,2
34.29387,-118.80373,304.71,0.52,0.41,2025-01-06,1003,N,VIIRS,n,2,283.24,0.94,N,2
34.1531,-118.19032,312.89,0.56,0.43,2025-01-06,1003,N,VIIRS,n,2,284.3,2.09,N,2
34.04209,-117.82087,295.55,0.39,0.44,2025-01-06,1003,N,VIIRS,n,2,280.76,0.29,N,2
33.79601,-117.47566,304.1,0.41,0.45,2025-01-06,1003,N,VIIRS,n,2,273.91,0.54,N,2
33.85241,-118.32965,297.03,0.55,0.43,2025-01-06,1004,N,VIIRS,n,2,285.32,0.88,N,2
33.71487,-117.71106,295.23,0.4,0.44,2025-01-06,1004,N,VIIRS,n,2,280.62,0.42,N,2
33.79537,-118.2331,296.91,0.56,0.43,2025-01-06,1004,N,VIIRS,n,2,285.9,0.88,N,0
33.61567,-117.82365,295.18,0.39,0.44,2025-01-06,1004,N,VIIRS,n,2,281.06,0.21,N,2
32.59997,-117.01216,297.9,0.46,0.47,2025-01-06,1004,N,VIIRS,n,2,280.27,0.64,N,2
32.3969,-116.50459,299.23,0.49,0.49,2025-01-06,1004,N,VIIRS,n,2,279.83,0.99,N,0
32.39365,-116.51099,297.57,0.49,0.49,2025-01-06,1004,N,VIIRS,n,2,281.73,2.35,N,0
32.39249,-116.50576,315.31,0.49,0.49,2025-01-06,1004,N,VIIRS,n,2,279.61,0.99,N,0
32.43494,-117.07802,319.94,0.46,0.47,2025-01-06,1004,N,VIIRS,n,2,282.76,2.42,N,0
32.34645,-116.5139,338.48,0.77,0.77,2025-01-06,1942,N,VIIRS,n,2,296.48,4.83,D,0
32.34847,-116.50913,354.81,0.55,0.51,2025-01-06,2122,N,VIIRS,n,2,304.83,15.68,D,0
32.34478,-116.51053,341.67,0.55,0.51,2025-01-06,2122,N,VIIRS,n,2,302.14,6.82,D,0
32.34948,-116.51146,349.13,0.55,0.51,2025-01-06,2122,N,VIIRS,n,2,302.89,6.82,D,0
36.36594,-121.32518,337.25,0.51,0.41,2025-01-06,2123,N,VIIRS,n,2,293.05,4.68,D,0
36.36531,-121.33095,331.79,0.51,0.41,2025-01-06,2123,N,VIIRS,n,2,292.82,4.68,D,0
36.96638,-121.53628,331.4,0.5,0.41,2025-01-06,2124,N,VIIRS,n,2,291,5.97,D,0
36.96477,-121.53313,295.45,0.44,0.38,2025-01-07,0944,N,VIIRS,n,2,281.56,0.55,N,0
36.71383,-121.76585,296.15,0.45,0.39,2025-01-07,0944,N,VIIRS,n,2,281.14,0.21,N,0
34.43178,-118.64443,301.36,0.38,0.36,2025-01-07,0945,N,VIIRS,n,2,281.89,0.61,N,2
34.42848,-118.64518,300.1,0.38,0.36,2025-01-07,0945,N,VIIRS,n,2,281.89,0.61,N,2
34.33401,-118.51975,315.34,0.39,0.36,2025-01-07,0945,N,VIIRS,n,2,280.9,1.27,N,2
34.14194,-117.42822,301.68,0.4,0.37,2025-01-07,0945,N,VIIRS,n,2,281.99,0.72,N,2
34.31881,-118.51034,301.13,0.39,0.36,2025-01-07,0945,N,VIIRS,n,2,281.75,0.3,N,2
34.24341,-118.37945,302.44,0.39,0.36,2025-01-07,0945,N,VIIRS,n,2,277.89,0.25,N,2
34.29116,-118.8037,305.52,0.38,0.36,2025-01-07,0945,N,VIIRS,n,2,281.39,0.53,N,2
34.48117,-120.13062,296.56,0.39,0.36,2025-01-07,0945,N,VIIRS,n,2,283.86,0.12,N,0
34.1545,-118.19272,310.57,0.39,0.36,2025-01-07,0945,N,VIIRS,n,2,279.82,1.19,N,2
33.97132,-117.5015,325.9,0.4,0.37,2025-01-07,0945,N,VIIRS,n,2,276.32,3.81,N,0
33.87743,-116.99854,298.15,0.41,0.37,2025-01-07,0945,N,VIIRS,n,2,277.32,0.54,N,2
34.03498,-118.10603,298.98,0.39,0.36,2025-01-07,0945,N,VIIRS,n,2,280.27,0.6,N,2
33.81967,-118.24487,295.67,0.39,0.36,2025-01-07,0945,N,VIIRS,n,2,285.11,0.77,N,2
33.81498,-118.23731,300.37,0.39,0.36,2025-01-07,0945,N,VIIRS,n,2,286.33,1.18,N,2
33.71608,-117.71094,307.45,0.4,0.37,2025-01-07,0945,N,VIIRS,n,2,280.72,0.97,N,2
33.71445,-117.71039,304.37,0.4,0.37,2025-01-07,0945,N,VIIRS,n,2,279.78,0.96,N,2
33.77804,-118.23656,299.55,0.39,0.36,2025-01-07,0945,N,VIIRS,n,2,287.4,0.8,N,2
33.79323,-118.34985,300.3,0.39,0.36,2025-01-07,0945,N,VIIRS,n,2,280.56,0.4,N,2
33.61391,-117.82073,311.08,0.39,0.37,2025-01-07,0945,N,VIIRS,n,2,281.09,1.03,N,2
33.49225,-117.61631,303.51,0.4,0.37,2025-01-07,0945,N,VIIRS,n,2,279.27,0.67,N,2
32.85764,-117.02793,305.69,0.42,0.37,2025-01-07,0945,N,VIIRS,n,2,278.58,1.11,N,2
32.8575,-117.14697,299.74,0.41,0.37,2025-01-07,0945,N,VIIRS,n,2,275.86,0.66,N,2
34.04246,-118.54796,337.5,0.41,0.37,2025-01-07,2104,N,VIIRS,n,2,291.54,3.41,D,0
34.04187,-118.55233,332.6,0.41,0.37,2025-01-07,2104,N,VIIRS,n,2,292.18,3.41,D,0
34.04127,-118.55679,352.95,0.41,0.37,2025-01-07,2104,N,VIIRS,n,2,305.98,16.89,D,0
34.04068,-118.56118,341.63,0.41,0.37,2025-01-07,2104,N,VIIRS,n,2,292.09,16.89,D,0
34.04467,-118.55751,367,0.41,0.37,2025-01-07,2104,N,VIIRS,h,2,360.85,225.88,D,0
34.04586,-118.54868,350.46,0.41,0.37,2025-01-07,2104,N,VIIRS,n,2,303.35,94.8,D,0
34.04408,-118.5619,341.35,0.41,0.37,2025-01-07,2104,N,VIIRS,n,2,300.01,225.88,D,0
34.04866,-118.55385,367,0.41,0.37,2025-01-07,2104,N,VIIRS,h,2,342.85,94.8,D,0
34.04805,-118.55833,367,0.41,0.37,2025-01-07,2104,N,VIIRS,h,2,357.73,225.88,D,0
34.04745,-118.56273,367,0.41,0.37,2025-01-07,2104,N,VIIRS,h,2,355.18,225.88,D,0
34.05165,-118.53169,335.4,0.41,0.37,2025-01-07,2104,N,VIIRS,n,2,294.98,5.11,D,0
34.05106,-118.53614,351.6,0.41,0.37,2025-01-07,2104,N,VIIRS,n,2,294.26,5.11,D,0
34.05046,-118.54057,340.03,0.41,0.37,2025-01-07,2104,N,VIIRS,n,2,291.53,5.33,D,0
34.04926,-118.54942,347.91,0.41,0.37,2025-01-07,2104,N,VIIRS,n,2,314.8,94.8,D,0
34.05506,-118.53242,367,0.41,0.37,2025-01-07,2104,N,VIIRS,h,2,349.91,0,D,0
34.05445,-118.53688,367,0.41,0.37,2025-01-07,2104,N,VIIRS,h,2,329.25,0,D,0
34.05266,-118.55016,367,0.41,0.37,2025-01-07,2104,N,VIIRS,h,2,338.83,129.53,D,0
34.05386,-118.54131,352.18,0.41,0.37,2025-01-07,2104,N,VIIRS,n,2,300.93,23.92,D,0
34.05325,-118.54578,332.83,0.41,0.37,2025-01-07,2104,N,VIIRS,n,2,292.53,23.92,D,0
34.05206,-118.55459,367,0.41,0.37,2025-01-07,2104,N,VIIRS,l,2,351.28,129.53,D,0
34.05146,-118.55904,367,0.41,0.37,2025-01-07,2104,N,VIIRS,l,2,376.33,314.65,D,0
34.05085,-118.56353,367,0.41,0.37,2025-01-07,2104,N,VIIRS,l,2,328.29,314.65,D,0
34.05845,-118.53322,367,0.41,0.37,2025-01-07,2104,N,VIIRS,h,2,352.96,0,D,0
34.05605,-118.55094,367,0.41,0.37,2025-01-07,2104,N,VIIRS,h,2,342.71,129.53,D,0
34.05905,-118.52878,333.53,0.41,0.37,2025-01-07,2104,N,VIIRS,n,2,294.43,9.62,D,0
34.05724,-118.5421,344.83,0.41,0.37,2025-01-07,2104,N,VIIRS,n,2,301.48,23.92,D,0
34.05664,-118.54655,350.17,0.41,0.37,2025-01-07,2104,N,VIIRS,n,2,300.16,23.92,D,0
34.05545,-118.55537,337.68,0.41,0.37,2025-01-07,2104,N,VIIRS,n,2,303.48,129.53,D,0
34.05423,-118.56437,337.3,0.41,0.37,2025-01-07,2104,N,VIIRS,n,2,297.1,314.65,D,0
34.05784,-118.53769,367,0.41,0.37,2025-01-07,2104,N,VIIRS,l,2,350.01,0,D,0
34.06245,-118.52955,325.28,0.41,0.37,2025-01-07,2104,N,VIIRS,n,2,294.93,3.92,D,0
34.06064,-118.54289,336.89,0.41,0.37,2025-01-07,2104,N,VIIRS,n,2,301.94,27.9,D,0
34.06004,-118.5473,354.89,0.41,0.37,2025-01-07,2104,N,VIIRS,n,2,296.95,27.9,D,0
34.05944,-118.55167,345.32,0.41,0.37,2025-01-07,2104,N,VIIRS,n,2,294.95,9.25,D,0
34.06184,-118.53401,367,0.41,0.37,2025-01-07,2104,N,VIIRS,l,2,334.47,231.03,D,0
34.06123,-118.53849,367,0.41,0.37,2025-01-07,2104,N,VIIRS,l,2,377.36,231.03,D,0
34.06343,-118.54807,367,0.41,0.37,2025-01-07,2104,N,VIIRS,h,2,312.09,27.9,D,0
34.06523,-118.53482,344.3,0.41,0.37,2025-01-07,2104,N,VIIRS,n,2,301.77,231.03,D,0
34.06403,-118.54369,350.83,0.41,0.37,2025-01-07,2104,N,VIIRS,n,2,320.85,27.9,D,0
34.06463,-118.53926,367,0.41,0.37,2025-01-07,2104,N,VIIRS,l,2,373.53,231.03,D,0
34.06802,-118.54005,367,0.41,0.37,2025-01-07,2104,N,VIIRS,h,2,354.17,128.17,D,0
34.06862,-118.53562,338.52,0.41,0.37,2025-01-07,2104,N,VIIRS,n,2,294.92,128.17,D,0
34.06742,-118.54449,367,0.41,0.37,2025-01-07,2104,N,VIIRS,l,2,339.42,50.76,D,0
34.06683,-118.54885,367,0.41,0.37,2025-01-07,2104,N,VIIRS,l,2,336.51,50.76,D,0
34.07141,-118.54083,367,0.41,0.37,2025-01-07,2104,N,VIIRS,h,2,347.36,128.17,D,0
34.0708,-118.54528,367,0.41,0.37,2025-01-07,2104,N,VIIRS,h,2,346.56,50.76,D,0
34.07201,-118.53639,326.99,0.41,0.37,2025-01-07,2104,N,VIIRS,n,2,292.82,128.17,D,0
34.07022,-118.54963,332.4,0.41,0.37,2025-01-07,2104,N,VIIRS,n,2,298.85,50.76,D,0
34.0748,-118.54161,367,0.41,0.37,2025-01-07,2104,N,VIIRS,l,2,327.52,66.98,D,0
34.0742,-118.54605,315.82,0.41,0.37,2025-01-07,2104,N,VIIRS,l,2,316.91,55.02,D,0
34.0782,-118.54236,334.82,0.41,0.37,2025-01-07,2104,N,VIIRS,n,2,290.79,66.98,D,0
34.07759,-118.54678,331.77,0.41,0.37,2025-01-07,2104,N,VIIRS,n,2,293.62,55.02,D,0
34.07695,-118.54561,344.3,0.41,0.37,2025-01-07,2104,N,VIIRS,n,2,295.17,29.05,D,0
35.63927,-120.3851,345.68,0.39,0.36,2025-01-07,2104,N,VIIRS,n,2,296.83,10.42,D,0
36.14822,-121.06353,331.69,0.38,0.36,2025-01-07,2104,N,VIIRS,n,2,296.21,4.78,D,0
36.14758,-121.06778,351.58,0.38,0.36,2025-01-07,2104,N,VIIRS,n,2,297.82,9.69,D,0
36.15088,-121.06853,345.24,0.38,0.36,2025-01-07,2104,N,VIIRS,n,2,297.16,9.69,D,0
36.36488,-121.31391,332.53,0.38,0.36,2025-01-07,2105,N,VIIRS,n,2,299.29,8.42,D,0
36.93603,-121.39162,330.99,0.38,0.36,2025-01-07,2105,N,VIIRS,n,2,292.83,3.22,D,0
36.96202,-121.53528,331.92,0.38,0.36,2025-01-07,2105,N,VIIRS,n,2,292.13,3.8,D,0
36.96596,-121.53177,328.62,0.38,0.36,2025-01-07,2105,N,VIIRS,n,2,290.87,2.38,D,0
36.96531,-121.53604,330.87,0.38,0.36,2025-01-07,2105,N,VIIRS,n,2,292.3,2.38,D,0
34.62243,-117.09991,300.81,0.43,0.38,2025-01-08,0926,N,VIIRS,n,2,275.42,0.79,N,2
34.60686,-117.33675,299.01,0.44,0.38,2025-01-08,0926,N,VIIRS,n,2,276.2,1.23,N,2
34.65927,-117.80544,299.44,0.46,0.39,2025-01-08,0926,N,VIIRS,n,2,273.65,0.99,N,0
34.65569,-117.80621,309.93,0.46,0.39,2025-01-08,0926,N,VIIRS,n,2,273.76,0.99,N,0
34.43139,-118.64413,306.25,0.49,0.4,2025-01-08,0926,N,VIIRS,n,2,281.34,1.44,N,2
34.43093,-118.64625,311.69,0.49,0.4,2025-01-08,0926,N,VIIRS,n,2,281.14,1.54,N,2
34.33895,-118.48189,334.28,0.48,0.4,2025-01-08,0926,N,VIIRS,n,2,283.15,3.85,N,0
34.33831,-118.47668,347.89,0.48,0.4,2025-01-08,0926,N,VIIRS,n,2,283.67,5.84,N,0
34.33962,-118.48746,319.19,0.48,0.4,2025-01-08,0926,N,VIIRS,n,2,280.54,3.85,N,0
34.33597,-118.48843,334.24,0.48,0.4,2025-01-08,0926,N,VIIRS,n,2,286.11,12.61,N,0
34.33531,-118.48295,355.59,0.48,0.4,2025-01-08,0926,N,VIIRS,n,2,288.34,12.61,N,0
34.33467,-118.47773,349.78,0.48,0.4,2025-01-08,0926,N,VIIRS,n,2,293.72,17.05,N,0
34.33408,-118.47282,343.16,0.48,0.4,2025-01-08,0926,N,VIIRS,n,2,285.4,17.05,N,0
34.33234,-118.48955,347.35,0.48,0.4,2025-01-08,0926,N,VIIRS,n,2,290.58,12.61,N,0
34.33105,-118.47895,344.39,0.48,0.4,2025-01-08,0926,N,VIIRS,n,2,292.29,17.05,N,0
34.33044,-118.47387,352.21,0.48,0.4,2025-01-08,0926,N,VIIRS,n,2,287.9,17.05,N,0
34.32981,-118.46877,332.18,0.48,0.4,2025-01-08,0926,N,VIIRS,n,2,290.33,10.87,N,0
34.33298,-118.49489,307.74,0.48,0.4,2025-01-08,0926,N,VIIRS,n,2,282.17,3.7,N,0
34.33169,-118.48422,311.73,0.48,0.4,2025-01-08,0926,N,VIIRS,n,2,283.17,12.61,N,0
34.32869,-118.49056,342.81,0.48,0.4,2025-01-08,0926,N,VIIRS,n,2,286.3,10.79,N,0
34.32679,-118.47486,330.7,0.48,0.4,2025-01-08,0926,N,VIIRS,n,2,284.37,4.56,N,0
34.32616,-118.46969,337.63,0.48,0.4,2025-01-08,0926,N,VIIRS,n,2,290.22,17.92,N,0
34.32932,-118.49582,317.02,0.48,0.4,2025-01-08,0926,N,VIIRS,n,2,282.05,4.96,N,0
34.32742,-118.48001,297.69,0.48,0.4,2025-01-08,0926,N,VIIRS,n,2,281.84,4.56,N,0
34.32376,-118.48094,308.4,0.48,0.4,2025-01-08,0926,N,VIIRS,n,2,282.29,4.56,N,0
34.14153,-117.42831,301.43,0.44,0.38,2025-01-08,0926,N,VIIRS,n,2,280.77,0.67,N,2
34.21688,-118.09442,304.94,0.46,0.39,2025-01-08,0926,N,VIIRS,n,2,278.62,75.44,N,0
34.2163,-118.08983,318.89,0.46,0.39,2025-01-08,0926,N,VIIRS,n,2,279.23,75.44,N,0
34.21451,-118.10491,329.32,0.46,0.39,2025-01-08,0926,N,VIIRS,n,2,311.05,62.82,N,0
34.21328,-118.09517,336.23,0.46,0.39,2025-01-08,0926,N,VIIRS,n,2,330.65,75.44,N,0
34.2127,-118.09064,324.28,0.46,0.39,2025-01-08,0926,N,VIIRS,n,2,310.9,75.44,N,0
34.13562,-117.49289,332.13,0.44,0.38,2025-01-08,0926,N,VIIRS,n,2,286.24,4.51,N,0
34.21651,-118.12081,296.6,0.46,0.39,2025-01-08,0926,N,VIIRS,n,2,279.08,0.87,N,0
34.21585,-118.11552,300.15,0.46,0.39,2025-01-08,0926,N,VIIRS,n,2,279.04,0.83,N,0
34.21518,-118.11024,299.13,0.46,0.39,2025-01-08,0926,N,VIIRS,n,2,278.47,0.83,N,0
34.21388,-118.09993,316.78,0.46,0.39,2025-01-08,0926,N,VIIRS,n,2,285.74,62.82,N,0
34.2121,-118.0859,305.42,0.46,0.39,2025-01-08,0926,N,VIIRS,n,2,280.36,4.96,N,0
34.21298,-118.12214,331.12,0.46,0.39,2025-01-08,0926,N,VIIRS,n,2,318.06,56.36,N,0
34.21232,-118.11689,341.74,0.46,0.39,2025-01-08,0926,N,VIIRS,n,2,286.38,77.89,N,0
34.21096,-118.10612,345.5,0.46,0.39,2025-01-08,0926,N,VIIRS,n,2,316.34,82.22,N,0
34.21032,-118.1011,340,0.46,0.39,2025-01-08,0926,N,VIIRS,n,2,302.05,82.22,N,0
34.1321,-117.49358,327.68,0.44,0.38,2025-01-08,0926,N,VIIRS,n,2,283.47,4.4,N,0
34.21365,-118.12745,300.04,0.46,0.39,2025-01-08,0926,N,VIIRS,n,2,281.06,56.36,N,0
34.21164,-118.11154,310.61,0.46,0.39,2025-01-08,0926,N,VIIRS,n,2,280.76,77.89,N,0
34.20852,-118.0868,316.26,0.46,0.39,2025-01-08,0926,N,VIIRS,n,2,281.24,2.2,N,0
34.20786,-118.08157,299.38,0.46,0.39,2025-01-08,0926,N,VIIRS,n,2,280.4,2.2,N,0
34.13272,-117.49834,297.4,0.44,0.38,2025-01-08,0926,N,VIIRS,n,2,281.27,2.85,N,0
34.20944,-118.12347,338.42,0.46,0.39,2025-01-08,0926,N,VIIRS,n,2,304.79,56.36,N,0
34.20878,-118.11819,367,0.46,0.39,2025-01-08,0926,N,VIIRS,h,2,351.31,77.89,N,0
34.2081,-118.11285,348.67,0.46,0.39,2025-01-08,0926,N,VIIRS,n,2,296.35,77.89,N,0
34.20744,-118.10751,328.56,0.46,0.39,2025-01-08,0926,N,VIIRS,n,2,328.5,82.22,N,0
34.2068,-118.10248,356.3,0.46,0.39,2025-01-08,0926,N,VIIRS,n,2,306.92,82.22,N,0
34.2062,-118.09772,367,0.46,0.39,2025-01-08,0926,N,VIIRS,h,2,332.55,589.59,N,0
34.20559,-118.09286,322.14,0.46,0.39,2025-01-08,0926,N,VIIRS,n,2,306.74,589.59,N,0
34.2101,-118.12869,301.59,0.46,0.39,2025-01-08,0926,N,VIIRS,n,2,281.57,56.36,N,0
34.20495,-118.08778,312.74,0.46,0.39,2025-01-08,0926,N,VIIRS,n,2,282.5,2.2,N,0
34.20426,-118.08234,311.93,0.46,0.39,2025-01-08,0926,N,VIIRS,n,2,280.94,2.2,N,0
34.2059,-118.12475,356.48,0.46,0.39,2025-01-08,0926,N,VIIRS,n,2,292.39,20.81,N,0
34.20524,-118.11953,355.68,0.46,0.39,2025-01-08,0926,N,VIIRS,n,2,296.58,18.63,N,0
34.20456,-118.11409,345.97,0.46,0.39,2025-01-08,0926,N,VIIRS,n,2,288.34,18.63,N,0
34.2039,-118.10887,326.11,0.46,0.39,2025-01-08,0926,N,VIIRS,n,2,285.51,3.35,N,0
34.20327,-118.10387,345.54,0.46,0.39,2025-01-08,0926,N,VIIRS,n,2,288.45,3.35,N,0
34.20266,-118.09897,350.85,0.46,0.39,2025-01-08,0926,N,VIIRS,n,2,287.76,8.55,N,0
34.20202,-118.0939,367,0.46,0.39,2025-01-08,0926,N,VIIRS,h,2,292.96,8.55,N,0
34.20135,-118.08858,339.68,0.46,0.39,2025-01-08,0926,N,VIIRS,n,2,289.28,41.02,N,0
34.20066,-118.0831,327.16,0.46,0.39,2025-01-08,0926,N,VIIRS,n,2,313.31,41.02,N,0
34.19866,-118.06724,333.22,0.46,0.39,2025-01-08,0926,N,VIIRS,n,2,288.36,22.09,N,0
34.20655,-118.12991,297.33,0.46,0.39,2025-01-08,0926,N,VIIRS,n,2,281.96,20.81,N,0
34.19801,-118.06209,300.23,0.46,0.39,2025-01-08,0926,N,VIIRS,n,2,279.57,22.09,N,0
34.20233,-118.12585,343.01,0.46,0.39,2025-01-08,0926,N,VIIRS,n,2,296.76,20.81,N,0
34.20169,-118.12072,337.82,0.46,0.39,2025-01-08,0926,N,VIIRS,n,2,292.39,18.63,N,0
34.1991,-118.10011,324.73,0.46,0.39,2025-01-08,0926,N,VIIRS,n,2,284.97,8.55,N,0
34.19843,-118.0948,343.95,0.46,0.39,2025-01-08,0926,N,VIIRS,n,2,289.04,8.55,N,0
34.19775,-118.08939,341.19,0.46,0.39,2025-01-08,0926,N,VIIRS,n,2,293.03,41.02,N,0
34.19706,-118.0839,324.72,0.46,0.39,2025-01-08,0926,N,VIIRS,n,2,301.23,41.02,N,0
34.19638,-118.07847,342.23,0.46,0.39,2025-01-08,0926,N,VIIRS,n,2,285.07,14.99,N,0
34.19511,-118.06843,333.81,0.46,0.39,2025-01-08,0926,N,VIIRS,n,2,291.34,22.09,N,0
34.19445,-118.06313,327.88,0.46,0.39,2025-01-08,0926,N,VIIRS,n,2,292.01,22.09,N,0
34.19385,-118.05833,327.52,0.46,0.39,2025-01-08,0926,N,VIIRS,n,2,282.13,2.83,N,0
34.20298,-118.13099,298.49,0.46,0.39,2025-01-08,0926,N,VIIRS,n,2,282.24,20.81,N,0
34.20102,-118.11536,316.42,0.46,0.39,2025-01-08,0926,N,VIIRS,n,2,284.51,18.63,N,0
34.20037,-118.11018,309.19,0.46,0.39,2025-01-08,0926,N,VIIRS,n,2,283.43,3.35,N,0
34.19974,-118.1052,314.45,0.46,0.39,2025-01-08,0926,N,VIIRS,n,2,285.25,3.35,N,0
34.19874,-118.12679,348.66,0.46,0.39,2025-01-08,0926,N,VIIRS,n,2,285.94,5.24,N,0
34.19811,-118.12173,324.32,0.46,0.39,2025-01-08,0926,N,VIIRS,n,2,313.99,82.52,N,0
34.19746,-118.11655,345.75,0.46,0.39,2025-01-08,0926,N,VIIRS,n,2,298.45,82.52,N,0
34.19682,-118.11143,321.2,0.46,0.39,2025-01-08,0926,N,VIIRS,n,2,284.74,26.15,N,0
34.19418,-118.09043,333.72,0.46,0.39,2025-01-08,0926,N,VIIRS,n,2,284.04,2.53,N,0
34.19221,-118.07468,348.83,0.46,0.39,2025-01-08,0926,N,VIIRS,n,2,293.74,12.43,N,0
34.19157,-118.06959,322.81,0.46,0.39,2025-01-08,0926,N,VIIRS,n,2,282.18,2.87,N,0
34.1909,-118.06429,336.1,0.46,0.39,2025-01-08,0926,N,VIIRS,n,2,283.52,2.87,N,0
34.19027,-118.05926,338.84,0.46,0.39,2025-01-08,0926,N,VIIRS,n,2,286.9,28.39,N,0
34.18966,-118.0544,352.72,0.46,0.39,2025-01-08,0926,N,VIIRS,n,2,300.83,28.39,N,0
34.19938,-118.13189,296.51,0.46,0.39,2025-01-08,0926,N,VIIRS,n,2,282.41,5.24,N,0
34.1962,-118.10654,311.61,0.46,0.39,2025-01-08,0926,N,VIIRS,n,2,284.73,26.15,N,0
34.19555,-118.10133,312.43,0.46,0.39,2025-01-08,0926,N,VIIRS,n,2,283.93,1.86,N,0
34.19486,-118.09583,305.27,0.46,0.39,2025-01-08,0926,N,VIIRS,n,2,282.59,1.86,N,0
34.19351,-118.08505,308.34,0.46,0.39,2025-01-08,0926,N,VIIRS,n,2,281,2.53,N,0
34.19284,-118.07975,308.64,0.46,0.39,2025-01-08,0926,N,VIIRS,n,2,280.63,12.43,N,0
34.18906,-118.04973,300.62,0.46,0.39,2025-01-08,0926,N,VIIRS,n,2,280.7,16.15,N,0
34.19515,-118.12769,323.31,0.46,0.39,2025-01-08,0926,N,VIIRS,n,2,284.31,5.24,N,0
34.19452,-118.12267,335.02,0.46,0.39,2025-01-08,0926,N,VIIRS,n,2,311.16,82.52,N,0
34.19388,-118.11758,322.84,0.46,0.39,2025-01-08,0926,N,VIIRS,n,2,310.92,82.52,N,0
34.19324,-118.11248,328.12,0.46,0.39,2025-01-08,0926,N,VIIRS,n,2,313.36,26.15,N,0
34.19263,-118.10755,355.83,0.46,0.39,2025-01-08,0926,N,VIIRS,n,2,292.15,26.15,N,0
34.19199,-118.10247,323.64,0.46,0.39,2025-01-08,0926,N,VIIRS,n,2,284.27,1.86,N,0
34.18671,-118.06038,344.88,0.46,0.39,2025-01-08,0926,N,VIIRS,n,2,288.07,28.39,N,0
34.18608,-118.05534,352.26,0.46,0.39,2025-01-08,0926,N,VIIRS,n,2,321.36,28.39,N,0
34.19578,-118.13274,296.18,0.46,0.39,2025-01-08,0926,N,VIIRS,n,2,282.92,5.24,N,0
34.19132,-118.0971,297.65,0.46,0.39,2025-01-08,0926,N,VIIRS,n,2,283.17,1.86,N,0
34.18998,-118.0864,299.43,0.46,0.39,2025-01-08,0926,N,VIIRS,n,2,281.86,2.53,N,0
34.18867,-118.07595,313.66,0.46,0.39,2025-01-08,0926,N,VIIRS,n,2,282.74,12.43,N,0
34.18801,-118.07075,309.09,0.46,0.39,2025-01-08,0926,N,VIIRS,n,2,281.55,2.87,N,0
34.18736,-118.06553,314.67,0.46,0.39,2025-01-08,0926,N,VIIRS,n,2,283.28,2.87,N,0
34.1855,-118.05072,314.59,0.46,0.39,2025-01-08,0926,N,VIIRS,n,2,288.02,16.15,N,0
34.19092,-118.12349,345.29,0.46,0.39,2025-01-08,0926,N,VIIRS,n,2,290.58,20.09,N,0
34.19029,-118.11845,352.28,0.46,0.39,2025-01-08,0926,N,VIIRS,n,2,296.9,20.09,N,0
34.18966,-118.11343,367,0.46,0.39,2025-01-08,0926,N,VIIRS,h,2,313.03,39.55,N,0
34.18904,-118.10849,342.3,0.46,0.39,2025-01-08,0926,N,VIIRS,n,2,284.67,39.55,N,0
34.18842,-118.10349,325.92,0.46,0.39,2025-01-08,0926,N,VIIRS,n,2,284.74,4.52,N,0
34.18319,-118.06176,323.78,0.46,0.39,2025-01-08,0926,N,VIIRS,n,2,285.25,3.08,N,0
34.18256,-118.05669,339.68,0.46,0.39,2025-01-08,0926,N,VIIRS,n,2,291.52,3.08,N,0
34.18195,-118.0519,355.38,0.46,0.39,2025-01-08,0926,N,VIIRS,n,2,301.04,28.88,N,0
34.18137,-118.04725,341.63,0.46,0.39,2025-01-08,0926,N,VIIRS,n,2,294.42,28.88,N,0
34.19218,-118.13358,299.31,0.46,0.39,2025-01-08,0926,N,VIIRS,n,2,283.49,1.08,N,0
34.19155,-118.12853,302.3,0.46,0.39,2025-01-08,0926,N,VIIRS,n,2,284.44,1.08,N,0
34.18777,-118.0983,299.48,0.46,0.39,2025-01-08,0926,N,VIIRS,n,2,284.33,4.52,N,0
34.18513,-118.07726,298.85,0.46,0.39,2025-01-08,0926,N,VIIRS,n,2,283.13,2.04,N,0
34.18448,-118.07202,299.65,0.46,0.39,2025-01-08,0926,N,VIIRS,n,2,282.06,0.82,N,0
34.18383,-118.06686,304.01,0.46,0.39,2025-01-08,0926,N,VIIRS,n,2,283.48,0.82,N,0
34.18669,-118.1193,333.18,0.46,0.39,2025-01-08,0926,N,VIIRS,n,2,286.17,20.09,N,0
34.18607,-118.1143,352.55,0.46,0.39,2025-01-08,0926,N,VIIRS,n,2,293.2,39.55,N,0
34.18544,-118.10934,322.73,0.46,0.39,2025-01-08,0926,N,VIIRS,n,2,284.83,39.55,N,0
34.18482,-118.10435,367,0.46,0.39,2025-01-08,0926,N,VIIRS,h,2,290.03,4.52,N,0
34.17841,-118.05312,331.42,0.46,0.39,2025-01-08,0926,N,VIIRS,n,2,290.03,28.88,N,0
34.17781,-118.04839,350.82,0.46,0.39,2025-01-08,0926,N,VIIRS,n,2,310.68,28.88,N,0
34.18731,-118.1243,303.82,0.46,0.39,2025-01-08,0926,N,VIIRS,n,2,285.35,20.09,N,0
34.18418,-118.09924,310.79,0.46,0.39,2025-01-08,0926,N,VIIRS,n,2,285.66,4.52,N,0
34.18353,-118.09404,303.86,0.46,0.39,2025-01-08,0926,N,VIIRS,n,2,285.04,1.3,N,0
34.18288,-118.08884,304.08,0.46,0.39,2025-01-08,0926,N,VIIRS,n,2,283.95,1.3,N,0
34.18094,-118.07332,298.82,0.46,0.39,2025-01-08,0926,N,VIIRS,n,2,283.11,0.82,N,0
34.1803,-118.06817,310.4,0.46,0.39,2025-01-08,0926,N,VIIRS,n,2,284.42,0.82,N,0
34.17966,-118.06313,309.46,0.46,0.39,2025-01-08,0926,N,VIIRS,n,2,284.78,3.08,N,0
34.17903,-118.05807,312.97,0.46,0.39,2025-01-08,0926,N,VIIRS,n,2,287.09,3.08,N,0
34.1772,-118.04353,306.51,0.46,0.39,2025-01-08,0926,N,VIIRS,n,2,285.09,5.09,N,0
34.18246,-118.11509,339.24,0.46,0.39,2025-01-08,0926,N,VIIRS,n,2,284.98,3.01,N,0
34.17931,-118.08987,340.05,0.46,0.39,2025-01-08,0926,N,VIIRS,n,2,286.22,2.83,N,0
34.17739,-118.07446,337.59,0.46,0.39,2025-01-08,0926,N,VIIRS,n,2,286.89,25.91,N,0
34.17675,-118.06933,348.08,0.46,0.39,2025-01-08,0926,N,VIIRS,n,2,288.38,25.91,N,0
34.17612,-118.06432,348.52,0.46,0.39,2025-01-08,0926,N,VIIRS,n,2,288.14,17.37,N,0
34.17549,-118.0593,346.57,0.46,0.39,2025-01-08,0926,N,VIIRS,n,2,293.57,17.37,N,0
34.17487,-118.05436,343,0.46,0.39,2025-01-08,0926,N,VIIRS,n,2,289.95,11.77,N,0
34.17426,-118.04953,352.51,0.46,0.39,2025-01-08,0926,N,VIIRS,n,2,301.81,11.77,N,0
34.18308,-118.12006,305.49,0.46,0.39,2025-01-08,0926,N,VIIRS,n,2,284.01,2.29,N,0
34.18184,-118.11012,302.62,0.46,0.39,2025-01-08,0926,N,VIIRS,n,2,284.18,3.01,N,0
34.18121,-118.1051,313.95,0.46,0.39,2025-01-08,0926,N,VIIRS,n,2,284.37,1.76,N,0
34.17996,-118.09506,302.06,0.46,0.39,2025-01-08,0926,N,VIIRS,n,2,284.59,2.83,N,0
34.17868,-118.08479,300.52,0.46,0.39,2025-01-08,0926,N,VIIRS,n,2,283.25,1.75,N,0
34.17366,-118.04471,301.03,0.46,0.39,2025-01-08,0926,N,VIIRS,n,2,283.81,2.74,N,0
34.17636,-118.09592,329.45,0.46,0.39,2025-01-08,0926,N,VIIRS,n,2,285.4,2.83,N,0
34.17381,-118.07546,354.73,0.46,0.39,2025-01-08,0926,N,VIIRS,n,2,291.37,25.91,N,0
34.17318,-118.0704,343.33,0.46,0.39,2025-01-08,0926,N,VIIRS,n,2,306.76,25.91,N,0
34.17256,-118.06541,353.25,0.46,0.39,2025-01-08,0926,N,VIIRS,n,2,292.25,17.37,N,0
34.17194,-118.06045,339.96,0.46,0.39,2025-01-08,0926,N,VIIRS,n,2,286.12,17.37,N,0
34.17132,-118.05549,340.33,0.46,0.39,2025-01-08,0926,N,VIIRS,n,2,286.72,11.77,N,0
34.17071,-118.05064,327.27,0.46,0.39,2025-01-08,0926,N,VIIRS,n,2,285.61,11.77,N,0
34.17699,-118.10091,304.54,0.46,0.39,2025-01-08,0926,N,VIIRS,n,2,284.33,1.76,N,0
34.17572,-118.09079,316.79,0.46,0.39,2025-01-08,0926,N,VIIRS,n,2,284.43,2.83,N,0
34.17445,-118.08054,297.74,0.46,0.39,2025-01-08,0926,N,VIIRS,n,2,283.7,1.75,N,0
34.17276,-118.09669,354.8,0.46,0.39,2025-01-08,0926,N,VIIRS,n,2,295.14,19.71,N,0
34.17022,-118.07635,325.7,0.46,0.39,2025-01-08,0926,N,VIIRS,n,2,284.4,5.89,N,0
34.1696,-118.07137,347.6,0.46,0.39,2025-01-08,0926,N,VIIRS,n,2,287.12,5.89,N,0
34.16774,-118.05647,337.43,0.46,0.39,2025-01-08,0926,N,VIIRS,n,2,284.84,5.89,N,0
34.17338,-118.10165,297.25,0.46,0.39,2025-01-08,0926,N,VIIRS,n,2,284,2.09,N,0
34.17213,-118.09162,315.45,0.46,0.39,2025-01-08,0926,N,VIIRS,n,2,283.72,19.71,N,0
34.17149,-118.0865,298.44,0.46,0.39,2025-01-08,0926,N,VIIRS,n,2,284.08,0.72,N,0
34.17086,-118.08141,305.99,0.46,0.39,2025-01-08,0926,N,VIIRS,n,2,284.22,0.72,N,0
34.16898,-118.06638,308.31,0.46,0.39,2025-01-08,0926,N,VIIRS,n,2,283.69,1.3,N,0
34.16836,-118.06143,296.36,0.46,0.39,2025-01-08,0926,N,VIIRS,n,2,283.61,1.3,N,0
34.16915,-118.0974,341.77,0.46,0.39,2025-01-08,0926,N,VIIRS,n,2,296.88,19.71,N,0
34.16977,-118.10239,297.59,0.46,0.39,2025-01-08,0926,N,VIIRS,n,2,284.4,2.09,N,0
34.16852,-118.09238,317.98,0.46,0.39,2025-01-08,0926,N,VIIRS,n,2,284.25,19.71,N,0
34.1679,-118.08733,305.67,0.46,0.39,2025-01-08,0926,N,VIIRS,n,2,283.93,0.72,N,0
34.16726,-118.08225,297.94,0.46,0.39,2025-01-08,0926,N,VIIRS,n,2,283.74,0.72,N,0
34.16601,-118.07216,296.82,0.46,0.39,2025-01-08,0926,N,VIIRS,n,2,283.58,5.89,N,0
34.16616,-118.10308,328.89,0.46,0.39,2025-01-08,0926,N,VIIRS,n,2,286.91,4.96,N,0
34.16554,-118.09812,327.65,0.46,0.39,2025-01-08,0926,N,VIIRS,n,2,284.93,2.91,N,0
34.16492,-118.09312,298.72,0.46,0.39,2025-01-08,0926,N,VIIRS,n,2,283.27,2.91,N,0
34.1643,-118.08813,302.47,0.46,0.39,2025-01-08,0926,N,VIIRS,n,2,283.27,0.98,N,0
34.16367,-118.08308,307.49,0.46,0.39,2025-01-08,0926,N,VIIRS,n,2,283.8,0.98,N,0
34.15493,-118.19221,304.44,0.47,0.39,2025-01-08,0926,N,VIIRS,n,2,279.96,0.6,N,2
34.15131,-118.19311,295.09,0.47,0.39,2025-01-08,0926,N,VIIRS,n,2,281.09,0.6,N,2
34.15554,-118.19357,298.85,0.47,0.39,2025-01-08,0926,N,VIIRS,n,2,280.27,0.44,N,2
34.15195,-118.19446,300.59,0.47,0.39,2025-01-08,0926,N,VIIRS,n,2,281.17,0.78,N,2
34.08949,-118.53648,296.64,0.48,0.4,2025-01-08,0926,N,VIIRS,n,2,283.67,0.9,N,0
34.08891,-118.53164,297.14,0.48,0.4,2025-01-08,0926,N,VIIRS,n,2,283.91,0.9,N,0
34.03678,-118.10348,298.85,0.46,0.39,2025-01-08,0926,N,VIIRS,n,2,281.35,0.55,N,2
34.08701,-118.54716,296.5,0.48,0.4,2025-01-08,0926,N,VIIRS,n,2,282.56,0.84,N,0
34.0864,-118.54206,308.58,0.48,0.4,2025-01-08,0926,N,VIIRS,n,2,283.49,0.84,N,0
34.08579,-118.53707,317.32,0.48,0.4,2025-01-08,0926,N,VIIRS,n,2,283.71,0.9,N,0
34.0852,-118.53217,315.26,0.48,0.4,2025-01-08,0926,N,VIIRS,n,2,284.23,0.9,N,0
34.0846,-118.52715,310.9,0.48,0.4,2025-01-08,0926,N,VIIRS,n,2,284.4,1.89,N,0
34.09005,-118.52791,297.85,0.48,0.4,2025-01-08,0926,N,VIIRS,n,2,284.29,1.71,N,0
34.03651,-118.10538,300.45,0.46,0.39,2025-01-08,0926,N,VIIRS,n,2,281.46,0.56,N,2
34.0882,-118.54327,301.09,0.48,0.4,2025-01-08,0926,N,VIIRS,n,2,283.52,8.72,N,0
34.08758,-118.53831,312.48,0.48,0.4,2025-01-08,0926,N,VIIRS,n,2,283.76,8.72,N,0
34.08697,-118.53342,308.76,0.48,0.4,2025-01-08,0926,N,VIIRS,n,2,284.28,12.87,N,0
34.08636,-118.52851,316.09,0.48,0.4,2025-01-08,0926,N,VIIRS,n,2,284.86,12.87,N,0
34.08572,-118.52341,299.54,0.48,0.4,2025-01-08,0926,N,VIIRS,n,2,284.57,1.69,N,0
34.08451,-118.54395,320.82,0.48,0.4,2025-01-08,0926,N,VIIRS,n,2,284.34,8.72,N,0
34.08389,-118.53892,346.12,0.48,0.4,2025-01-08,0926,N,VIIRS,n,2,289.04,8.72,N,0
34.08327,-118.53393,334.93,0.48,0.4,2025-01-08,0926,N,VIIRS,n,2,301.72,12.87,N,0
34.08265,-118.52893,348.03,0.48,0.4,2025-01-08,0926,N,VIIRS,n,2,292.27,12.87,N,0
34.08516,-118.5492,303.42,0.48,0.4,2025-01-08,0926,N,VIIRS,n,2,282.76,1.22,N,0
34.08203,-118.524,310.11,0.48,0.4,2025-01-08,0926,N,VIIRS,n,2,285.81,1.69,N,0
34.08141,-118.51903,301.61,0.48,0.4,2025-01-08,0926,N,VIIRS,n,2,284.85,1.69,N,0
34.08077,-118.51385,299.25,0.48,0.4,2025-01-08,0926,N,VIIRS,n,2,284.73,0.92,N,0
34.08013,-118.5087,297.34,0.48,0.4,2025-01-08,0926,N,VIIRS,n,2,283.36,0.92,N,0
34.0815,-118.55001,347.97,0.48,0.4,2025-01-08,0926,N,VIIRS,n,2,304.63,24.63,N,0
34.08083,-118.54464,343.95,0.48,0.4,2025-01-08,0926,N,VIIRS,n,2,331.69,113.95,N,0
34.0802,-118.53956,367,0.48,0.4,2025-01-08,0926,N,VIIRS,h,2,346.22,113.95,N,0
34.07956,-118.53444,367,0.48,0.4,2025-01-08,0926,N,VIIRS,h,2,338.32,248.76,N,0
34.07833,-118.52456,331.77,0.48,0.4,2025-01-08,0926,N,VIIRS,n,2,287.9,19.43,N,0
34.08218,-118.5555,305.18,0.48,0.4,2025-01-08,0926,N,VIIRS,n,2,283.28,24.63,N,0
34.07773,-118.5197,310.63,0.48,0.4,2025-01-08,0926,N,VIIRS,n,2,285.79,19.43,N,0
34.0771,-118.51463,309.37,0.48,0.4,2025-01-08,0926,N,VIIRS,n,2,285.27,25.85,N,0
34.07646,-118.50949,312.9,0.48,0.4,2025-01-08,0926,N,VIIRS,n,2,284.71,25.85,N,0
34.07582,-118.50432,297.02,0.48,0.4,2025-01-08,0926,N,VIIRS,n,2,283.51,0.98,N,0
34.07784,-118.55084,354.29,0.48,0.4,2025-01-08,0926,N,VIIRS,n,2,297.48,24.63,N,0
34.07717,-118.54546,339.03,0.48,0.4,2025-01-08,0926,N,VIIRS,n,2,296.97,113.95,N,0
34.07653,-118.54034,351.85,0.48,0.4,2025-01-08,0926,N,VIIRS,n,2,294.95,113.95,N,0
34.0759,-118.5352,347.8,0.48,0.4,2025-01-08,0926,N,VIIRS,n,2,297.55,248.76,N,0
34.07525,-118.53004,321.67,0.48,0.4,2025-01-08,0926,N,VIIRS,n,2,318.96,248.76,N,0
34.07465,-118.52515,345.53,0.48,0.4,2025-01-08,0926,N,VIIRS,n,2,291.44,19.43,N,0
34.07404,-118.52027,353.28,0.48,0.4,2025-01-08,0926,N,VIIRS,n,2,311.94,19.43,N,0
34.07342,-118.51528,329.56,0.48,0.4,2025-01-08,0926,N,VIIRS,n,2,295.85,25.85,N,0
34.07279,-118.51025,335.82,0.48,0.4,2025-01-08,0926,N,VIIRS,n,2,305.87,25.85,N,0
34.07853,-118.55641,306.85,0.48,0.4,2025-01-08,0926,N,VIIRS,n,2,283.5,24.63,N,0
34.07215,-118.50508,309.23,0.48,0.4,2025-01-08,0926,N,VIIRS,n,2,285.37,0.98,N,0
34.07418,-118.55176,346.75,0.48,0.4,2025-01-08,0926,N,VIIRS,n,2,290.81,5.35,N,0
34.07351,-118.54632,345.22,0.48,0.4,2025-01-08,0926,N,VIIRS,n,2,286.33,3.11,N,0
34.07035,-118.5209,349.24,0.48,0.4,2025-01-08,0926,N,VIIRS,n,2,292.16,5.72,N,0
34.06974,-118.51599,330.02,0.48,0.4,2025-01-08,0926,N,VIIRS,n,2,323.62,95.01,N,0
34.06912,-118.51096,367,0.48,0.4,2025-01-08,0926,N,VIIRS,h,2,351.69,95.01,N,0
34.06848,-118.50579,347.36,0.48,0.4,2025-01-08,0926,N,VIIRS,n,2,296.38,8.01,N,0
34.08436,-118.63413,301.92,0.48,0.4,2025-01-08,0926,N,VIIRS,n,2,281.4,1.66,N,0
34.08374,-118.62909,305.8,0.48,0.4,2025-01-08,0926,N,VIIRS,n,2,281.47,1.84,N,0
34.07487,-118.5573,300.76,0.48,0.4,2025-01-08,0926,N,VIIRS,n,2,283.29,5.35,N,0
34.07287,-118.54117,313.37,0.48,0.4,2025-01-08,0926,N,VIIRS,n,2,285.85,3.11,N,0
34.07223,-118.53605,314.05,0.48,0.4,2025-01-08,0926,N,VIIRS,n,2,285.93,1.36,N,0
34.07159,-118.53083,317.29,0.48,0.4,2025-01-08,0926,N,VIIRS,n,2,285.85,1.36,N,0
34.07096,-118.52579,318.2,0.48,0.4,2025-01-08,0926,N,VIIRS,n,2,286.61,5.72,N,0
34.06784,-118.50066,299.21,0.48,0.4,2025-01-08,0926,N,VIIRS,n,2,284.66,8.01,N,0
34.08064,-118.63467,326.86,0.48,0.4,2025-01-08,0926,N,VIIRS,n,2,281.81,1.66,N,0
34.08,-118.62944,329.21,0.48,0.4,2025-01-08,0926,N,VIIRS,n,2,283.31,1.84,N,0
34.07052,-118.55266,322.96,0.48,0.4,2025-01-08,0926,N,VIIRS,n,2,284.22,5.35,N,0
34.06606,-118.51664,333.64,0.48,0.4,2025-01-08,0926,N,VIIRS,n,2,288.37,95.01,N,0
34.06544,-118.51161,367,0.48,0.4,2025-01-08,0926,N,VIIRS,h,2,295.77,95.01,N,0
34.0648,-118.50647,367,0.48,0.4,2025-01-08,0926,N,VIIRS,h,2,299.49,8.01,N,0
34.08129,-118.63994,302.29,0.49,0.4,2025-01-08,0926,N,VIIRS,n,2,281.21,1.66,N,0
34.07938,-118.62443,302.45,0.48,0.4,2025-01-08,0926,N,VIIRS,n,2,282.03,1.84,N,0
34.07188,-118.56361,302.88,0.48,0.4,2025-01-08,0926,N,VIIRS,n,2,284.33,1.8,N,0
34.07121,-118.5582,303.88,0.48,0.4,2025-01-08,0926,N,VIIRS,n,2,284.12,5.35,N,0
34.06985,-118.54722,314.69,0.48,0.4,2025-01-08,0926,N,VIIRS,n,2,285.63,3.11,N,0
34.06921,-118.54205,304.84,0.48,0.4,2025-01-08,0926,N,VIIRS,n,2,285.19,3.11,N,0
34.06858,-118.53692,306.09,0.48,0.4,2025-01-08,0926,N,VIIRS,n,2,285.95,1.36,N,0
34.06794,-118.53177,309.15,0.48,0.4,2025-01-08,0926,N,VIIRS,n,2,285.62,1.36,N,0
34.06731,-118.5267,309.69,0.48,0.4,2025-01-08,0926,N,VIIRS,n,2,285.46,5.72,N,0
34.06668,-118.52165,316.76,0.48,0.4,2025-01-08,0926,N,VIIRS,n,2,285.99,5.72,N,0
34.06417,-118.50138,315.88,0.48,0.4,2025-01-08,0926,N,VIIRS,n,2,285.83,8.01,N,0
34.07698,-118.6356,367,0.48,0.4,2025-01-08,0926,N,VIIRS,h,2,345.62,181.77,N,0
34.07631,-118.6302,367,0.48,0.4,2025-01-08,0926,N,VIIRS,h,2,338.4,106.96,N,0
34.07568,-118.62505,329.59,0.48,0.4,2025-01-08,0926,N,VIIRS,n,2,284.75,106.96,N,0
34.0714,-118.59026,331.59,0.48,0.4,2025-01-08,0926,N,VIIRS,n,2,288.08,31.75,N,0
34.07075,-118.58499,352.77,0.48,0.4,2025-01-08,0926,N,VIIRS,n,2,316.84,31.75,N,0
34.07005,-118.57931,334.24,0.48,0.4,2025-01-08,0926,N,VIIRS,n,2,305.26,17.95,N,0
34.06942,-118.57419,335.24,0.48,0.4,2025-01-08,0926,N,VIIRS,n,2,287.15,17.95,N,0
34.06879,-118.56909,324,0.48,0.4,2025-01-08,0926,N,VIIRS,n,2,286.26,52.74,N,0
34.06817,-118.56411,348.34,0.48,0.4,2025-01-08,0926,N,VIIRS,n,2,301.25,52.74,N,0
34.06752,-118.55886,341.83,0.48,0.4,2025-01-08,0926,N,VIIRS,n,2,309.27,16.31,N,0
34.06113,-118.50721,340.39,0.48,0.4,2025-01-08,0926,N,VIIRS,n,2,292.02,5.13,N,0
34.0605,-118.50213,323.57,0.48,0.4,2025-01-08,0926,N,VIIRS,n,2,284.97,5.13,N,0
34.07824,-118.64592,298.41,0.49,0.4,2025-01-08,0926,N,VIIRS,n,2,280.85,1.18,N,0
34.07761,-118.64079,319.74,0.49,0.4,2025-01-08,0926,N,VIIRS,n,2,282.53,181.77,N,0
34.07505,-118.61998,300.91,0.48,0.4,2025-01-08,0926,N,VIIRS,n,2,281.02,5.28,N,0
34.07199,-118.5951,301.17,0.48,0.4,2025-01-08,0926,N,VIIRS,n,2,283.9,2.1,N,0
34.06687,-118.55354,311.84,0.48,0.4,2025-01-08,0926,N,VIIRS,n,2,286.98,16.31,N,0
34.0662,-118.5482,304.65,0.48,0.4,2025-01-08,0926,N,VIIRS,n,2,285.2,2.35,N,0
34.06556,-118.54295,308.75,0.48,0.4,2025-01-08,0926,N,VIIRS,n,2,285.64,2.35,N,0
34.06492,-118.53783,305.7,0.48,0.4,2025-01-08,0926,N,VIIRS,n,2,285.59,1.39,N,0
34.06429,-118.53273,305.88,0.48,0.4,2025-01-08,0926,N,VIIRS,n,2,286.26,1.39,N,0
34.06366,-118.52763,307.47,0.48,0.4,2025-01-08,0926,N,VIIRS,n,2,285.64,1.53,N,0
34.06302,-118.52251,312.09,0.48,0.4,2025-01-08,0926,N,VIIRS,n,2,286.37,1.53,N,0
34.0624,-118.51739,317.71,0.48,0.4,2025-01-08,0926,N,VIIRS,n,2,286.48,2.5,N,0
34.06176,-118.51228,317.68,0.48,0.4,2025-01-08,0926,N,VIIRS,n,2,287.86,2.5,N,0
34.07397,-118.64196,330.53,0.49,0.4,2025-01-08,0926,N,VIIRS,n,2,283.58,181.77,N,0
34.07335,-118.63682,367,0.48,0.4,2025-01-08,0926,N,VIIRS,h,2,342.78,181.77,N,0
34.07266,-118.63122,367,0.48,0.4,2025-01-08,0926,N,VIIRS,h,2,341.9,106.96,N,0
34.07199,-118.62581,367,0.48,0.4,2025-01-08,0926,N,VIIRS,h,2,304.31,106.96,N,0
34.07135,-118.62062,351.55,0.48,0.4,2025-01-08,0926,N,VIIRS,n,2,293.96,5.28,N,0
34.07073,-118.61554,325.67,0.48,0.4,2025-01-08,0926,N,VIIRS,n,2,284.3,5.28,N,0
34.06827,-118.59555,335.39,0.48,0.4,2025-01-08,0926,N,VIIRS,n,2,286.23,2.1,N,0
34.06769,-118.59083,347.95,0.48,0.4,2025-01-08,0926,N,VIIRS,n,2,293.61,31.75,N,0
34.06708,-118.58582,348.47,0.48,0.4,2025-01-08,0926,N,VIIRS,n,2,302.11,31.75,N,0
34.06638,-118.58013,341.59,0.48,0.4,2025-01-08,0926,N,VIIRS,n,2,290.15,17.95,N,0
34.06571,-118.57476,340.31,0.48,0.4,2025-01-08,0926,N,VIIRS,n,2,288.24,17.95,N,0
34.06506,-118.56949,343.95,0.48,0.4,2025-01-08,0926,N,VIIRS,n,2,313.77,52.74,N,0
34.06445,-118.5645,339.9,0.48,0.4,2025-01-08,0926,N,VIIRS,n,2,317.18,52.74,N,0
34.06383,-118.55946,347.37,0.48,0.4,2025-01-08,0926,N,VIIRS,n,2,297.65,16.31,N,0
34.06319,-118.55435,331.64,0.48,0.4,2025-01-08,0926,N,VIIRS,n,2,290.37,16.31,N,0
34.06255,-118.54913,334.85,0.48,0.4,2025-01-08,0926,N,VIIRS,n,2,286.75,2.35,N,0
34.06191,-118.5439,333.15,0.48,0.4,2025-01-08,0926,N,VIIRS,n,2,286.71,2.35,N,0
34.06127,-118.53874,321.96,0.48,0.4,2025-01-08,0926,N,VIIRS,n,2,286.27,1.39,N,0
34.05873,-118.51823,329.22,0.48,0.4,2025-01-08,0926,N,VIIRS,n,2,287.7,2.5,N,0
34.05811,-118.51314,327.08,0.48,0.4,2025-01-08,0926,N,VIIRS,n,2,287.66,2.5,N,0
34.05747,-118.50803,333.47,0.48,0.4,2025-01-08,0926,N,VIIRS,n,2,288.91,5.13,N,0
34.07459,-118.64697,304.31,0.49,0.4,2025-01-08,0926,N,VIIRS,n,2,281.71,1.18,N,0
34.07011,-118.61048,311.09,0.48,0.4,2025-01-08,0926,N,VIIRS,n,2,283.09,2.22,N,0
34.06949,-118.60548,316.31,0.48,0.4,2025-01-08,0926,N,VIIRS,n,2,283.91,2.22,N,0
34.06888,-118.60049,302.95,0.48,0.4,2025-01-08,0926,N,VIIRS,n,2,282.71,2.1,N,0
34.06064,-118.53366,312.25,0.48,0.4,2025-01-08,0926,N,VIIRS,n,2,286.01,1.39,N,0
34.06001,-118.52857,314.68,0.48,0.4,2025-01-08,0926,N,VIIRS,n,2,286.38,1.53,N,0
34.05937,-118.52341,319.8,0.48,0.4,2025-01-08,0926,N,VIIRS,n,2,286.18,1.53,N,0
34.05684,-118.50291,311.78,0.48,0.4,2025-01-08,0926,N,VIIRS,n,2,284.89,5.13,N,0
34.07032,-118.64304,332.28,0.49,0.4,2025-01-08,0926,N,VIIRS,n,2,284.38,101.28,N,0
34.06971,-118.63799,341.28,0.48,0.4,2025-01-08,0926,N,VIIRS,n,2,324.04,101.28,N,0
34.06902,-118.63241,332.1,0.48,0.4,2025-01-08,0926,N,VIIRS,n,2,330.85,85.07,N,0
34.06834,-118.62686,353.07,0.48,0.4,2025-01-08,0926,N,VIIRS,n,2,301.75,85.07,N,0
34.0677,-118.6216,353.04,0.48,0.4,2025-01-08,0926,N,VIIRS,n,2,296.79,17.18,N,0
34.06706,-118.61641,355.81,0.48,0.4,2025-01-08,0926,N,VIIRS,n,2,295.51,17.18,N,0
34.06643,-118.61124,346.26,0.48,0.4,2025-01-08,0926,N,VIIRS,n,2,288.58,5.9,N,0
34.0658,-118.60618,328.67,0.48,0.4,2025-01-08,0926,N,VIIRS,n,2,287.82,5.9,N,0
34.06517,-118.60107,339.97,0.48,0.4,2025-01-08,0926,N,VIIRS,n,2,287.82,33.12,N,0
34.06455,-118.59602,326.07,0.48,0.4,2025-01-08,0926,N,VIIRS,n,2,322.61,33.12,N,0
34.06398,-118.59136,332.05,0.48,0.4,2025-01-08,0926,N,VIIRS,n,2,291.25,5.47,N,0
34.06339,-118.58651,345.6,0.48,0.4,2025-01-08,0926,N,VIIRS,n,2,294.9,5.47,N,0
34.05953,-118.55518,341.72,0.48,0.4,2025-01-08,0926,N,VIIRS,n,2,290.29,5.02,N,0
34.0589,-118.55005,344.91,0.48,0.4,2025-01-08,0926,N,VIIRS,n,2,292.41,51.08,N,0
34.05825,-118.54482,344.74,0.48,0.4,2025-01-08,0926,N,VIIRS,n,2,303.86,51.08,N,0
34.05762,-118.53968,353.45,0.48,0.4,2025-01-08,0926,N,VIIRS,n,2,292.99,18.9,N,0
34.05699,-118.53457,332.76,0.48,0.4,2025-01-08,0926,N,VIIRS,n,2,287.27,18.9,N,0
34.05635,-118.52945,329.7,0.48,0.4,2025-01-08,0926,N,VIIRS,n,2,287.16,47.48,N,0
34.05572,-118.52431,352.47,0.48,0.4,2025-01-08,0926,N,VIIRS,n,2,297.43,47.48,N,0
34.05508,-118.51911,351.38,0.48,0.4,2025-01-08,0926,N,VIIRS,n,2,299.55,96.9,N,0
34.05445,-118.51402,347.15,0.48,0.4,2025-01-08,0926,N,VIIRS,n,2,288.9,96.9,N,0
34.0538,-118.5088,349.88,0.48,0.4,2025-01-08,0926,N,VIIRS,n,2,293.4,11.67,N,0
34.05317,-118.50362,329.7,0.48,0.4,2025-01-08,0926,N,VIIRS,n,2,284.73,11.67,N,0
34.07154,-118.65302,297.51,0.49,0.4,2025-01-08,0926,N,VIIRS,n,2,282.12,0.85,N,0
34.07093,-118.64803,308.61,0.49,0.4,2025-01-08,0926,N,VIIRS,n,2,283.26,0.85,N,0
34.06271,-118.58102,310.15,0.48,0.4,2025-01-08,0926,N,VIIRS,n,2,288.31,2.71,N,0
34.06137,-118.57011,309.93,0.48,0.4,2025-01-08,0926,N,VIIRS,n,2,286.22,1.45,N,0
34.06075,-118.56512,309.96,0.48,0.4,2025-01-08,0926,N,VIIRS,n,2,286,1.45,N,0
34.06015,-118.56016,318.14,0.48,0.4,2025-01-08,0926,N,VIIRS,n,2,287.65,5.02,N,0
34.05253,-118.4985,298.15,0.48,0.4,2025-01-08,0926,N,VIIRS,n,2,283.65,2.07,N,0
34.06665,-118.6439,331.88,0.49,0.4,2025-01-08,0926,N,VIIRS,n,2,284.11,101.28,N,0
34.06605,-118.63902,348.96,0.48,0.4,2025-01-08,0926,N,VIIRS,n,2,297.65,101.28,N,0
34.06539,-118.63362,367,0.48,0.4,2025-01-08,0926,N,VIIRS,h,2,324.49,85.07,N,0
34.06471,-118.62805,367,0.48,0.4,2025-01-08,0926,N,VIIRS,h,2,305.54,85.07,N,0
34.06405,-118.62273,350.14,0.48,0.4,2025-01-08,0926,N,VIIRS,n,2,298.66,17.18,N,0
34.06341,-118.61741,354.27,0.48,0.4,2025-01-08,0926,N,VIIRS,n,2,294.49,17.18,N,0
34.06275,-118.61208,349.69,0.48,0.4,2025-01-08,0926,N,VIIRS,n,2,289.17,5.9,N,0
34.06211,-118.60692,321.74,0.48,0.4,2025-01-08,0926,N,VIIRS,n,2,289.75,5.9,N,0
34.06028,-118.5919,331.4,0.48,0.4,2025-01-08,0926,N,VIIRS,n,2,290.93,5.47,N,0
34.0597,-118.58715,342.77,0.48,0.4,2025-01-08,0926,N,VIIRS,n,2,293.22,5.47,N,0
34.05524,-118.55098,346.62,0.48,0.4,2025-01-08,0926,N,VIIRS,n,2,292.96,51.08,N,0
34.0546,-118.54573,367,0.48,0.4,2025-01-08,0926,N,VIIRS,h,2,324.89,51.08,N,0
34.05397,-118.54061,355.58,0.48,0.4,2025-01-08,0926,N,VIIRS,n,2,295.43,18.9,N,0
34.05334,-118.53548,356.08,0.48,0.4,2025-01-08,0926,N,VIIRS,n,2,294.24,18.9,N,0
34.05269,-118.53024,354.2,0.48,0.4,2025-01-08,0926,N,VIIRS,n,2,290.73,47.48,N,0
34.05204,-118.52504,367,0.48,0.4,2025-01-08,0926,N,VIIRS,h,2,342.03,47.48,N,0
34.05077,-118.51472,341.18,0.48,0.4,2025-01-08,0926,N,VIIRS,n,2,310.6,96.9,N,0
34.05014,-118.5096,356.44,0.48,0.4,2025-01-08,0926,N,VIIRS,n,2,290.53,11.67,N,0
34.06789,-118.65405,297.66,0.49,0.4,2025-01-08,0926,N,VIIRS,n,2,282.62,0.85,N,0
34.06726,-118.64894,310.62,0.49,0.4,2025-01-08,0926,N,VIIRS,n,2,282.63,0.85,N,0
34.06148,-118.60175,311.24,0.48,0.4,2025-01-08,0926,N,VIIRS,n,2,285.27,33.12,N,0
34.06086,-118.59663,317.79,0.48,0.4,2025-01-08,0926,N,VIIRS,n,2,285.54,33.12,N,0
34.05904,-118.58189,319.8,0.48,0.4,2025-01-08,0926,N,VIIRS,n,2,290.08,2.71,N,0
34.05709,-118.56603,304.43,0.48,0.4,2025-01-08,0926,N,VIIRS,n,2,286.01,1.45,N,0
34.05648,-118.56104,303.33,0.48,0.4,2025-01-08,0926,N,VIIRS,n,2,284.9,5.02,N,0
34.05587,-118.55606,314.3,0.48,0.4,2025-01-08,0926,N,VIIRS,n,2,286.63,5.02,N,0
34.0495,-118.50439,307.83,0.48,0.4,2025-01-08,0926,N,VIIRS,n,2,284.01,11.67,N,0
34.04886,-118.49922,298.35,0.48,0.4,2025-01-08,0926,N,VIIRS,n,2,282.14,2.07,N,0
34.06296,-118.64465,343.5,0.49,0.4,2025-01-08,0926,N,VIIRS,n,2,285.08,210.78,N,0
34.06238,-118.63994,367,0.48,0.4,2025-01-08,0926,N,VIIRS,h,2,331.92,210.78,N,0
34.06174,-118.63473,339.61,0.48,0.4,2025-01-08,0926,N,VIIRS,n,2,311.45,40.02,N,0
34.06105,-118.62909,352.4,0.48,0.4,2025-01-08,0926,N,VIIRS,n,2,298.37,40.02,N,0
34.06039,-118.62366,353.81,0.48,0.4,2025-01-08,0926,N,VIIRS,n,2,301.64,8.21,N,0
34.05973,-118.61824,351.24,0.48,0.4,2025-01-08,0926,N,VIIRS,n,2,295.71,8.21,N,0
34.05907,-118.61288,339.74,0.48,0.4,2025-01-08,0926,N,VIIRS,n,2,288.81,2.93,N,0
34.05157,-118.55179,343.66,0.48,0.4,2025-01-08,0926,N,VIIRS,n,2,293.42,98.73,N,0
34.0503,-118.54137,367,0.48,0.4,2025-01-08,0926,N,VIIRS,h,2,329.03,76.85,N,0
34.04966,-118.53624,350.2,0.48,0.4,2025-01-08,0926,N,VIIRS,n,2,298.26,76.85,N,0
34.04903,-118.53106,356.15,0.48,0.4,2025-01-08,0926,N,VIIRS,n,2,291.56,163.16,N,0
34.04839,-118.52584,367,0.48,0.4,2025-01-08,0926,N,VIIRS,h,2,359.75,163.16,N,0
34.04711,-118.5155,328.94,0.48,0.4,2025-01-08,0926,N,VIIRS,n,2,316.78,392.59,N,0
34.04648,-118.51039,329.7,0.48,0.4,2025-01-08,0926,N,VIIRS,n,2,286.37,2.79,N,0
34.06423,-118.6551,300.17,0.49,0.4,2025-01-08,0926,N,VIIRS,n,2,283.66,20.55,N,0
34.06359,-118.64988,314.67,0.49,0.4,2025-01-08,0926,N,VIIRS,n,2,282.51,20.55,N,0
34.05844,-118.6077,305.38,0.48,0.4,2025-01-08,0926,N,VIIRS,n,2,284.57,2.93,N,0
34.05719,-118.59748,303.91,0.48,0.4,2025-01-08,0926,N,VIIRS,n,2,284.74,3.12,N,0
34.05659,-118.59261,309.17,0.48,0.4,2025-01-08,0926,N,VIIRS,n,2,286.04,1.71,N,0
34.056,-118.58778,318.27,0.48,0.4,2025-01-08,0926,N,VIIRS,n,2,288.63,1.71,N,0
34.05537,-118.58271,312.35,0.48,0.4,2025-01-08,0926,N,VIIRS,n,2,288.92,1.82,N,0
34.05345,-118.56705,303.14,0.48,0.4,2025-01-08,0926,N,VIIRS,n,2,285.3,1.99,N,0
34.05282,-118.56195,304.88,0.48,0.4,2025-01-08,0926,N,VIIRS,n,2,285.47,2.31,N,0
34.05221,-118.55696,315.16,0.48,0.4,2025-01-08,0926,N,VIIRS,n,2,286.2,2.31,N,0
34.04584,-118.50517,306.31,0.48,0.4,2025-01-08,0926,N,VIIRS,n,2,283.37,2.79,N,0
34.04519,-118.49995,298.92,0.48,0.4,2025-01-08,0926,N,VIIRS,n,2,283.43,1.54,N,0
34.05993,-118.65086,348.64,0.49,0.4,2025-01-08,0926,N,VIIRS,n,2,307.73,20.55,N,0
34.05929,-118.64561,342.99,0.49,0.4,2025-01-08,0926,N,VIIRS,n,2,302.87,210.78,N,0
34.05869,-118.64075,367,0.48,0.4,2025-01-08,0926,N,VIIRS,h,2,353.4,210.78,N,0
34.05807,-118.63569,350.3,0.48,0.4,2025-01-08,0926,N,VIIRS,n,2,307.24,40.02,N,0
34.05738,-118.62997,355.41,0.48,0.4,2025-01-08,0926,N,VIIRS,n,2,300.9,40.02,N,0
34.05671,-118.62444,346.87,0.48,0.4,2025-01-08,0926,N,VIIRS,n,2,296.51,8.21,N,0
34.04979,-118.56799,334.77,0.48,0.4,2025-01-08,0926,N,VIIRS,n,2,286.14,1.99,N,0
34.04853,-118.5577,341.78,0.48,0.4,2025-01-08,0926,N,VIIRS,n,2,288.92,2.31,N,0
34.0479,-118.55259,344.72,0.48,0.4,2025-01-08,0926,N,VIIRS,n,2,288.01,98.73,N,0
34.04726,-118.54736,330.66,0.48,0.4,2025-01-08,0926,N,VIIRS,n,2,313.68,98.73,N,0
34.04663,-118.54218,326.43,0.48,0.4,2025-01-08,0926,N,VIIRS,n,2,320.05,76.85,N,0
34.046,-118.53707,350.32,0.48,0.4,2025-01-08,0926,N,VIIRS,n,2,289.02,76.85,N,0
34.04536,-118.53185,341.85,0.48,0.4,2025-01-08,0926,N,VIIRS,n,2,320.42,163.16,N,0
34.04472,-118.52662,367,0.48,0.4,2025-01-08,0926,N,VIIRS,h,2,338.94,163.16,N,0
34.04344,-118.51627,328.77,0.48,0.4,2025-01-08,0926,N,VIIRS,n,2,312.34,392.59,N,0
34.0428,-118.51108,322.81,0.48,0.4,2025-01-08,0926,N,VIIRS,n,2,285.96,2.79,N,0
34.06057,-118.65611,304.5,0.49,0.4,2025-01-08,0926,N,VIIRS,n,2,284.25,20.55,N,0
34.05604,-118.619,313.91,0.48,0.4,2025-01-08,0926,N,VIIRS,n,2,286.09,8.21,N,0
34.05539,-118.61366,304.93,0.48,0.4,2025-01-08,0926,N,VIIRS,n,2,284.2,2.93,N,0
34.05232,-118.58857,305.11,0.48,0.4,2025-01-08,0926,N,VIIRS,n,2,285.66,1.71,N,0
34.05171,-118.58363,303.98,0.48,0.4,2025-01-08,0926,N,VIIRS,n,2,286.97,1.82,N,0
34.05046,-118.57336,310.53,0.48,0.4,2025-01-08,0926,N,VIIRS,n,2,285.91,1.99,N,0
34.04916,-118.56281,309.75,0.48,0.4,2025-01-08,0926,N,VIIRS,n,2,285.8,2.31,N,0
34.04216,-118.50583,304.72,0.48,0.4,2025-01-08,0926,N,VIIRS,n,2,282.86,2.79,N,0
34.04152,-118.50066,298.61,0.48,0.4,2025-01-08,0926,N,VIIRS,n,2,283.98,1.54,N,0
34.0569,-118.65708,332.44,0.49,0.4,2025-01-08,0926,N,VIIRS,n,2,286.61,29.46,N,0
34.05627,-118.65186,367,0.49,0.4,2025-01-08,0926,N,VIIRS,h,2,297.82,29.46,N,0
34.05562,-118.64659,367,0.49,0.4,2025-01-08,0926,N,VIIRS,h,2,297.65,39.4,N,0
34.05502,-118.64162,355.49,0.48,0.4,2025-01-08,0926,N,VIIRS,n,2,299.61,39.4,N,0
34.05441,-118.6366,367,0.48,0.4,2025-01-08,0926,N,VIIRS,h,2,300.64,12.29,N,0
34.05371,-118.63087,344.51,0.48,0.4,2025-01-08,0926,N,VIIRS,n,2,291.92,12.29,N,0
34.05303,-118.62529,325.69,0.48,0.4,2025-01-08,0926,N,VIIRS,n,2,288.69,2.63,N,0
34.04681,-118.57435,352.35,0.48,0.4,2025-01-08,0926,N,VIIRS,n,2,300.34,42.03,N,0
34.04616,-118.56909,339.09,0.48,0.4,2025-01-08,0926,N,VIIRS,n,2,298.07,42.03,N,0
34.04551,-118.56385,349.99,0.48,0.4,2025-01-08,0926,N,VIIRS,n,2,290.08,21.94,N,0
34.04488,-118.55865,343.96,0.48,0.4,2025-01-08,0926,N,VIIRS,n,2,287.3,21.94,N,0
34.04424,-118.55349,341.99,0.48,0.4,2025-01-08,0926,N,VIIRS,n,2,289.11,23.92,N,0
34.04361,-118.54825,367,0.48,0.4,2025-01-08,0926,N,VIIRS,h,2,294.72,23.92,N,0
34.04296,-118.54305,335.39,0.48,0.4,2025-01-08,0926,N,VIIRS,n,2,306.03,46.01,N,0
34.04232,-118.53783,353.63,0.48,0.4,2025-01-08,0926,N,VIIRS,n,2,305.03,46.01,N,0
34.04169,-118.53265,335.89,0.48,0.4,2025-01-08,0926,N,VIIRS,n,2,325.49,130.19,N,0
34.04104,-118.52736,367,0.48,0.4,2025-01-08,0926,N,VIIRS,h,2,334.26,130.19,N,0
34.0404,-118.52213,367,0.48,0.4,2025-01-08,0926,N,VIIRS,h,2,347.8,76.72,N,0
34.03976,-118.51694,336.82,0.48,0.4,2025-01-08,0926,N,VIIRS,n,2,291.17,76.72,N,0
34.05237,-118.61987,319.32,0.48,0.4,2025-01-08,0926,N,VIIRS,n,2,287.36,2.63,N,0
34.05173,-118.61464,302.54,0.48,0.4,2025-01-08,0926,N,VIIRS,n,2,284.67,2.34,N,0
34.04803,-118.58442,305.65,0.48,0.4,2025-01-08,0926,N,VIIRS,n,2,286.33,7.59,N,0
34.04742,-118.57944,314.28,0.48,0.4,2025-01-08,0926,N,VIIRS,n,2,287.41,7.59,N,0
34.03913,-118.5118,315.9,0.48,0.4,2025-01-08,0926,N,VIIRS,n,2,285.56,1.31,N,0
34.03848,-118.50654,302.95,0.48,0.4,2025-01-08,0926,N,VIIRS,n,2,284.64,1.31,N,0
34.05323,-118.65807,337.7,0.49,0.4,2025-01-08,0926,N,VIIRS,n,2,293.14,29.46,N,0
34.0526,-118.65285,342.9,0.49,0.4,2025-01-08,0926,N,VIIRS,n,2,308.3,29.46,N,0
34.05196,-118.6476,349.11,0.49,0.4,2025-01-08,0926,N,VIIRS,n,2,303.14,39.4,N,0
34.05134,-118.64249,343.39,0.48,0.4,2025-01-08,0926,N,VIIRS,n,2,304.6,39.4,N,0
34.05073,-118.63746,367,0.48,0.4,2025-01-08,0926,N,VIIRS,h,2,297.88,12.29,N,0
34.05004,-118.63181,330.16,0.48,0.4,2025-01-08,0926,N,VIIRS,n,2,289.07,12.29,N,0
34.04377,-118.58036,335.9,0.48,0.4,2025-01-08,0926,N,VIIRS,n,2,291.09,7.59,N,0
34.04313,-118.57514,326.5,0.48,0.4,2025-01-08,0926,N,VIIRS,n,2,316.27,42.03,N,0
34.04248,-118.5699,341.48,0.48,0.4,2025-01-08,0926,N,VIIRS,n,2,292.29,42.03,N,0
34.04185,-118.5647,351.21,0.48,0.4,2025-01-08,0926,N,VIIRS,n,2,302.99,21.94,N,0
34.04121,-118.5595,353.26,0.48,0.4,2025-01-08,0926,N,VIIRS,n,2,292.64,21.94,N,0
34.04058,-118.55431,352.74,0.48,0.4,2025-01-08,0926,N,VIIRS,n,2,290.85,23.92,N,0
34.0393,-118.54389,348.01,0.48,0.4,2025-01-08,0926,N,VIIRS,n,2,292.25,46.01,N,0
34.03867,-118.53867,355.27,0.48,0.4,2025-01-08,0926,N,VIIRS,n,2,295.04,46.01,N,0
34.03801,-118.53332,343.93,0.48,0.4,2025-01-08,0926,N,VIIRS,n,2,313.7,130.19,N,0
34.03736,-118.52803,367,0.48,0.4,2025-01-08,0926,N,VIIRS,h,2,348.65,130.19,N,0
34.03672,-118.52285,330.45,0.48,0.4,2025-01-08,0926,N,VIIRS,n,2,303.49,76.72,N,0
34.03609,-118.51768,328.51,0.48,0.4,2025-01-08,0926,N,VIIRS,n,2,287.06,76.72,N,0
34.05386,-118.66319,300.97,0.49,0.4,2025-01-08,0926,N,VIIRS,n,2,284.33,1.42,N,0
34.04937,-118.62626,315.45,0.48,0.4,2025-01-08,0926,N,VIIRS,n,2,286.35,2.63,N,0
34.04871,-118.6209,319.85,0.48,0.4,2025-01-08,0926,N,VIIRS,n,2,287.06,2.63,N,0
34.04808,-118.61572,307.43,0.48,0.4,2025-01-08,0926,N,VIIRS,n,2,285.82,2.34,N,0
34.04437,-118.58535,302.39,0.48,0.4,2025-01-08,0926,N,VIIRS,n,2,285.19,7.59,N,0
34.03545,-118.51253,307.78,0.48,0.4,2025-01-08,0926,N,VIIRS,n,2,285.19,1.31,N,0
34.03481,-118.50726,300.11,0.48,0.4,2025-01-08,0926,N,VIIRS,n,2,284.27,1.31,N,0
34.04958,-118.65911,340.18,0.49,0.4,2025-01-08,0926,N,VIIRS,n,2,286.57,59.28,N,0
34.04895,-118.65399,356.06,0.49,0.4,2025-01-08,0926,N,VIIRS,n,2,294.92,59.28,N,0
34.04829,-118.64855,356.64,0.49,0.4,2025-01-08,0926,N,VIIRS,n,2,296.25,32.32,N,0
34.04767,-118.6434,367,0.48,0.4,2025-01-08,0926,N,VIIRS,h,2,297.48,32.32,N,0
34.04705,-118.63835,367,0.48,0.4,2025-01-08,0926,N,VIIRS,h,2,297.6,21.65,N,0
34.04638,-118.63282,340.94,0.48,0.4,2025-01-08,0926,N,VIIRS,n,2,290.84,21.65,N,0
34.04571,-118.62726,333.21,0.48,0.4,2025-01-08,0926,N,VIIRS,n,2,286.9,21.25,N,0
34.04506,-118.62197,352.27,0.48,0.4,2025-01-08,0926,N,VIIRS,n,2,302.6,21.25,N,0
34.04443,-118.61678,328.56,0.48,0.4,2025-01-08,0926,N,VIIRS,n,2,287.18,18.11,N,0
34.04134,-118.59144,348.71,0.48,0.4,2025-01-08,0926,N,VIIRS,n,2,291.06,4.9,N,0
34.04072,-118.58632,343.96,0.48,0.4,2025-01-08,0926,N,VIIRS,n,2,289.64,28.33,N,0
34.03946,-118.57599,347.77,0.48,0.4,2025-01-08,0926,N,VIIRS,n,2,287.13,5.93,N,3
34.03754,-118.56033,321.19,0.48,0.4,2025-01-08,0926,N,VIIRS,n,2,284.4,2.42,N,0
34.03499,-118.53945,320.37,0.48,0.4,2025-01-08,0926,N,VIIRS,n,2,285.37,1.36,N,3
34.03369,-118.52883,352.05,0.48,0.4,2025-01-08,0926,N,VIIRS,n,2,298.35,45.27,N,0
34.03305,-118.52362,344.33,0.48,0.4,2025-01-08,0926,N,VIIRS,n,2,289.3,2.82,N,0
34.05019,-118.66421,306.88,0.49,0.4,2025-01-08,0926,N,VIIRS,n,2,284.74,9.6,N,0
34.04381,-118.61164,306.88,0.48,0.4,2025-01-08,0926,N,VIIRS,n,2,285.72,18.11,N,0
34.04196,-118.59653,314.3,0.48,0.4,2025-01-08,0926,N,VIIRS,n,2,286.85,4.9,N,0
34.03882,-118.57079,306.65,0.48,0.4,2025-01-08,0926,N,VIIRS,n,2,284.45,5.93,N,3
34.03818,-118.56557,307.63,0.48,0.4,2025-01-08,0926,N,VIIRS,n,2,284.27,2.42,N,3
34.03691,-118.55511,318.27,0.48,0.4,2025-01-08,0926,N,VIIRS,n,2,284.33,1.16,N,3
34.03627,-118.5499,312.32,0.48,0.4,2025-01-08,0926,N,VIIRS,n,2,285.14,1.16,N,3
34.03563,-118.54468,311.75,0.48,0.4,2025-01-08,0926,N,VIIRS,n,2,285.2,1.36,N,3
34.03242,-118.51849,309.69,0.48,0.4,2025-01-08,0926,N,VIIRS,n,2,285.88,2.82,N,0
34.03178,-118.51325,301.36,0.48,0.4,2025-01-08,0926,N,VIIRS,n,2,284.85,1.9,N,0
34.04654,-118.66531,332.28,0.49,0.4,2025-01-08,0926,N,VIIRS,n,2,285.46,9.6,N,0
34.04589,-118.66,367,0.49,0.4,2025-01-08,0926,N,VIIRS,h,2,339.71,59.28,N,0
34.04528,-118.65491,356.76,0.49,0.4,2025-01-08,0926,N,VIIRS,n,2,298.15,59.28,N,0
34.04464,-118.64958,358.04,0.49,0.4,2025-01-08,0926,N,VIIRS,n,2,299.16,32.32,N,0
34.04398,-118.64421,351.34,0.48,0.4,2025-01-08,0926,N,VIIRS,n,2,304.41,32.32,N,0
34.04336,-118.6391,352.01,0.48,0.4,2025-01-08,0926,N,VIIRS,n,2,302.8,21.65,N,0
34.04271,-118.63368,352.47,0.48,0.4,2025-01-08,0926,N,VIIRS,n,2,291.51,21.65,N,0
34.04207,-118.62847,339.19,0.48,0.4,2025-01-08,0926,N,VIIRS,n,2,288.72,21.25,N,0
34.04144,-118.62321,367,0.48,0.4,2025-01-08,0926,N,VIIRS,h,2,292.32,21.25,N,0
34.0408,-118.61803,357.24,0.48,0.4,2025-01-08,0926,N,VIIRS,n,2,303.63,18.11,N,0
34.04018,-118.61286,350.7,0.48,0.4,2025-01-08,0926,N,VIIRS,n,2,296.36,18.11,N,0
34.03955,-118.60778,325.71,0.48,0.4,2025-01-08,0926,N,VIIRS,n,2,286.69,3.39,N,3
34.03893,-118.60265,321.46,0.48,0.4,2025-01-08,0926,N,VIIRS,n,2,285.03,3.39,N,3
34.03768,-118.59234,335.19,0.48,0.4,2025-01-08,0926,N,VIIRS,n,2,284.81,4.9,N,3
34.02939,-118.52447,321.43,0.48,0.4,2025-01-08,0926,N,VIIRS,n,2,285.16,2.82,N,0
34.04716,-118.67046,297.09,0.49,0.4,2025-01-08,0926,N,VIIRS,n,2,283.66,9.6,N,0
34.03831,-118.59752,319.95,0.48,0.4,2025-01-08,0926,N,VIIRS,n,2,284.95,4.9,N,3
34.03323,-118.55583,300.52,0.48,0.4,2025-01-08,0926,N,VIIRS,n,2,284.03,1.16,N,3
34.03259,-118.55061,301.33,0.48,0.4,2025-01-08,0926,N,VIIRS,n,2,284.33,1.16,N,3
34.03195,-118.54539,302.63,0.48,0.4,2025-01-08,0926,N,VIIRS,n,2,284.68,1.36,N,3
34.03131,-118.54018,304.96,0.48,0.4,2025-01-08,0926,N,VIIRS,n,2,284.44,1.36,N,3
34.02876,-118.51922,300.53,0.48,0.4,2025-01-08,0926,N,VIIRS,n,2,284.71,2.82,N,0
34.04286,-118.66621,332.71,0.49,0.4,2025-01-08,0926,N,VIIRS,n,2,285.16,4,N,0
34.04223,-118.66104,341.19,0.49,0.4,2025-01-08,0926,N,VIIRS,n,2,312.02,56.9,N,0
34.04161,-118.65589,333.46,0.49,0.4,2025-01-08,0926,N,VIIRS,n,2,311.54,56.9,N,0
34.04097,-118.65062,356.02,0.49,0.4,2025-01-08,0926,N,VIIRS,n,2,298.55,89.33,N,0
34.04033,-118.64528,348.69,0.48,0.4,2025-01-08,0926,N,VIIRS,n,2,304.6,89.33,N,0
34.0397,-118.6401,338.94,0.48,0.4,2025-01-08,0926,N,VIIRS,n,2,307.66,70.27,N,0
34.03906,-118.6348,336.43,0.48,0.4,2025-01-08,0926,N,VIIRS,n,2,293.09,70.27,N,0
34.03841,-118.62949,367,0.48,0.4,2025-01-08,0926,N,VIIRS,h,2,295.79,8.75,N,0
34.0378,-118.62444,345.49,0.48,0.4,2025-01-08,0926,N,VIIRS,n,2,288.76,8.75,N,0
34.03717,-118.6192,367,0.48,0.4,2025-01-08,0926,N,VIIRS,h,2,289.67,10.74,N,3
34.03652,-118.6139,367,0.48,0.4,2025-01-08,0926,N,VIIRS,h,2,294.14,10.74,N,3
34.03589,-118.60872,344.66,0.48,0.4,2025-01-08,0926,N,VIIRS,n,2,288.03,9.35,N,3
34.04348,-118.67131,298.72,0.49,0.4,2025-01-08,0926,N,VIIRS,n,2,284.63,4,N,0
34.03919,-118.66718,329.44,0.49,0.4,2025-01-08,0926,N,VIIRS,n,2,283.79,4,N,3
34.03856,-118.66197,356.01,0.49,0.4,2025-01-08,0926,N,VIIRS,n,2,285.84,56.9,N,0
34.03793,-118.65681,367,0.49,0.4,2025-01-08,0926,N,VIIRS,h,2,291.63,56.9,N,0
34.03474,-118.63044,324.66,0.48,0.4,2025-01-08,0926,N,VIIRS,n,2,283.93,8.75,N,3
34.03982,-118.67241,298.21,0.49,0.4,2025-01-08,0926,N,VIIRS,n,2,284.5,4,N,0
34.03411,-118.62518,306.54,0.48,0.4,2025-01-08,0926,N,VIIRS,n,2,283.48,8.75,N,3
34.03346,-118.61986,304.14,0.48,0.4,2025-01-08,0926,N,VIIRS,n,2,283.14,10.74,N,3
34.03285,-118.61476,301.86,0.48,0.4,2025-01-08,0926,N,VIIRS,n,2,283.06,10.74,N,3
34.03424,-118.65755,320.75,0.49,0.4,2025-01-08,0926,N,VIIRS,n,2,283.87,1.47,N,3
34.03551,-118.66811,303.87,0.49,0.4,2025-01-08,0926,N,VIIRS,n,2,283.37,2.02,N,3
34.03488,-118.66283,316.36,0.49,0.4,2025-01-08,0926,N,VIIRS,n,2,283.49,1.47,N,3
34.0336,-118.65227,319.16,0.49,0.4,2025-01-08,0926,N,VIIRS,n,2,284.77,1.41,N,3
34.03296,-118.64701,314.1,0.48,0.4,2025-01-08,0926,N,VIIRS,n,2,284.37,1.41,N,3
34.03233,-118.64175,311.84,0.48,0.4,2025-01-08,0926,N,VIIRS,n,2,283.88,1.02,N,3
34.0317,-118.63651,306.24,0.48,0.4,2025-01-08,0926,N,VIIRS,n,2,283.53,1.02,N,3
34.03117,-118.66353,299.26,0.49,0.4,2025-01-08,0926,N,VIIRS,n,2,283.57,1.47,N,3
34.03054,-118.65826,301.37,0.49,0.4,2025-01-08,0926,N,VIIRS,n,2,283.9,1.47,N,3
34.0299,-118.65297,301.57,0.49,0.4,2025-01-08,0926,N,VIIRS,n,2,284.25,1.41,N,3
34.02927,-118.6477,300.62,0.48,0.4,2025-01-08,0926,N,VIIRS,n,2,283.85,1.41,N,3
34.02863,-118.64242,300.37,0.48,0.4,2025-01-08,0926,N,VIIRS,n,2,283.57,1.02,N,3
34.028,-118.63716,297.52,0.48,0.4,2025-01-08,0926,N,VIIRS,n,2,283.22,1.02,N,3
33.79611,-117.47627,301.21,0.43,0.38,2025-01-08,0926,N,VIIRS,n,2,280.6,0.36,N,2
33.7926,-117.47701,299.32,0.43,0.38,2025-01-08,0926,N,VIIRS,n,2,280.4,0.47,N,2
33.85366,-118.33129,302.06,0.47,0.4,2025-01-08,0926,N,VIIRS,n,2,288.89,0.83,N,2
33.85433,-118.33374,302.22,0.47,0.4,2025-01-08,0926,N,VIIRS,n,2,289.24,1.38,N,2
33.82032,-118.24179,299.24,0.46,0.39,2025-01-08,0926,N,VIIRS,n,2,287.33,0.68,N,2
33.81605,-118.23743,297.74,0.46,0.39,2025-01-08,0926,N,VIIRS,n,2,285.67,0.68,N,2
33.71505,-117.70864,298.74,0.44,0.39,2025-01-08,0926,N,VIIRS,n,2,283.63,0.44,N,2
33.61511,-117.82249,307.29,0.45,0.39,2025-01-08,0926,N,VIIRS,n,2,283.2,0.58,N,2
33.61156,-117.82314,295.42,0.45,0.39,2025-01-08,0926,N,VIIRS,n,2,282.87,0.58,N,2
33.49154,-117.61887,306.12,0.44,0.38,2025-01-08,0926,N,VIIRS,n,2,282.12,0.86,N,2
32.85863,-117.02671,306.42,0.41,0.37,2025-01-08,0926,N,VIIRS,n,2,280.21,0.49,N,2
32.85729,-117.14567,301.96,0.42,0.37,2025-01-08,0926,N,VIIRS,n,2,277.96,0.3,N,2
32.43742,-117.07794,297.87,0.41,0.37,2025-01-08,0926,N,VIIRS,n,2,280.45,0.51,N,0
32.3733,-117.0663,307.27,0.41,0.37,2025-01-08,0926,N,VIIRS,n,2,281.54,0.49,N,2
32.00273,-116.85965,344.58,0.4,0.37,2025-01-08,2044,N,VIIRS,n,2,301.06,4.57,D,0
32.49386,-116.83377,335.22,0.39,0.36,2025-01-08,2044,N,VIIRS,n,2,300.28,2.93,D,0
32.4972,-116.83446,334.09,0.39,0.36,2025-01-08,2044,N,VIIRS,n,2,308.48,42.71,D,0
32.51215,-116.9332,331.53,0.39,0.37,2025-01-08,2044,N,VIIRS,n,2,294.25,2.11,D,0
34.01961,-117.37473,334.35,0.39,0.37,2025-01-08,2045,N,VIIRS,n,2,292.69,6.88,D,0
34.03274,-118.52003,333.94,0.42,0.38,2025-01-08,2045,N,VIIRS,n,2,293.06,2.46,D,0
34.03695,-118.51631,342.1,0.42,0.38,2025-01-08,2045,N,VIIRS,n,2,297.05,21.43,D,0
34.03617,-118.52081,330.78,0.42,0.38,2025-01-08,2045,N,VIIRS,n,2,294.1,9.78,D,0
34.03539,-118.52527,347.65,0.42,0.38,2025-01-08,2045,N,VIIRS,n,2,300.57,9.78,D,0
34.03959,-118.5216,353.07,0.42,0.38,2025-01-08,2045,N,VIIRS,n,2,304.23,9.78,D,0
34.03881,-118.52608,346.3,0.42,0.38,2025-01-08,2045,N,VIIRS,n,2,298.6,9.78,D,0
34.03802,-118.53062,345.87,0.42,0.38,2025-01-08,2045,N,VIIRS,n,2,300.09,7.37,D,0
34.04222,-118.52691,367,0.42,0.38,2025-01-08,2045,N,VIIRS,h,2,305.23,23.53,D,0
34.0438,-118.51792,354.08,0.42,0.38,2025-01-08,2045,N,VIIRS,n,2,303.72,15.58,D,0
34.04301,-118.5224,349.02,0.42,0.38,2025-01-08,2045,N,VIIRS,n,2,300.5,23.53,D,0
34.04144,-118.53142,343.35,0.42,0.38,2025-01-08,2045,N,VIIRS,n,2,297.94,46.92,D,0
34.04065,-118.53595,347.06,0.42,0.38,2025-01-08,2045,N,VIIRS,n,2,305.27,46.92,D,0
34.03985,-118.5405,352.71,0.42,0.38,2025-01-08,2045,N,VIIRS,n,2,297.74,66.17,D,0
34.03907,-118.545,338.49,0.42,0.38,2025-01-08,2045,N,VIIRS,n,2,294.1,66.17,D,0
34.04406,-118.53679,367,0.42,0.38,2025-01-08,2045,N,VIIRS,h,2,345.9,46.92,D,0
34.04877,-118.5098,342.34,0.42,0.38,2025-01-08,2045,N,VIIRS,n,2,293.5,4.65,D,0
34.04799,-118.51429,340.71,0.42,0.38,2025-01-08,2045,N,VIIRS,n,2,296.33,15.58,D,0
34.04721,-118.51877,354.38,0.42,0.38,2025-01-08,2045,N,VIIRS,n,2,312.93,15.58,D,0
34.04643,-118.52323,350.8,0.42,0.38,2025-01-08,2045,N,VIIRS,n,2,307.07,23.53,D,0
34.04564,-118.52776,342.83,0.42,0.38,2025-01-08,2045,N,VIIRS,n,2,310.78,23.53,D,0
34.04486,-118.53225,341.86,0.42,0.38,2025-01-08,2045,N,VIIRS,n,2,295.01,46.92,D,0
34.04091,-118.55485,354.96,0.42,0.38,2025-01-08,2045,N,VIIRS,n,2,297.78,48.46,D,0
34.0417,-118.55034,367,0.42,0.38,2025-01-08,2045,N,VIIRS,l,2,331.03,48.46,D,0
34.04749,-118.53755,367,0.42,0.38,2025-01-08,2045,N,VIIRS,h,2,333.86,74.91,D,0
34.05297,-118.50609,337.97,0.42,0.38,2025-01-08,2045,N,VIIRS,n,2,294.41,8.19,D,0
34.05064,-118.51953,354.36,0.42,0.38,2025-01-08,2045,N,VIIRS,n,2,303.72,13.39,D,0
34.04985,-118.524,356.14,0.42,0.38,2025-01-08,2045,N,VIIRS,n,2,304.34,5.9,D,0
34.04907,-118.52853,342.09,0.42,0.38,2025-01-08,2045,N,VIIRS,n,2,295.55,5.9,D,0
34.04671,-118.54202,348.69,0.42,0.38,2025-01-08,2045,N,VIIRS,n,2,312.97,67.55,D,0
34.04514,-118.55106,344.07,0.42,0.38,2025-01-08,2045,N,VIIRS,n,2,302.17,37.54,D,0
34.03883,-118.58715,333.61,0.42,0.38,2025-01-08,2045,N,VIIRS,n,2,291.16,2.62,D,0
34.04593,-118.54655,321.62,0.42,0.38,2025-01-08,2045,N,VIIRS,l,2,321.93,67.55,D,0
34.05328,-118.5248,342.59,0.42,0.38,2025-01-08,2045,N,VIIRS,n,2,297.38,5.9,D,0
34.05092,-118.53835,347.63,0.42,0.38,2025-01-08,2045,N,VIIRS,n,2,303.43,74.91,D,0
34.04936,-118.54732,353.86,0.42,0.38,2025-01-08,2045,N,VIIRS,n,2,300.85,67.55,D,0
34.05358,-118.54355,348.11,0.42,0.38,2025-01-08,2045,N,VIIRS,n,2,297.71,49.84,D,0
34.04102,-118.61552,335.93,0.42,0.38,2025-01-08,2045,N,VIIRS,n,2,297.71,5.12,D,0
34.03698,-118.63854,342.72,0.42,0.38,2025-01-08,2045,N,VIIRS,n,2,296.23,4.66,D,3
34.06479,-118.49955,333.13,0.42,0.37,2025-01-08,2045,N,VIIRS,n,2,297.92,15.15,D,0
34.04043,-118.63929,336.86,0.42,0.38,2025-01-08,2045,N,VIIRS,n,2,298,4.66,D,0
34.03965,-118.64378,355.97,0.42,0.38,2025-01-08,2045,N,VIIRS,n,2,303.12,10.55,D,0
34.03803,-118.65298,346.59,0.42,0.38,2025-01-08,2045,N,VIIRS,n,2,293.86,2.32,D,0
34.06744,-118.50479,338.35,0.42,0.37,2025-01-08,2045,N,VIIRS,n,2,295.59,6.64,D,0
34.04309,-118.64451,335.1,0.42,0.38,2025-01-08,2045,N,VIIRS,n,2,296.18,3.49,D,0
34.06653,-118.55102,343.03,0.42,0.38,2025-01-08,2045,N,VIIRS,n,2,297.6,39.39,D,0
34.07614,-118.51614,339.57,0.42,0.38,2025-01-08,2045,N,VIIRS,n,2,302.81,41.56,D,0
34.06996,-118.55177,347.46,0.42,0.38,2025-01-08,2045,N,VIIRS,n,2,313.81,39.39,D,0
34.06835,-118.56104,350.87,0.42,0.38,2025-01-08,2045,N,VIIRS,n,2,303.3,40.05,D,0
34.06759,-118.56539,351.3,0.42,0.38,2025-01-08,2045,N,VIIRS,n,2,309.34,9.84,D,0
34.07692,-118.5117,367,0.42,0.38,2025-01-08,2045,N,VIIRS,l,2,330.14,41.56,D,0
34.08033,-118.51248,346.57,0.42,0.38,2025-01-08,2045,N,VIIRS,n,2,302.04,63.75,D,0
34.0788,-118.52136,353.29,0.42,0.38,2025-01-08,2045,N,VIIRS,n,2,299.73,84.45,D,0
34.07806,-118.52561,351.37,0.42,0.38,2025-01-08,2045,N,VIIRS,n,2,316.91,84.45,D,0
34.0742,-118.54787,350.69,0.42,0.38,2025-01-08,2045,N,VIIRS,n,2,296.43,14.75,D,0
34.07339,-118.55254,350.76,0.42,0.38,2025-01-08,2045,N,VIIRS,n,2,297.84,14.75,D,0
34.07177,-118.56189,352.75,0.42,0.38,2025-01-08,2045,N,VIIRS,n,2,297.14,39.37,D,0
34.071,-118.56632,350.82,0.42,0.38,2025-01-08,2045,N,VIIRS,n,2,302.09,35.24,D,0
34.07956,-118.51697,367,0.42,0.38,2025-01-08,2045,N,VIIRS,l,2,330.29,63.75,D,0
34.08146,-118.5265,367,0.42,0.38,2025-01-08,2045,N,VIIRS,h,2,353.31,84.45,D,0
34.07365,-118.57158,367,0.42,0.38,2025-01-08,2045,N,VIIRS,h,2,331.07,35.24,D,0
34.08072,-118.53079,352.83,0.42,0.38,2025-01-08,2045,N,VIIRS,n,2,304.42,22.5,D,0
34.07763,-118.54863,344.12,0.42,0.38,2025-01-08,2045,N,VIIRS,n,2,299.94,14.75,D,0
34.07682,-118.5533,347.28,0.42,0.38,2025-01-08,2045,N,VIIRS,n,2,298.96,14.75,D,0
34.076,-118.55803,349.29,0.42,0.38,2025-01-08,2045,N,VIIRS,n,2,309.46,39.37,D,0
34.07518,-118.56273,341.19,0.42,0.38,2025-01-08,2045,N,VIIRS,n,2,291.09,39.37,D,0
34.07441,-118.56719,354.09,0.42,0.38,2025-01-08,2045,N,VIIRS,n,2,302.62,35.24,D,0
34.06977,-118.59389,344.73,0.42,0.38,2025-01-08,2045,N,VIIRS,n,2,307.77,8.62,D,0
34.06903,-118.59814,354.52,0.42,0.38,2025-01-08,2045,N,VIIRS,n,2,302.19,8.62,D,0
34.05957,-118.65249,344.68,0.42,0.38,2025-01-08,2045,N,VIIRS,n,2,297.91,9.78,D,0
34.07632,-118.57674,367,0.42,0.38,2025-01-08,2045,N,VIIRS,h,2,347.41,67.63,D,0
34.07472,-118.58594,367,0.42,0.38,2025-01-08,2045,N,VIIRS,h,2,318.9,37.87,D,0
34.07394,-118.59045,367,0.42,0.38,2025-01-08,2045,N,VIIRS,h,2,314.22,37.87,D,0
34.07942,-118.55885,350.37,0.42,0.38,2025-01-08,2045,N,VIIRS,n,2,300.46,44.31,D,0
34.07861,-118.56353,338.74,0.42,0.38,2025-01-08,2045,N,VIIRS,n,2,298.07,44.31,D,0
34.07554,-118.58122,354.42,0.42,0.38,2025-01-08,2045,N,VIIRS,n,2,306.99,67.63,D,0
34.07017,-118.6121,338.42,0.42,0.38,2025-01-08,2045,N,VIIRS,n,2,292.41,20.73,D,0
34.0646,-118.64409,337.48,0.42,0.38,2025-01-08,2045,N,VIIRS,n,2,296.85,4.78,D,0
34.06382,-118.64857,340.21,0.42,0.38,2025-01-08,2045,N,VIIRS,n,2,298.05,4.35,D,0
34.08487,-118.5274,367,0.42,0.38,2025-01-08,2045,N,VIIRS,l,2,334.04,207.27,D,0
34.08411,-118.53173,367,0.42,0.38,2025-01-08,2045,N,VIIRS,l,2,325.77,184.8,D,0
34.07706,-118.57244,367,0.42,0.38,2025-01-08,2045,N,VIIRS,l,2,333.46,146.31,D,0
34.07318,-118.59477,352.7,0.42,0.38,2025-01-08,2045,N,VIIRS,l,2,332.08,60.01,D,0
34.08203,-118.56434,367,0.42,0.38,2025-01-08,2045,N,VIIRS,h,2,349.26,44.31,D,0
34.17354,-118.02929,350.68,0.41,0.37,2025-01-08,2045,N,VIIRS,n,2,309.53,4.14,D,0
34.17281,-118.03356,331.52,0.41,0.37,2025-01-08,2045,N,VIIRS,l,2,306.21,4.14,D,0
34.17206,-118.03802,344.75,0.41,0.37,2025-01-08,2045,N,VIIRS,n,2,302.5,3.53,D,0
34.08678,-118.53692,354.01,0.42,0.38,2025-01-08,2045,N,VIIRS,n,2,316.51,184.8,D,0
34.08602,-118.54128,347.31,0.42,0.38,2025-01-08,2045,N,VIIRS,n,2,302.78,12.82,D,0
34.08447,-118.55024,342.55,0.42,0.38,2025-01-08,2045,N,VIIRS,n,2,299.25,8.42,D,0
34.08367,-118.55487,356.49,0.42,0.38,2025-01-08,2045,N,VIIRS,n,2,296.8,8.42,D,0
34.08284,-118.55964,350.21,0.42,0.38,2025-01-08,2045,N,VIIRS,n,2,310.51,44.31,D,0
34.07973,-118.57761,354.49,0.42,0.38,2025-01-08,2045,N,VIIRS,n,2,302.96,67.63,D,0
34.07283,-118.61732,352.39,0.42,0.38,2025-01-08,2045,N,VIIRS,n,2,309.1,20.73,D,0
34.07205,-118.62177,342.29,0.42,0.38,2025-01-08,2045,N,VIIRS,l,2,313.65,14.78,D,0
34.07127,-118.62629,346.72,0.42,0.38,2025-01-08,2045,N,VIIRS,n,2,301.2,14.78,D,0
34.06727,-118.64928,348.2,0.42,0.38,2025-01-08,2045,N,VIIRS,n,2,298.17,4.35,D,0
34.06648,-118.65382,330.87,0.42,0.38,2025-01-08,2045,N,VIIRS,n,2,297.66,4.35,D,0
34.08827,-118.52831,367,0.42,0.38,2025-01-08,2045,N,VIIRS,l,2,327.32,207.27,D,0
34.08752,-118.53263,367,0.42,0.38,2025-01-08,2045,N,VIIRS,l,2,363.13,184.8,D,0
34.07896,-118.58205,367,0.42,0.38,2025-01-08,2045,N,VIIRS,l,2,327.06,67.63,D,0
34.07815,-118.5867,350.11,0.42,0.38,2025-01-08,2045,N,VIIRS,l,2,342.24,37.87,D,0
34.07736,-118.59128,367,0.42,0.38,2025-01-08,2045,N,VIIRS,l,2,328.87,37.87,D,0
34.08944,-118.5421,367,0.42,0.38,2025-01-08,2045,N,VIIRS,h,2,354.33,111.9,D,0
34.08789,-118.55103,367,0.42,0.38,2025-01-08,2045,N,VIIRS,h,2,347.34,0,D,0
34.08627,-118.56046,367,0.42,0.38,2025-01-08,2045,N,VIIRS,h,2,337.39,90,D,0
34.17767,-118.02549,349.75,0.41,0.37,2025-01-08,2045,N,VIIRS,n,2,309.83,36.25,D,0
34.17474,-118.04287,340.13,0.41,0.37,2025-01-08,2045,N,VIIRS,n,2,300.7,4.1,D,0
34.09093,-118.53346,334.47,0.42,0.38,2025-01-08,2045,N,VIIRS,n,2,290.87,29.13,D,0
34.09019,-118.53776,340.73,0.42,0.38,2025-01-08,2045,N,VIIRS,n,2,308.82,29.13,D,0
34.08868,-118.54651,348.36,0.42,0.38,2025-01-08,2045,N,VIIRS,n,2,319.74,111.9,D,0
34.08545,-118.56516,345.7,0.42,0.38,2025-01-08,2045,N,VIIRS,n,2,296.32,90,D,0
34.08236,-118.58295,356.88,0.42,0.38,2025-01-08,2045,N,VIIRS,n,2,300.26,29.24,D,0
34.07072,-118.64996,331.06,0.42,0.38,2025-01-08,2045,N,VIIRS,n,2,297.71,6.08,D,0
34.06759,-118.66795,346.59,0.42,0.38,2025-01-08,2045,N,VIIRS,n,2,299.21,10.12,D,0
34.0668,-118.67253,351.09,0.42,0.38,2025-01-08,2045,N,VIIRS,n,2,304.45,10.12,D,0
34.17839,-118.02126,367,0.41,0.37,2025-01-08,2045,N,VIIRS,l,2,325.91,36.25,D,0
34.08709,-118.55569,367,0.42,0.38,2025-01-08,2045,N,VIIRS,l,2,351.26,0,D,0
34.08158,-118.58752,367,0.42,0.38,2025-01-08,2045,N,VIIRS,l,2,335.56,150.57,D,0
34.18108,-118.02605,367,0.41,0.37,2025-01-08,2045,N,VIIRS,h,2,331.39,36.25,D,0
34.09051,-118.55647,367,0.42,0.38,2025-01-08,2045,N,VIIRS,h,2,338.92,0,D,0
34.18178,-118.02191,339.89,0.41,0.37,2025-01-08,2045,N,VIIRS,n,2,294.35,36.25,D,0
34.17889,-118.03904,332.45,0.41,0.37,2025-01-08,2045,N,VIIRS,n,2,300.9,4.1,D,0
34.17814,-118.04346,334.01,0.41,0.37,2025-01-08,2045,N,VIIRS,n,2,297.91,4.1,D,0
34.09285,-118.54292,334.5,0.42,0.38,2025-01-08,2045,N,VIIRS,n,2,295.96,111.9,D,0
34.07654,-118.63702,328.96,0.42,0.38,2025-01-08,2045,N,VIIRS,l,2,301.81,7.38,D,0
34.07575,-118.64159,348.85,0.42,0.38,2025-01-08,2045,N,VIIRS,n,2,304.8,9.19,D,0
34.07497,-118.64608,337.34,0.42,0.38,2025-01-08,2045,N,VIIRS,n,2,299.95,9.19,D,0
34.07185,-118.66402,355.09,0.42,0.38,2025-01-08,2045,N,VIIRS,n,2,301.08,13.72,D,0
34.07104,-118.6687,356.38,0.42,0.38,2025-01-08,2045,N,VIIRS,n,2,307.09,10.12,D,0
34.07021,-118.67347,345.61,0.42,0.38,2025-01-08,2045,N,VIIRS,n,2,292.6,10.12,D,0
34.09209,-118.5473,367,0.42,0.38,2025-01-08,2045,N,VIIRS,l,2,325.76,111.9,D,0
34.09132,-118.55183,367,0.42,0.38,2025-01-08,2045,N,VIIRS,l,2,374.12,0,D,0
34.09552,-118.54811,332.6,0.42,0.38,2025-01-08,2045,N,VIIRS,n,2,290.11,5.03,D,0
34.09474,-118.5526,355.54,0.42,0.38,2025-01-08,2045,N,VIIRS,n,2,290.46,14.85,D,0
34.09394,-118.55725,337.48,0.42,0.38,2025-01-08,2045,N,VIIRS,n,2,290.69,14.85,D,0
34.07843,-118.64671,355.87,0.42,0.38,2025-01-08,2045,N,VIIRS,n,2,326.35,36.99,D,0
34.07765,-118.65118,337.1,0.42,0.38,2025-01-08,2045,N,VIIRS,n,2,304.03,6.29,D,0
34.07688,-118.65565,335.55,0.42,0.38,2025-01-08,2045,N,VIIRS,n,2,300.07,6.29,D,0
34.07609,-118.66018,347.66,0.42,0.38,2025-01-08,2045,N,VIIRS,n,2,304.64,11.53,D,0
34.07529,-118.66479,353.17,0.42,0.38,2025-01-08,2045,N,VIIRS,n,2,303.39,11.53,D,0
34.07446,-118.66955,354.08,0.42,0.38,2025-01-08,2045,N,VIIRS,n,2,297.74,26.58,D,0
34.08,-118.63766,367,0.42,0.38,2025-01-08,2045,N,VIIRS,l,2,343.06,98.2,D,0
34.07921,-118.6422,367,0.42,0.38,2025-01-08,2045,N,VIIRS,l,2,328.82,36.99,D,0
34.08342,-118.63853,341.6,0.42,0.38,2025-01-08,2045,N,VIIRS,n,2,298.73,98.2,D,0
34.08263,-118.64309,343.14,0.42,0.38,2025-01-08,2045,N,VIIRS,n,2,310.36,36.99,D,0
34.08185,-118.6476,348.86,0.42,0.38,2025-01-08,2045,N,VIIRS,n,2,290.49,36.99,D,0
34.0803,-118.65649,336.22,0.42,0.38,2025-01-08,2045,N,VIIRS,n,2,288.44,6.29,D,0
34.07952,-118.66094,330.96,0.42,0.38,2025-01-08,2045,N,VIIRS,n,2,289.04,11.53,D,0
34.07871,-118.66563,327.07,0.42,0.38,2025-01-08,2045,N,VIIRS,n,2,291.75,11.53,D,0
34.19173,-118.04586,329.68,0.41,0.37,2025-01-08,2045,N,VIIRS,n,2,294.7,4.35,D,0
34.19101,-118.05018,341.41,0.41,0.37,2025-01-08,2045,N,VIIRS,n,2,295.62,4.87,D,0
34.19029,-118.05441,350.1,0.41,0.37,2025-01-08,2045,N,VIIRS,n,2,306.13,4.87,D,0
34.17754,-118.13026,332.07,0.41,0.37,2025-01-08,2045,N,VIIRS,n,2,290.5,2.7,D,0
34.18091,-118.13107,367,0.41,0.37,2025-01-08,2045,N,VIIRS,h,2,301.61,23.11,D,0
34.19512,-118.04653,331.46,0.41,0.37,2025-01-08,2045,N,VIIRS,l,2,302.73,6.07,D,0
34.19439,-118.05087,354.39,0.41,0.37,2025-01-08,2045,N,VIIRS,n,2,305.15,20.33,D,0
34.19366,-118.05515,354.54,0.41,0.37,2025-01-08,2045,N,VIIRS,n,2,298.81,20.33,D,0
34.18388,-118.11352,347.14,0.41,0.37,2025-01-08,2045,N,VIIRS,n,2,293.26,11.96,D,0
34.18314,-118.11787,336.46,0.41,0.37,2025-01-08,2045,N,VIIRS,n,2,290.57,11.96,D,0
34.1824,-118.12228,346.29,0.41,0.37,2025-01-08,2045,N,VIIRS,n,2,292.27,20.31,D,0
34.18166,-118.12665,356.52,0.41,0.37,2025-01-08,2045,N,VIIRS,n,2,296.87,20.31,D,0
34.18017,-118.13547,346.71,0.41,0.37,2025-01-08,2045,N,VIIRS,n,2,301.17,23.11,D,0
34.18504,-118.12743,367,0.41,0.37,2025-01-08,2045,N,VIIRS,h,2,303.33,20.31,D,0
34.19851,-118.04716,338.25,0.41,0.37,2025-01-08,2045,N,VIIRS,n,2,305.89,6.07,D,0
34.19777,-118.05154,350.86,0.41,0.37,2025-01-08,2045,N,VIIRS,n,2,312.97,20.33,D,0
34.19705,-118.05582,356.69,0.41,0.37,2025-01-08,2045,N,VIIRS,n,2,307.84,20.33,D,0
34.19633,-118.06005,353.66,0.41,0.37,2025-01-08,2045,N,VIIRS,n,2,299.14,14.13,D,0
34.1956,-118.06444,334.62,0.41,0.37,2025-01-08,2045,N,VIIRS,n,2,300.47,14.13,D,0
34.18725,-118.11428,351.39,0.41,0.37,2025-01-08,2045,N,VIIRS,n,2,296.67,11.96,D,0
34.18652,-118.11864,354.68,0.41,0.37,2025-01-08,2045,N,VIIRS,n,2,299.87,11.96,D,0
34.18578,-118.12305,350.3,0.41,0.37,2025-01-08,2045,N,VIIRS,n,2,307.22,20.31,D,0
34.1843,-118.13184,354.59,0.41,0.37,2025-01-08,2045,N,VIIRS,n,2,305.06,23.11,D,0
34.18355,-118.13625,353.17,0.41,0.37,2025-01-08,2045,N,VIIRS,n,2,302.54,23.11,D,0
34.18058,-118.15387,338.69,0.41,0.37,2025-01-08,2045,N,VIIRS,n,2,287.39,3.78,D,0
34.04505,-118.94102,344.35,0.43,0.38,2025-01-08,2045,N,VIIRS,n,2,298.73,7.56,D,3
34.19713,-118.0591,367,0.41,0.37,2025-01-08,2045,N,VIIRS,h,2,304.78,27.04,D,0
34.18707,-118.1176,367,0.41,0.37,2025-01-08,2045,N,VIIRS,h,2,300.42,13.81,D,0
34.19934,-118.04616,337.08,0.41,0.37,2025-01-08,2045,N,VIIRS,l,2,309.28,6.64,D,0
34.19859,-118.05054,354.49,0.41,0.37,2025-01-08,2045,N,VIIRS,n,2,312.17,37.95,D,0
34.19785,-118.05486,350.43,0.41,0.37,2025-01-08,2045,N,VIIRS,n,2,315.93,37.95,D,0
34.19639,-118.06342,346.28,0.41,0.37,2025-01-08,2045,N,VIIRS,n,2,314.04,27.04,D,0
34.18781,-118.11324,340.48,0.41,0.37,2025-01-08,2045,N,VIIRS,n,2,292.29,13.81,D,0
34.18631,-118.122,350.15,0.41,0.37,2025-01-08,2045,N,VIIRS,n,2,308.3,29.9,D,0
34.18556,-118.12637,351,0.41,0.37,2025-01-08,2045,N,VIIRS,n,2,304.8,29.9,D,0
34.1848,-118.13078,355.73,0.41,0.37,2025-01-08,2045,N,VIIRS,n,2,305.71,32.81,D,0
34.18404,-118.1352,353.17,0.41,0.37,2025-01-08,2045,N,VIIRS,n,2,303,32.81,D,0
34.18101,-118.15279,333.21,0.41,0.37,2025-01-08,2045,N,VIIRS,n,2,287.95,8.4,D,0
34.20125,-118.0555,367,0.41,0.37,2025-01-08,2045,N,VIIRS,h,2,343.59,37.95,D,0
34.19044,-118.11837,367,0.41,0.37,2025-01-08,2045,N,VIIRS,h,2,295.9,13.81,D,0
34.18969,-118.12276,367,0.41,0.37,2025-01-08,2045,N,VIIRS,h,2,300.54,29.9,D,0
34.20274,-118.0468,342.65,0.41,0.37,2025-01-08,2045,N,VIIRS,n,2,303.97,6.64,D,0
34.20198,-118.05119,349.01,0.41,0.37,2025-01-08,2045,N,VIIRS,n,2,319.06,37.95,D,0
34.20053,-118.05971,356.17,0.41,0.37,2025-01-08,2045,N,VIIRS,n,2,322.05,27.04,D,0
34.19979,-118.06407,353.24,0.41,0.37,2025-01-08,2045,N,VIIRS,n,2,316.42,27.04,D,0
34.18893,-118.12717,354.02,0.41,0.37,2025-01-08,2045,N,VIIRS,n,2,306.52,29.9,D,0
34.18818,-118.13156,352.67,0.41,0.37,2025-01-08,2045,N,VIIRS,n,2,310.38,32.81,D,0
34.18742,-118.13598,351.63,0.41,0.37,2025-01-08,2045,N,VIIRS,n,2,304.98,32.81,D,0
34.18666,-118.14037,347.08,0.41,0.37,2025-01-08,2045,N,VIIRS,n,2,293.54,12.88,D,0
34.18591,-118.14478,335.25,0.41,0.37,2025-01-08,2045,N,VIIRS,n,2,289.21,12.88,D,0
34.18515,-118.14917,335.75,0.41,0.37,2025-01-08,2045,N,VIIRS,n,2,289.47,8.4,D,0
34.18439,-118.15359,356.5,0.41,0.37,2025-01-08,2045,N,VIIRS,n,2,297.65,8.4,D,0
34.18364,-118.15798,346.98,0.41,0.37,2025-01-08,2045,N,VIIRS,n,2,292.27,10.28,D,0
34.04634,-118.93959,332.44,0.43,0.38,2025-01-08,2045,N,VIIRS,n,2,300.92,25.74,D,0
34.19232,-118.12791,367,0.41,0.37,2025-01-08,2045,N,VIIRS,h,2,305.24,25.6,D,0
34.19005,-118.14114,367,0.41,0.37,2025-01-08,2045,N,VIIRS,h,2,302.07,14.27,D,0
34.18929,-118.14557,367,0.41,0.37,2025-01-08,2045,N,VIIRS,h,2,304.8,14.27,D,0
34.20393,-118.06034,355.42,0.41,0.37,2025-01-08,2045,N,VIIRS,n,2,296.16,20.86,D,0
34.20319,-118.06471,353.74,0.41,0.37,2025-01-08,2045,N,VIIRS,n,2,295.51,20.86,D,0
34.19384,-118.11908,337.58,0.41,0.37,2025-01-08,2045,N,VIIRS,n,2,292.7,8.83,D,0
34.19308,-118.12349,350.97,0.41,0.37,2025-01-08,2045,N,VIIRS,n,2,295.8,25.6,D,0
34.19081,-118.13673,351.1,0.41,0.37,2025-01-08,2045,N,VIIRS,n,2,309.49,36.15,D,0
34.18853,-118.14998,353.22,0.41,0.37,2025-01-08,2045,N,VIIRS,n,2,310.06,31.79,D,0
34.18777,-118.1544,352.73,0.41,0.37,2025-01-08,2045,N,VIIRS,n,2,306.63,31.79,D,0
34.18702,-118.15881,347.29,0.41,0.37,2025-01-08,2045,N,VIIRS,n,2,295.01,14.33,D,0
34.20538,-118.05186,367,0.41,0.37,2025-01-08,2045,N,VIIRS,l,2,333.83,102.67,D,0
34.20465,-118.05613,316.16,0.41,0.37,2025-01-08,2045,N,VIIRS,l,2,317.92,102.67,D,0
34.19495,-118.13308,367,0.41,0.37,2025-01-08,2045,N,VIIRS,h,2,302.43,36.15,D,0
34.19191,-118.15079,367,0.41,0.37,2025-01-08,2045,N,VIIRS,h,2,312.99,31.79,D,0
34.20876,-118.05257,343.7,0.41,0.37,2025-01-08,2045,N,VIIRS,n,2,306.68,102.67,D,0
34.20734,-118.06097,355.59,0.41,0.37,2025-01-08,2045,N,VIIRS,n,2,288.47,20.86,D,0
34.20658,-118.06538,349.05,0.41,0.37,2025-01-08,2045,N,VIIRS,n,2,287.17,20.86,D,0
34.2042,-118.07918,349.8,0.41,0.37,2025-01-08,2045,N,VIIRS,n,2,288.26,10.14,D,0
34.19646,-118.12424,350.12,0.41,0.37,2025-01-08,2045,N,VIIRS,n,2,299.83,25.6,D,0
34.19571,-118.12865,347.02,0.41,0.37,2025-01-08,2045,N,VIIRS,n,2,313.69,25.6,D,0
34.19419,-118.1375,352.63,0.41,0.37,2025-01-08,2045,N,VIIRS,n,2,301.15,36.15,D,0
34.19343,-118.14193,355.47,0.41,0.37,2025-01-08,2045,N,VIIRS,n,2,301.21,14.27,D,0
34.19267,-118.14635,357,0.41,0.37,2025-01-08,2045,N,VIIRS,n,2,301.9,14.27,D,0
34.19115,-118.15521,353.08,0.41,0.37,2025-01-08,2045,N,VIIRS,n,2,316.39,31.79,D,0
34.1904,-118.15959,334.53,0.41,0.37,2025-01-08,2045,N,VIIRS,n,2,294.25,14.33,D,0
34.20805,-118.05677,367,0.41,0.37,2025-01-08,2045,N,VIIRS,l,2,349.29,102.67,D,0
34.21074,-118.06157,331.52,0.41,0.37,2025-01-08,2045,N,VIIRS,n,2,304.48,74.14,D,0
34.20679,-118.08459,349.53,0.41,0.37,2025-01-08,2045,N,VIIRS,n,2,290.53,33.11,D,0
34.19987,-118.12492,350.77,0.41,0.37,2025-01-08,2045,N,VIIRS,n,2,295.67,13.66,D,0
34.1991,-118.12936,354.89,0.41,0.37,2025-01-08,2045,N,VIIRS,n,2,306.99,13.66,D,0
34.19834,-118.1338,354.71,0.41,0.37,2025-01-08,2045,N,VIIRS,n,2,300.89,8.27,D,0
34.19757,-118.13826,353.7,0.41,0.37,2025-01-08,2045,N,VIIRS,n,2,300.56,8.27,D,0
34.19682,-118.1427,353.49,0.41,0.37,2025-01-08,2045,N,VIIRS,n,2,301.67,16.31,D,0
34.19605,-118.14713,354.23,0.41,0.37,2025-01-08,2045,N,VIIRS,n,2,304,16.31,D,0
34.19529,-118.15157,356.09,0.41,0.37,2025-01-08,2045,N,VIIRS,n,2,303.28,24.04,D,0
34.19453,-118.15599,354.7,0.41,0.37,2025-01-08,2045,N,VIIRS,n,2,312.51,24.04,D,0
34.19378,-118.16042,330.88,0.41,0.37,2025-01-08,2045,N,VIIRS,n,2,285.53,6.65,D,0
34.21144,-118.0574,367,0.41,0.37,2025-01-08,2045,N,VIIRS,l,2,325.72,195.47,D,0
34.20096,-118.13905,367,0.41,0.37,2025-01-08,2045,N,VIIRS,h,2,303.2,8.27,D,0
34.21016,-118.08535,341.87,0.41,0.37,2025-01-08,2045,N,VIIRS,n,2,310.7,33.11,D,0
34.20326,-118.12563,339.73,0.41,0.37,2025-01-08,2045,N,VIIRS,n,2,291.98,13.66,D,0
34.20249,-118.13012,351.92,0.41,0.37,2025-01-08,2045,N,VIIRS,n,2,296.98,13.66,D,0
34.20172,-118.13458,343.08,0.41,0.37,2025-01-08,2045,N,VIIRS,n,2,294.59,8.27,D,0
34.20019,-118.14349,354.62,0.41,0.37,2025-01-08,2045,N,VIIRS,n,2,302.24,16.31,D,0
34.19943,-118.14793,355.47,0.41,0.37,2025-01-08,2045,N,VIIRS,n,2,311.56,16.31,D,0
34.19867,-118.15238,354.8,0.41,0.37,2025-01-08,2045,N,VIIRS,n,2,315.02,24.04,D,0
34.19791,-118.15681,354.97,0.41,0.37,2025-01-08,2045,N,VIIRS,n,2,304.96,24.04,D,0
34.20942,-118.0897,295.21,0.41,0.37,2025-01-08,2045,N,VIIRS,l,2,319.52,56.3,D,0
34.20511,-118.13531,367,0.41,0.37,2025-01-08,2045,N,VIIRS,h,2,300.59,12.94,D,0
34.20129,-118.15759,367,0.41,0.37,2025-01-08,2045,N,VIIRS,h,2,293.64,9.65,D,0
34.21355,-118.08604,343.87,0.41,0.37,2025-01-08,2045,N,VIIRS,n,2,285.26,8.62,D,0
34.21282,-118.09032,345.87,0.41,0.37,2025-01-08,2045,N,VIIRS,n,2,285.39,6.91,D,0
34.20435,-118.13979,354.23,0.41,0.37,2025-01-08,2045,N,VIIRS,n,2,297.98,12.94,D,0
34.20358,-118.14424,356.42,0.41,0.37,2025-01-08,2045,N,VIIRS,n,2,307.73,19.98,D,0
34.20282,-118.1487,356.17,0.41,0.37,2025-01-08,2045,N,VIIRS,n,2,300.1,19.98,D,0
34.20205,-118.15314,355.71,0.41,0.37,2025-01-08,2045,N,VIIRS,n,2,301.83,9.65,D,0
34.20774,-118.1405,345.32,0.41,0.37,2025-01-08,2045,N,VIIRS,n,2,293.67,12.94,D,0
34.20697,-118.14499,354.89,0.41,0.37,2025-01-08,2045,N,VIIRS,n,2,296.05,19.98,D,0
34.20467,-118.15838,330.91,0.41,0.37,2025-01-08,2045,N,VIIRS,n,2,289.24,9.65,D,0
34.21114,-118.14118,335.41,0.41,0.37,2025-01-08,2045,N,VIIRS,n,2,290.98,4.61,D,0
34.20883,-118.15466,332.92,0.41,0.37,2025-01-08,2045,N,VIIRS,n,2,289.69,3.66,D,0
34.20807,-118.1591,334.48,0.41,0.37,2025-01-08,2045,N,VIIRS,n,2,289.17,3.66,D,0
34.21453,-118.14188,329.92,0.41,0.37,2025-01-08,2045,N,VIIRS,n,2,291.55,4.61,D,0
34.21375,-118.14642,346.34,0.41,0.37,2025-01-08,2045,N,VIIRS,n,2,298.44,12.66,D,0
34.21222,-118.15542,332.93,0.41,0.37,2025-01-08,2045,N,VIIRS,n,2,288.94,3.66,D,0
34.2211,-118.12401,335.18,0.41,0.37,2025-01-08,2045,N,VIIRS,n,2,295.92,5.74,D,0
34.21951,-118.13335,325.61,0.41,0.37,2025-01-08,2045,N,VIIRS,n,2,287.47,2.92,D,0
34.21793,-118.14259,336.59,0.41,0.37,2025-01-08,2045,N,VIIRS,n,2,296.47,9.52,D,0
34.21716,-118.14709,344.46,0.41,0.37,2025-01-08,2045,N,VIIRS,n,2,299.66,29.91,D,0
34.22055,-118.14778,335.31,0.41,0.37,2025-01-08,2045,N,VIIRS,n,2,302.6,29.91,D,0
34.3403,-118.47564,334.71,0.41,0.37,2025-01-08,2045,N,VIIRS,n,2,298.23,19.2,D,0
34.23577,-119.24263,333.45,0.44,0.38,2025-01-08,2045,N,VIIRS,n,2,296.18,3.7,D,0
36.15314,-121.07001,330.89,0.48,0.4,2025-01-08,2046,N,VIIRS,n,2,294.9,9.77,D,0
36.15213,-121.07531,356.37,0.48,0.4,2025-01-08,2046,N,VIIRS,n,2,300.4,20.23,D,0
36.6189,-119.0153,331.41,0.41,0.37,2025-01-08,2046,N,VIIRS,n,2,287.54,2.65,D,0
36.98495,-120.82424,333.53,0.46,0.39,2025-01-08,2046,N,VIIRS,n,2,289.62,2.62,D,0
36.98654,-120.82198,328.61,0.46,0.39,2025-01-08,2046,N,VIIRS,n,2,288.69,2.71,D,0
34.60711,-117.33508,306.24,0.49,0.49,2025-01-09,0907,N,VIIRS,n,2,273.1,2.16,N,2
34.4306,-118.64563,295.55,0.58,0.52,2025-01-09,0907,N,VIIRS,n,2,275.58,1.09,N,2
34.22101,-118.15039,340.46,0.54,0.51,2025-01-09,0907,N,VIIRS,n,2,286.06,4.77,N,0
34.22154,-118.15678,319.81,0.54,0.51,2025-01-09,0907,N,VIIRS,n,2,282.59,4.77,N,0
34.21989,-118.1367,302.45,0.54,0.51,2025-01-09,0907,N,VIIRS,n,2,281.3,1.9,N,0
34.21525,-118.08086,313.65,0.54,0.5,2025-01-09,0907,N,VIIRS,n,2,282.96,2.81,N,0
34.2139,-118.06437,298.32,0.53,0.5,2025-01-09,0907,N,VIIRS,n,2,281.51,3.45,N,0
34.21639,-118.15209,331.92,0.54,0.51,2025-01-09,0907,N,VIIRS,n,2,283.66,4.77,N,0
34.21586,-118.14558,322.23,0.54,0.51,2025-01-09,0907,N,VIIRS,n,2,283.45,1.9,N,0
34.21153,-118.093,321.14,0.54,0.51,2025-01-09,0907,N,VIIRS,n,2,282.48,4.38,N,0
34.21062,-118.08212,334.29,0.54,0.5,2025-01-09,0907,N,VIIRS,n,2,284.26,2.81,N,0
34.20933,-118.06639,324.57,0.53,0.5,2025-01-09,0907,N,VIIRS,n,2,284.06,3.45,N,0
34.20883,-118.06033,334.87,0.53,0.5,2025-01-09,0907,N,VIIRS,n,2,287.36,3.45,N,0
34.21691,-118.15842,301.42,0.54,0.51,2025-01-09,0907,N,VIIRS,n,2,281.14,4.77,N,0
34.21111,-118.08806,313.44,0.54,0.51,2025-01-09,0907,N,VIIRS,n,2,282.84,4.38,N,0
34.21001,-118.07465,301.16,0.54,0.5,2025-01-09,0907,N,VIIRS,n,2,282.58,2.81,N,0
34.20842,-118.05547,300.89,0.53,0.5,2025-01-09,0907,N,VIIRS,n,2,282.94,1.89,N,0
34.20536,-118.07565,299.51,0.54,0.5,2025-01-09,0907,N,VIIRS,n,2,283.56,2.03,N,0
34.20474,-118.06815,298.23,0.53,0.5,2025-01-09,0907,N,VIIRS,n,2,282.05,2.34,N,0
34.20422,-118.06188,312.4,0.53,0.5,2025-01-09,0907,N,VIIRS,n,2,282.91,2.34,N,0
34.2038,-118.05684,307.11,0.53,0.5,2025-01-09,0907,N,VIIRS,n,2,284.46,2.09,N,0
34.20608,-118.14237,297.48,0.54,0.51,2025-01-09,0907,N,VIIRS,n,2,283.33,1.94,N,0
34.19877,-118.05325,300.48,0.53,0.5,2025-01-09,0907,N,VIIRS,n,2,283.68,2.09,N,0
34.2201,-118.15244,355.56,0.54,0.51,2025-01-09,0907,N,VIIRS,n,2,290.42,4.45,N,0
34.21439,-118.08863,321.2,0.54,0.5,2025-01-09,0907,N,VIIRS,n,2,283.64,2.88,N,0
34.21388,-118.08298,338.44,0.54,0.5,2025-01-09,0907,N,VIIRS,n,2,285.43,2.88,N,0
34.21247,-118.06734,322.13,0.53,0.5,2025-01-09,0907,N,VIIRS,n,2,283.53,3.82,N,0
34.21952,-118.14585,308.91,0.54,0.51,2025-01-09,0907,N,VIIRS,n,2,283.18,4.45,N,0
34.21827,-118.13188,307.04,0.54,0.51,2025-01-09,0907,N,VIIRS,n,2,280.28,1.47,N,0
34.21527,-118.0985,295.56,0.54,0.51,2025-01-09,0907,N,VIIRS,n,2,280.94,1.61,N,0
34.21481,-118.09345,304.64,0.54,0.51,2025-01-09,0907,N,VIIRS,n,2,282.65,1.61,N,0
34.21187,-118.06071,300.7,0.53,0.5,2025-01-09,0907,N,VIIRS,n,2,282.36,4.06,N,0
34.20728,-118.06229,339.23,0.53,0.5,2025-01-09,0907,N,VIIRS,n,2,288.15,4.06,N,0
34.20683,-118.05725,328.24,0.53,0.5,2025-01-09,0907,N,VIIRS,n,2,286.88,4.06,N,0
34.2155,-118.15406,298.14,0.54,0.51,2025-01-09,0907,N,VIIRS,n,2,281.31,4.45,N,0
34.21492,-118.14764,312.06,0.54,0.51,2025-01-09,0907,N,VIIRS,n,2,281.7,4.45,N,0
34.20977,-118.08997,300.84,0.54,0.5,2025-01-09,0907,N,VIIRS,n,2,280.29,2.88,N,0
34.20925,-118.08421,301.8,0.54,0.5,2025-01-09,0907,N,VIIRS,n,2,281.64,2.88,N,0
34.2079,-118.06909,302.94,0.53,0.5,2025-01-09,0907,N,VIIRS,n,2,282.59,3.82,N,0
34.20396,-118.07802,296.84,0.53,0.5,2025-01-09,0907,N,VIIRS,n,2,282.65,0.78,N,0
34.2033,-118.07069,297.1,0.53,0.5,2025-01-09,0907,N,VIIRS,n,2,281.1,0.78,N,0
34.20179,-118.0537,297.2,0.53,0.5,2025-01-09,0907,N,VIIRS,n,2,283,1.7,N,0
34.14397,-117.4261,295.15,0.49,0.49,2025-01-09,0907,N,VIIRS,n,2,280.96,0.48,N,2
34.20512,-118.14431,301.19,0.54,0.51,2025-01-09,0907,N,VIIRS,n,2,284.27,1.29,N,0
34.20457,-118.13805,296.45,0.54,0.51,2025-01-09,0907,N,VIIRS,n,2,283.33,1.29,N,0
34.19763,-118.06012,300.59,0.53,0.5,2025-01-09,0907,N,VIIRS,n,2,283.28,2.81,N,0
34.1972,-118.05521,313,0.53,0.5,2025-01-09,0907,N,VIIRS,n,2,284.05,1.7,N,0
34.20102,-118.15167,308.96,0.54,0.51,2025-01-09,0907,N,VIIRS,n,2,286.85,2.21,N,0
34.20047,-118.14543,304.15,0.54,0.51,2025-01-09,0907,N,VIIRS,n,2,286.46,1.68,N,0
34.19992,-118.13924,302.84,0.54,0.51,2025-01-09,0907,N,VIIRS,n,2,286.17,1.68,N,0
34.19937,-118.13303,302.75,0.54,0.51,2025-01-09,0907,N,VIIRS,n,2,285.55,1.63,N,0
34.19883,-118.12689,303.83,0.54,0.51,2025-01-09,0907,N,VIIRS,n,2,285.38,1.63,N,0
34.19257,-118.05639,299.91,0.53,0.5,2025-01-09,0907,N,VIIRS,n,2,281.39,1.18,N,0
34.18474,-118.02142,350.18,0.53,0.5,2025-01-09,0907,N,VIIRS,n,2,287.33,9.92,N,0
34.19688,-118.15871,300.55,0.54,0.51,2025-01-09,0907,N,VIIRS,n,2,281.8,2.21,N,0
34.19634,-118.1526,310.87,0.54,0.51,2025-01-09,0907,N,VIIRS,n,2,286.48,2.21,N,0
34.1958,-118.14644,306.33,0.54,0.51,2025-01-09,0907,N,VIIRS,n,2,286.42,1.68,N,0
34.19526,-118.14028,306.59,0.54,0.51,2025-01-09,0907,N,VIIRS,n,2,286.74,1.68,N,0
34.19472,-118.13417,309.05,0.54,0.51,2025-01-09,0907,N,VIIRS,n,2,286.37,1.63,N,0
34.19419,-118.12815,305.23,0.54,0.51,2025-01-09,0907,N,VIIRS,n,2,285.34,1.63,N,0
34.18419,-118.01521,302.28,0.53,0.5,2025-01-09,0907,N,VIIRS,n,2,282.42,1.52,N,0
34.18017,-118.0231,340.47,0.53,0.5,2025-01-09,0907,N,VIIRS,n,2,285.18,6.71,N,0
34.1922,-118.15955,295.34,0.54,0.51,2025-01-09,0907,N,VIIRS,n,2,280.82,1.85,N,0
34.19167,-118.15349,314.39,0.54,0.51,2025-01-09,0907,N,VIIRS,n,2,287.15,1.85,N,0
34.19113,-118.1474,308.82,0.54,0.51,2025-01-09,0907,N,VIIRS,n,2,286.7,2.59,N,0
34.19059,-118.1413,308.34,0.54,0.51,2025-01-09,0907,N,VIIRS,n,2,285.24,2.59,N,0
34.19007,-118.13527,311.36,0.54,0.51,2025-01-09,0907,N,VIIRS,n,2,285.58,2.09,N,0
34.18954,-118.12926,315.16,0.54,0.51,2025-01-09,0907,N,VIIRS,n,2,287.37,2.09,N,0
34.18902,-118.12335,307.23,0.54,0.51,2025-01-09,0907,N,VIIRS,n,2,285.41,1.53,N,0
34.1885,-118.11747,299.92,0.54,0.51,2025-01-09,0907,N,VIIRS,n,2,283.82,1.53,N,0
34.17964,-118.01713,305.66,0.53,0.5,2025-01-09,0907,N,VIIRS,n,2,283.82,2.79,N,0
34.18699,-118.15435,300.02,0.54,0.51,2025-01-09,0907,N,VIIRS,n,2,280.39,1.85,N,0
34.1854,-118.13626,302.18,0.54,0.51,2025-01-09,0907,N,VIIRS,n,2,282.58,2.09,N,0
34.18488,-118.13026,308.73,0.54,0.51,2025-01-09,0907,N,VIIRS,n,2,284.47,2.09,N,0
34.18436,-118.12432,299.92,0.54,0.51,2025-01-09,0907,N,VIIRS,n,2,282.31,1.53,N,0
34.18073,-118.13719,297.21,0.54,0.51,2025-01-09,0907,N,VIIRS,n,2,279.54,1,N,0
34.18021,-118.13118,298.15,0.54,0.51,2025-01-09,0907,N,VIIRS,n,2,281.86,1,N,0
34.15238,-118.19473,303.91,0.54,0.51,2025-01-09,0907,N,VIIRS,n,2,281.56,1.11,N,2
34.09893,-118.53418,328.89,0.57,0.52,2025-01-09,0907,N,VIIRS,n,2,286.77,53.14,N,0
34.09937,-118.53956,296.55,0.57,0.52,2025-01-09,0907,N,VIIRS,n,2,284.19,51.56,N,0
34.09846,-118.52856,300.57,0.57,0.52,2025-01-09,0907,N,VIIRS,n,2,283.79,53.14,N,0
34.09792,-118.52217,299.23,0.56,0.52,2025-01-09,0907,N,VIIRS,n,2,283.51,25.78,N,0
34.09555,-118.55192,347.65,0.57,0.52,2025-01-09,0907,N,VIIRS,n,2,292.41,17.19,N,0
34.09505,-118.54588,345.34,0.57,0.52,2025-01-09,0907,N,VIIRS,n,2,309.88,51.56,N,0
34.09459,-118.54042,352.77,0.57,0.52,2025-01-09,0907,N,VIIRS,n,2,311.67,51.56,N,0
34.09414,-118.53503,367,0.57,0.52,2025-01-09,0907,N,VIIRS,h,2,336.88,53.14,N,0
34.09367,-118.52943,344.37,0.57,0.52,2025-01-09,0907,N,VIIRS,n,2,315.22,53.14,N,0
34.09315,-118.52318,353.25,0.56,0.52,2025-01-09,0907,N,VIIRS,n,2,316.69,25.78,N,0
34.09612,-118.55878,319.17,0.57,0.52,2025-01-09,0907,N,VIIRS,n,2,285.51,17.19,N,0
34.0926,-118.51653,302.94,0.56,0.52,2025-01-09,0907,N,VIIRS,n,2,284.98,25.78,N,0
34.09026,-118.54668,327.21,0.57,0.52,2025-01-09,0907,N,VIIRS,n,2,285.38,4.11,N,0
34.08933,-118.53551,323.79,0.57,0.52,2025-01-09,0907,N,VIIRS,n,2,292.59,4.38,N,0
34.08839,-118.52421,340.33,0.56,0.52,2025-01-09,0907,N,VIIRS,n,2,290.17,7.08,N,0
34.09138,-118.56033,313.77,0.57,0.52,2025-01-09,0907,N,VIIRS,n,2,286.29,3.34,N,0
34.09078,-118.55302,311.33,0.57,0.52,2025-01-09,0907,N,VIIRS,n,2,284.97,3.34,N,0
34.08978,-118.54095,307.54,0.57,0.52,2025-01-09,0907,N,VIIRS,n,2,288.22,4.11,N,0
34.08888,-118.53014,313.75,0.57,0.52,2025-01-09,0907,N,VIIRS,n,2,290.01,4.38,N,0
34.08869,-118.58662,358.08,0.57,0.52,2025-01-09,0907,N,VIIRS,n,2,289.18,15.11,N,0
34.08723,-118.56887,357.3,0.57,0.52,2025-01-09,0907,N,VIIRS,n,2,306.34,27.79,N,0
34.08773,-118.57502,298.49,0.57,0.52,2025-01-09,0907,N,VIIRS,n,2,283.39,27.79,N,0
34.08666,-118.56194,305.19,0.57,0.52,2025-01-09,0907,N,VIIRS,n,2,287.78,3.34,N,0
34.0831,-118.51891,301.49,0.56,0.52,2025-01-09,0907,N,VIIRS,n,2,285.93,7.08,N,0
34.08258,-118.51269,300.36,0.56,0.52,2025-01-09,0907,N,VIIRS,n,2,284.59,1.18,N,0
34.08444,-118.59413,348.79,0.57,0.52,2025-01-09,0907,N,VIIRS,n,2,297.16,42.05,N,0
34.08389,-118.58746,339.72,0.57,0.52,2025-01-09,0907,N,VIIRS,n,2,306.49,47.41,N,0
34.08338,-118.58128,367,0.57,0.52,2025-01-09,0907,N,VIIRS,h,2,304.27,47.41,N,0
34.0829,-118.57547,352.59,0.57,0.52,2025-01-09,0907,N,VIIRS,n,2,302.55,15.4,N,0
34.08243,-118.56973,348.16,0.57,0.52,2025-01-09,0907,N,VIIRS,n,2,290.29,15.4,N,0
34.08189,-118.56316,309.7,0.57,0.52,2025-01-09,0907,N,VIIRS,n,2,285.98,3.05,N,0
34.07964,-118.59509,347.2,0.57,0.52,2025-01-09,0907,N,VIIRS,n,2,285.86,42.05,N,0
34.07653,-118.55699,322.69,0.57,0.52,2025-01-09,0907,N,VIIRS,n,2,287.04,3.05,N,0
34.07911,-118.58856,295.5,0.57,0.52,2025-01-09,0907,N,VIIRS,n,2,283.66,47.41,N,0
34.07806,-118.57578,297.01,0.57,0.52,2025-01-09,0907,N,VIIRS,n,2,284.72,15.4,N,0
34.07762,-118.5703,315.39,0.57,0.52,2025-01-09,0907,N,VIIRS,n,2,286.37,15.4,N,0
34.07711,-118.5642,309.21,0.57,0.52,2025-01-09,0907,N,VIIRS,n,2,284.76,3.05,N,0
34.07593,-118.54974,300.63,0.57,0.52,2025-01-09,0907,N,VIIRS,n,2,283.87,1.02,N,0
34.07231,-118.56496,325.96,0.57,0.52,2025-01-09,0907,N,VIIRS,n,2,286.65,2.58,N,0
34.08003,-118.65968,295.61,0.58,0.52,2025-01-09,0907,N,VIIRS,n,2,281.89,0.49,N,0
34.07613,-118.61164,300.29,0.57,0.52,2025-01-09,0907,N,VIIRS,n,2,284.04,4.18,N,0
34.07177,-118.55836,307.59,0.57,0.52,2025-01-09,0907,N,VIIRS,n,2,284.6,2.58,N,0
34.07119,-118.55112,304.77,0.57,0.52,2025-01-09,0907,N,VIIRS,n,2,283.65,1.28,N,0
34.07647,-118.67628,336.22,0.58,0.52,2025-01-09,0907,N,VIIRS,n,2,288.15,3.59,N,0
34.07127,-118.6119,346.34,0.57,0.52,2025-01-09,0907,N,VIIRS,n,2,290.49,4.18,N,0
34.07578,-118.66761,298.12,0.58,0.52,2025-01-09,0907,N,VIIRS,n,2,283.51,3.59,N,0
34.07081,-118.60626,309.73,0.57,0.52,2025-01-09,0907,N,VIIRS,n,2,284.51,4.18,N,0
34.07036,-118.60068,318.85,0.57,0.52,2025-01-09,0907,N,VIIRS,n,2,284.45,2.52,N,0
34.06697,-118.55898,295.42,0.57,0.52,2025-01-09,0907,N,VIIRS,n,2,283.88,2.58,N,0
34.07162,-118.67682,343.11,0.58,0.52,2025-01-09,0907,N,VIIRS,n,2,296.43,9.28,N,0
34.07098,-118.66873,306.3,0.58,0.52,2025-01-09,0907,N,VIIRS,n,2,283.78,9.28,N,0
34.06805,-118.63238,296.13,0.57,0.52,2025-01-09,0907,N,VIIRS,n,2,282.67,0.73,N,0
34.06168,-118.55371,306.41,0.57,0.52,2025-01-09,0907,N,VIIRS,n,2,283.45,2.74,N,0
34.06116,-118.54739,318.13,0.57,0.52,2025-01-09,0907,N,VIIRS,n,2,283.34,2.74,N,0
34.06675,-118.67711,318.01,0.58,0.52,2025-01-09,0907,N,VIIRS,n,2,284.83,9.28,N,0
34.05641,-118.54868,319.97,0.57,0.52,2025-01-09,0907,N,VIIRS,n,2,284.77,2.74,N,0
34.05443,-118.5243,300.11,0.56,0.52,2025-01-09,0907,N,VIIRS,n,2,285.44,0.82,N,0
34.05165,-118.54994,315.15,0.57,0.52,2025-01-09,0907,N,VIIRS,n,2,284.1,3.01,N,0
34.05115,-118.54378,304.7,0.57,0.52,2025-01-09,0907,N,VIIRS,n,2,286.61,2.47,N,0
34.05066,-118.53773,304.3,0.57,0.52,2025-01-09,0907,N,VIIRS,n,2,285.87,2.47,N,0
34.04966,-118.52531,310.4,0.56,0.52,2025-01-09,0907,N,VIIRS,n,2,287.34,2.37,N,0
34.04916,-118.5191,315.18,0.56,0.52,2025-01-09,0907,N,VIIRS,n,2,288.8,2.36,N,0
34.04689,-118.55114,321.82,0.57,0.52,2025-01-09,0907,N,VIIRS,n,2,284.09,3.01,N,0
34.04589,-118.53876,323.62,0.57,0.52,2025-01-09,0907,N,VIIRS,n,2,289.32,2.47,N,0
34.04639,-118.54491,319.83,0.57,0.52,2025-01-09,0907,N,VIIRS,n,2,289.13,2.47,N,0
34.04539,-118.53251,300.77,0.56,0.52,2025-01-09,0907,N,VIIRS,n,2,285.14,2.37,N,0
34.04488,-118.52624,312.44,0.56,0.52,2025-01-09,0907,N,VIIRS,n,2,287.67,2.37,N,0
34.04438,-118.51998,306.27,0.56,0.52,2025-01-09,0907,N,VIIRS,n,2,287.28,2.36,N,0
34.04212,-118.55231,338.06,0.57,0.52,2025-01-09,0907,N,VIIRS,n,2,287.89,6.46,N,0
34.04311,-118.56467,298.1,0.57,0.52,2025-01-09,0907,N,VIIRS,n,2,283.62,0.9,N,0
34.04163,-118.54611,310.36,0.57,0.52,2025-01-09,0907,N,VIIRS,n,2,286.3,2.19,N,3
34.04112,-118.53983,303.38,0.57,0.52,2025-01-09,0907,N,VIIRS,n,2,284.15,2.19,N,0
34.04061,-118.53344,299.35,0.56,0.52,2025-01-09,0907,N,VIIRS,n,2,285.2,1.48,N,0
34.04009,-118.52701,306.88,0.56,0.52,2025-01-09,0907,N,VIIRS,n,2,286.24,1.48,N,0
34.03959,-118.52079,301.23,0.56,0.52,2025-01-09,0907,N,VIIRS,n,2,284.78,2.09,N,0
34.04369,-118.63303,320.29,0.57,0.52,2025-01-09,0907,N,VIIRS,n,2,283.51,1.93,N,0
34.03532,-118.52798,297.38,0.56,0.52,2025-01-09,0907,N,VIIRS,n,2,283.51,1.48,N,0
34.03994,-118.6476,297.67,0.57,0.52,2025-01-09,0907,N,VIIRS,n,2,283.44,1.3,N,0
34.03945,-118.64126,305.13,0.57,0.52,2025-01-09,0907,N,VIIRS,n,2,285.63,1.3,N,0
34.05234,-118.54318,296.47,0.57,0.52,2025-01-09,0907,N,VIIRS,n,2,285.39,3.27,N,0
34.05184,-118.53735,295.95,0.56,0.52,2025-01-09,0907,N,VIIRS,n,2,284.74,2.2,N,0
34.05075,-118.52497,311.91,0.56,0.52,2025-01-09,0907,N,VIIRS,n,2,287.81,2.07,N,0
34.05021,-118.51877,310.94,0.56,0.52,2025-01-09,0907,N,VIIRS,n,2,287.87,2.07,N,0
34.04813,-118.55053,331.65,0.57,0.52,2025-01-09,0907,N,VIIRS,n,2,284.79,3.27,N,0
34.04707,-118.5384,322.62,0.56,0.52,2025-01-09,0907,N,VIIRS,n,2,289.36,2.2,N,0
34.04758,-118.5443,318.72,0.57,0.52,2025-01-09,0907,N,VIIRS,n,2,288.93,3.27,N,0
34.04653,-118.53218,299.34,0.56,0.52,2025-01-09,0907,N,VIIRS,n,2,284.29,2.2,N,0
34.04598,-118.5259,310.74,0.56,0.52,2025-01-09,0907,N,VIIRS,n,2,287.31,2.07,N,0
34.04544,-118.51967,309.88,0.56,0.52,2025-01-09,0907,N,VIIRS,n,2,287.47,2.07,N,0
34.04337,-118.55167,339.09,0.57,0.52,2025-01-09,0907,N,VIIRS,n,2,287.63,5.22,N,0
34.04443,-118.56398,298.09,0.57,0.52,2025-01-09,0907,N,VIIRS,n,2,284.15,1.76,N,0
34.04283,-118.54545,316.97,0.57,0.52,2025-01-09,0907,N,VIIRS,n,2,287.91,5.22,N,0
34.04231,-118.53947,311.33,0.56,0.52,2025-01-09,0907,N,VIIRS,n,2,285.59,2.41,N,0
34.04175,-118.53307,300.35,0.56,0.52,2025-01-09,0907,N,VIIRS,n,2,285.3,2.41,N,0
34.04119,-118.52666,304.86,0.56,0.52,2025-01-09,0907,N,VIIRS,n,2,285.87,1.69,N,0
34.04066,-118.52045,303.03,0.56,0.52,2025-01-09,0907,N,VIIRS,n,2,285.47,1.69,N,0
34.03643,-118.52765,304.5,0.56,0.52,2025-01-09,0907,N,VIIRS,n,2,284.81,1.69,N,0
34.04073,-118.63425,322.2,0.57,0.52,2025-01-09,0907,N,VIIRS,n,2,283.42,1.36,N,0
34.04128,-118.64069,295.72,0.57,0.52,2025-01-09,0907,N,VIIRS,n,2,284.07,1.36,N,0
34.0365,-118.64178,297.16,0.57,0.52,2025-01-09,0907,N,VIIRS,n,2,283.19,1.36,N,3
33.81948,-118.24318,297.78,0.54,0.51,2025-01-09,0907,N,VIIRS,n,2,283.68,1.27,N,2
33.81427,-118.23787,296.14,0.54,0.51,2025-01-09,0907,N,VIIRS,n,2,284.29,2,N,2
33.81327,-118.23801,295.4,0.54,0.51,2025-01-09,0907,N,VIIRS,n,2,284.16,1.25,N,2
33.61287,-117.82275,297.51,0.51,0.49,2025-01-09,0907,N,VIIRS,n,2,279.06,0.61,N,2
33.49269,-117.61835,295.19,0.49,0.49,2025-01-09,0907,N,VIIRS,n,2,278.16,0.63,N,2
32.85823,-117.14926,296.5,0.46,0.47,2025-01-09,0907,N,VIIRS,n,2,277,0.36,N,2
32.49977,-116.79182,295.65,0.43,0.46,2025-01-09,0907,N,VIIRS,n,2,277.68,0.42,N,2
32.49537,-116.83459,308.23,0.44,0.46,2025-01-09,0907,N,VIIRS,n,2,280.71,1.37,N,0
32.50051,-116.78903,297.48,0.43,0.46,2025-01-09,0907,N,VIIRS,n,2,277.9,0.62,N,2
32.49687,-116.83629,304.41,0.44,0.46,2025-01-09,0907,N,VIIRS,n,2,281.49,1.06,N,0
32.37111,-117.07036,299.24,0.45,0.47,2025-01-09,0907,N,VIIRS,n,2,280.65,0.87,N,2
34.60565,-117.3351,297.4,0.78,0.78,2025-01-09,1047,N,VIIRS,n,2,270.73,2.03,N,2
34.21835,-118.06796,299.76,0.73,0.76,2025-01-09,1047,N,VIIRS,n,2,282.07,7.89,N,0
34.21655,-118.06219,306.15,0.73,0.76,2025-01-09,1047,N,VIIRS,n,2,281.52,6.25,N,0
34.21074,-118.06798,334.96,0.73,0.76,2025-01-09,1047,N,VIIRS,n,2,284.5,7.89,N,0
34.20865,-118.06128,330.28,0.73,0.76,2025-01-09,1047,N,VIIRS,n,2,283.41,6.25,N,0
34.21587,-118.08442,299.3,0.73,0.76,2025-01-09,1047,N,VIIRS,n,2,281.54,2.36,N,0
34.20853,-118.08531,328.14,0.73,0.76,2025-01-09,1047,N,VIIRS,n,2,282.34,3.75,N,0
34.21254,-118.09817,297.72,0.73,0.76,2025-01-09,1047,N,VIIRS,n,2,279.48,3.92,N,0
34.20663,-118.07925,304.23,0.73,0.76,2025-01-09,1047,N,VIIRS,n,2,282.64,3.75,N,0
34.20322,-118.06831,318.79,0.73,0.76,2025-01-09,1047,N,VIIRS,n,2,283.03,6.49,N,0
34.20052,-118.05967,302.72,0.73,0.76,2025-01-09,1047,N,VIIRS,n,2,281.67,2.98,N,0
34.22132,-118.1507,297.4,0.72,0.76,2025-01-09,1047,N,VIIRS,n,2,281.14,1.26,N,0
34.18077,-118.02091,299.73,0.73,0.76,2025-01-09,1047,N,VIIRS,n,2,281.09,1.71,N,0
34.21594,-118.15778,297.55,0.72,0.76,2025-01-09,1047,N,VIIRS,n,2,280.77,2.67,N,0
34.19937,-118.12907,296.68,0.72,0.76,2025-01-09,1047,N,VIIRS,n,2,282.66,1.01,N,0
34.19908,-118.15244,297.99,0.72,0.76,2025-01-09,1047,N,VIIRS,n,2,283.78,2.06,N,0
34.1968,-118.14516,296.63,0.72,0.76,2025-01-09,1047,N,VIIRS,n,2,284.33,3,N,0
34.19448,-118.13775,299.82,0.72,0.76,2025-01-09,1047,N,VIIRS,n,2,284.71,3,N,0
34.19207,-118.13006,302.42,0.72,0.76,2025-01-09,1047,N,VIIRS,n,2,284.01,2.06,N,0
34.19209,-118.15442,300.75,0.72,0.76,2025-01-09,1047,N,VIIRS,n,2,282.62,2.06,N,0
34.18495,-118.13163,297.47,0.72,0.76,2025-01-09,1047,N,VIIRS,n,2,282.66,2.06,N,0
34.21305,-118.06627,354.19,0.73,0.76,2025-01-09,1047,N,VIIRS,n,2,288.23,5.83,N,0
34.20986,-118.0558,314.98,0.73,0.76,2025-01-09,1047,N,VIIRS,n,2,283.07,5.83,N,0
34.21375,-118.09337,324.44,0.73,0.76,2025-01-09,1047,N,VIIRS,n,2,282.12,4.29,N,0
34.20549,-118.06639,330,0.73,0.76,2025-01-09,1047,N,VIIRS,n,2,283.95,5.83,N,0
34.21041,-118.08244,310.73,0.73,0.76,2025-01-09,1047,N,VIIRS,n,2,281.57,4.29,N,0
34.20869,-118.0768,301.15,0.73,0.76,2025-01-09,1047,N,VIIRS,n,2,283.36,11.62,N,0
34.20206,-118.05518,295.79,0.73,0.76,2025-01-09,1047,N,VIIRS,n,2,281.02,5.83,N,0
34.1832,-118.01836,301,0.73,0.76,2025-01-09,1047,N,VIIRS,n,2,281.44,1.77,N,0
34.21756,-118.15535,304.49,0.72,0.76,2025-01-09,1047,N,VIIRS,n,2,281.54,2.62,N,0
34.21535,-118.14815,299.57,0.72,0.76,2025-01-09,1047,N,VIIRS,n,2,280.62,1.43,N,0
34.20063,-118.14957,296.82,0.72,0.76,2025-01-09,1047,N,VIIRS,n,2,283.64,2.18,N,0
34.19841,-118.14231,296.71,0.72,0.76,2025-01-09,1047,N,VIIRS,n,2,284.24,2.18,N,0
34.19613,-118.1349,299.04,0.72,0.76,2025-01-09,1047,N,VIIRS,n,2,284.47,2.16,N,0
34.19373,-118.12707,299.83,0.72,0.76,2025-01-09,1047,N,VIIRS,n,2,283.35,2.16,N,0
34.19363,-118.15145,299.43,0.72,0.76,2025-01-09,1047,N,VIIRS,n,2,283.88,1.63,N,0
34.19134,-118.14401,295.79,0.72,0.76,2025-01-09,1047,N,VIIRS,n,2,283.88,1.63,N,0
34.18899,-118.13636,298.58,0.72,0.76,2025-01-09,1047,N,VIIRS,n,2,282.97,2.18,N,0
34.18659,-118.12855,298.08,0.72,0.76,2025-01-09,1047,N,VIIRS,n,2,282.97,2.18,N,0
34.18669,-118.15357,297.78,0.72,0.76,2025-01-09,1047,N,VIIRS,n,2,279.68,1.63,N,0
34.09099,-118.06596,303.12,0.73,0.76,2025-01-09,1047,N,VIIRS,n,2,275.2,1.29,N,0
34.08668,-118.06983,298.64,0.73,0.76,2025-01-09,1047,N,VIIRS,n,2,275.48,1.29,N,0
34.0996,-118.5293,367,0.69,0.75,2025-01-09,1047,N,VIIRS,h,2,298.38,31.09,N,0
34.09734,-118.52198,355.59,0.7,0.75,2025-01-09,1047,N,VIIRS,n,2,290.58,31.09,N,0
34.103,-118.54032,301.99,0.69,0.75,2025-01-09,1047,N,VIIRS,n,2,283.43,18.3,N,0
34.09895,-118.5514,331.37,0.69,0.74,2025-01-09,1047,N,VIIRS,n,2,285.62,20.15,N,0
34.09619,-118.54247,367,0.69,0.75,2025-01-09,1047,N,VIIRS,h,2,302,20.15,N,0
34.09285,-118.53166,367,0.69,0.75,2025-01-09,1047,N,VIIRS,h,2,298.73,30.21,N,0
34.09034,-118.52354,333.86,0.7,0.75,2025-01-09,1047,N,VIIRS,n,2,285.99,30.21,N,0
34.09201,-118.55311,331.99,0.69,0.74,2025-01-09,1047,N,VIIRS,n,2,285.33,20.15,N,0
34.31153,-119.27122,295.43,0.63,0.72,2025-01-09,1047,N,VIIRS,n,2,278.31,0.91,N,0
34.09392,-118.55927,312.09,0.69,0.74,2025-01-09,1047,N,VIIRS,n,2,284.61,9.74,N,0
34.08969,-118.54561,311.85,0.69,0.75,2025-01-09,1047,N,VIIRS,n,2,284.21,20.15,N,0
34.09946,-118.52673,367,0.7,0.75,2025-01-09,1047,N,VIIRS,h,2,292.95,35.54,N,0
34.09739,-118.51986,350.34,0.7,0.75,2025-01-09,1047,N,VIIRS,n,2,287.5,19.46,N,0
34.10258,-118.53705,296.74,0.69,0.75,2025-01-09,1047,N,VIIRS,n,2,283.36,35.54,N,0
34.09874,-118.54901,342.28,0.69,0.75,2025-01-09,1047,N,VIIRS,n,2,286.58,33.88,N,0
34.09567,-118.53886,355.39,0.69,0.75,2025-01-09,1047,N,VIIRS,n,2,301.83,35.54,N,0
34.09262,-118.52878,351.07,0.7,0.75,2025-01-09,1047,N,VIIRS,n,2,301.2,35.54,N,0
34.09035,-118.52128,325.27,0.7,0.75,2025-01-09,1047,N,VIIRS,n,2,285.88,19.46,N,0
34.31413,-119.26898,296.13,0.63,0.72,2025-01-09,1047,N,VIIRS,n,2,279.16,0.71,N,0
34.09388,-118.55756,322.83,0.69,0.74,2025-01-09,1047,N,VIIRS,n,2,285.39,7.52,N,0
34.09189,-118.55099,343.09,0.69,0.75,2025-01-09,1047,N,VIIRS,n,2,286.13,7.52,N,0
34.08941,-118.54281,308.77,0.69,0.75,2025-01-09,1047,N,VIIRS,n,2,284.66,5.22,N,0
34.09055,-118.57111,331.7,0.69,0.74,2025-01-09,1047,N,VIIRS,n,2,286.39,3.96,N,0
34.08841,-118.56408,298.65,0.69,0.74,2025-01-09,1047,N,VIIRS,n,2,285.16,3.96,N,0
34.08874,-118.58971,348.92,0.69,0.74,2025-01-09,1047,N,VIIRS,n,2,287.26,17.57,N,0
34.0863,-118.58167,367,0.69,0.74,2025-01-09,1047,N,VIIRS,h,2,292.32,17.57,N,0
34.08367,-118.57298,367,0.69,0.74,2025-01-09,1047,N,VIIRS,h,2,297.94,8.28,N,0
34.08138,-118.56543,302.81,0.69,0.74,2025-01-09,1047,N,VIIRS,n,2,285.45,8.28,N,0
34.0795,-118.55929,295.09,0.69,0.74,2025-01-09,1047,N,VIIRS,n,2,283.91,1.52,N,0
34.08398,-118.59854,367,0.69,0.74,2025-01-09,1047,N,VIIRS,h,2,286.03,30.57,N,0
34.08181,-118.59138,367,0.69,0.74,2025-01-09,1047,N,VIIRS,h,2,288.37,17.57,N,0
34.07977,-118.58468,320.47,0.69,0.74,2025-01-09,1047,N,VIIRS,n,2,283.73,17.57,N,0
34.07763,-118.57766,296.68,0.69,0.74,2025-01-09,1047,N,VIIRS,n,2,283.03,8.28,N,0
34.07474,-118.56814,299.31,0.69,0.74,2025-01-09,1047,N,VIIRS,n,2,284.26,8.28,N,0
34.07244,-118.56057,301.8,0.69,0.74,2025-01-09,1047,N,VIIRS,n,2,283.82,1.52,N,0
34.07062,-118.5546,296.26,0.69,0.75,2025-01-09,1047,N,VIIRS,n,2,282.88,1.52,N,0
34.06129,-118.54848,306.78,0.69,0.75,2025-01-09,1047,N,VIIRS,n,2,282.43,2.38,N,0
34.08243,-118.64236,299.92,0.69,0.74,2025-01-09,1047,N,VIIRS,n,2,282.19,1.57,N,0
34.07248,-118.60966,315.61,0.69,0.74,2025-01-09,1047,N,VIIRS,n,2,284.77,5.59,N,0
34.06962,-118.6003,312.27,0.69,0.74,2025-01-09,1047,N,VIIRS,n,2,283.63,2.84,N,0
34.04686,-118.52568,299.24,0.7,0.75,2025-01-09,1047,N,VIIRS,n,2,284.82,3.06,N,0
34.047,-118.55058,303.3,0.69,0.75,2025-01-09,1047,N,VIIRS,n,2,283.12,1.3,N,0
34.04457,-118.54262,301.91,0.7,0.75,2025-01-09,1047,N,VIIRS,n,2,284.54,1.3,N,0
34.04228,-118.53515,298.84,0.7,0.75,2025-01-09,1047,N,VIIRS,n,2,283.12,1.29,N,0
34.04008,-118.52796,296.57,0.7,0.75,2025-01-09,1047,N,VIIRS,n,2,284.04,1.29,N,0
34.07713,-118.67368,323.15,0.68,0.74,2025-01-09,1047,N,VIIRS,n,2,285.89,3.75,N,0
34.07848,-118.67812,308.01,0.68,0.74,2025-01-09,1047,N,VIIRS,n,2,283.62,3.75,N,0
34.07565,-118.66887,304.39,0.68,0.74,2025-01-09,1047,N,VIIRS,n,2,283,2.23,N,0
34.07381,-118.66284,307.25,0.69,0.74,2025-01-09,1047,N,VIIRS,n,2,282.59,2.23,N,0
34.04005,-118.55228,299.2,0.69,0.75,2025-01-09,1047,N,VIIRS,n,2,280.8,1.3,N,0
34.07035,-118.67578,367,0.68,0.74,2025-01-09,1047,N,VIIRS,h,2,293.17,6.83,N,0
34.07188,-118.68081,302.25,0.68,0.74,2025-01-09,1047,N,VIIRS,n,2,283.25,6.83,N,0
34.06383,-118.67874,300.54,0.68,0.74,2025-01-09,1047,N,VIIRS,n,2,281.07,6.83,N,0
34.07721,-118.67743,328.58,0.68,0.74,2025-01-09,1047,N,VIIRS,n,2,285.39,8.58,N,0
34.07585,-118.67291,322.44,0.68,0.74,2025-01-09,1047,N,VIIRS,n,2,286.91,6.82,N,0
34.07433,-118.66783,296.69,0.69,0.74,2025-01-09,1047,N,VIIRS,n,2,282.01,6.82,N,0
34.03912,-118.55009,296.11,0.7,0.75,2025-01-09,1047,N,VIIRS,n,2,280.39,1.85,N,0
34.0691,-118.67506,367,0.68,0.74,2025-01-09,1047,N,VIIRS,h,2,291.37,6.82,N,0
34.0706,-118.68007,302.67,0.68,0.74,2025-01-09,1047,N,VIIRS,n,2,282.93,8.58,N,0
34.04216,-118.63465,299.45,0.69,0.74,2025-01-09,1047,N,VIIRS,n,2,280.84,1.02,N,0
33.85309,-118.33435,296.12,0.72,0.76,2025-01-09,1047,N,VIIRS,n,2,283.01,1.49,N,2
33.85446,-118.33079,295.67,0.72,0.76,2025-01-09,1047,N,VIIRS,n,2,282.46,1.24,N,2
32.43198,-117.01022,335.07,0.4,0.44,2025-01-09,2026,N,VIIRS,n,2,299.28,2.64,D,0
33.11243,-115.38318,330.02,0.49,0.4,2025-01-09,2026,N,VIIRS,n,2,295.93,3.67,D,0
34.04286,-118.54419,332.13,0.45,0.47,2025-01-09,2026,N,VIIRS,n,2,297.5,2.33,D,0
34.08423,-118.51865,330.04,0.45,0.47,2025-01-09,2026,N,VIIRS,n,2,302.07,3.2,D,0
34.0864,-118.521,341.86,0.45,0.47,2025-01-09,2026,N,VIIRS,n,2,306.27,4.9,D,0
34.09178,-118.5169,340.92,0.45,0.47,2025-01-09,2026,N,VIIRS,n,2,303.83,33.27,D,0
34.07209,-118.60699,330.64,0.45,0.47,2025-01-09,2026,N,VIIRS,n,2,291.96,10.02,D,0
34.06443,-118.6419,333.95,0.46,0.47,2025-01-09,2026,N,VIIRS,n,2,294.07,3.16,D,0
34.09066,-118.52203,306.49,0.45,0.47,2025-01-09,2026,N,VIIRS,l,2,322.4,76.17,D,0
34.07534,-118.61272,367,0.45,0.47,2025-01-09,2026,N,VIIRS,h,2,301.66,10.02,D,0
34.09605,-118.51792,340.98,0.45,0.47,2025-01-09,2026,N,VIIRS,n,2,296.42,33.27,D,0
34.08428,-118.57185,342.73,0.45,0.47,2025-01-09,2026,N,VIIRS,n,2,300.64,7.01,D,0
34.08331,-118.5763,346.36,0.45,0.47,2025-01-09,2026,N,VIIRS,n,2,302.03,7.01,D,0
34.08233,-118.58077,341.62,0.45,0.47,2025-01-09,2026,N,VIIRS,n,2,296.66,10.59,D,0
34.08653,-118.58219,367,0.45,0.47,2025-01-09,2026,N,VIIRS,h,2,367.3,86.93,D,0
34.0981,-118.52912,355.54,0.45,0.47,2025-01-09,2026,N,VIIRS,n,2,330.53,117.25,D,0
34.09711,-118.53365,350.87,0.45,0.47,2025-01-09,2026,N,VIIRS,n,2,309.23,31.98,D,0
34.09617,-118.538,336.21,0.45,0.47,2025-01-09,2026,N,VIIRS,n,2,301.01,31.98,D,0
34.09523,-118.5423,349.15,0.45,0.47,2025-01-09,2026,N,VIIRS,n,2,309.09,44.77,D,0
34.09427,-118.54673,348.54,0.45,0.47,2025-01-09,2026,N,VIIRS,n,2,309.82,44.77,D,0
34.09322,-118.55153,349.61,0.45,0.47,2025-01-09,2026,N,VIIRS,n,2,317.95,197.98,D,0
34.09207,-118.55681,347.61,0.45,0.47,2025-01-09,2026,N,VIIRS,n,2,306.22,197.98,D,0
34.09083,-118.56249,328.95,0.45,0.47,2025-01-09,2026,N,VIIRS,n,2,293.54,6.38,D,0
34.08854,-118.57298,344.75,0.45,0.47,2025-01-09,2026,N,VIIRS,n,2,294.62,32.58,D,0
34.08752,-118.57761,353.89,0.45,0.47,2025-01-09,2026,N,VIIRS,n,2,303.42,32.58,D,0
34.08553,-118.58677,356.44,0.45,0.47,2025-01-09,2026,N,VIIRS,n,2,299.79,86.93,D,0
34.08441,-118.59187,353.46,0.45,0.47,2025-01-09,2026,N,VIIRS,n,2,303.76,52.51,D,0
34.0833,-118.59696,350.43,0.45,0.47,2025-01-09,2026,N,VIIRS,n,2,304.19,52.51,D,0
34.06567,-118.67756,347.11,0.46,0.47,2025-01-09,2026,N,VIIRS,n,2,300.28,9.24,D,0
34.06443,-118.6832,337.56,0.46,0.47,2025-01-09,2026,N,VIIRS,n,2,297.15,9.24,D,0
34.09917,-118.52422,351.79,0.45,0.47,2025-01-09,2026,N,VIIRS,l,2,332.44,117.25,D,0
34.10238,-118.53012,367,0.45,0.47,2025-01-09,2026,N,VIIRS,h,2,347.7,117.25,D,0
34.10144,-118.53444,367,0.45,0.47,2025-01-09,2026,N,VIIRS,h,2,342.18,31.98,D,0
34.09853,-118.5478,367,0.45,0.47,2025-01-09,2026,N,VIIRS,h,2,366.03,44.77,D,0
34.09748,-118.5526,367,0.45,0.47,2025-01-09,2026,N,VIIRS,h,2,374.29,197.98,D,0
34.10048,-118.53882,352.74,0.45,0.47,2025-01-09,2026,N,VIIRS,n,2,314.88,31.98,D,0
34.09516,-118.56329,351.57,0.45,0.47,2025-01-09,2026,N,VIIRS,n,2,293,6.38,D,0
34.09402,-118.56849,330.02,0.45,0.47,2025-01-09,2026,N,VIIRS,n,2,289.68,6.38,D,0
34.09187,-118.57837,336.25,0.45,0.47,2025-01-09,2026,N,VIIRS,n,2,291.81,32.58,D,0
34.09082,-118.58319,341.24,0.45,0.47,2025-01-09,2026,N,VIIRS,n,2,299.73,86.93,D,0
34.08977,-118.58798,342.51,0.45,0.47,2025-01-09,2026,N,VIIRS,n,2,298.64,86.93,D,0
34.08755,-118.59816,333.8,0.45,0.47,2025-01-09,2026,N,VIIRS,n,2,298.02,52.51,D,0
34.07106,-118.67364,342.62,0.46,0.47,2025-01-09,2026,N,VIIRS,n,2,299.49,14.35,D,0
34.06979,-118.67944,345.11,0.46,0.47,2025-01-09,2026,N,VIIRS,n,2,304.99,9.24,D,0
34.1034,-118.52539,367,0.45,0.47,2025-01-09,2026,N,VIIRS,l,2,333.7,117.25,D,0
34.09952,-118.54324,355.47,0.45,0.47,2025-01-09,2026,N,VIIRS,l,2,339.87,44.77,D,0
34.20609,-118.06879,367,0.42,0.45,2025-01-09,2026,N,VIIRS,h,2,301.77,10.71,D,0
34.10476,-118.5398,367,0.45,0.47,2025-01-09,2026,N,VIIRS,h,2,338.79,50.67,D,0
34.1038,-118.54427,367,0.45,0.47,2025-01-09,2026,N,VIIRS,h,2,379.71,289.24,D,0
34.10278,-118.54896,367,0.45,0.47,2025-01-09,2026,N,VIIRS,h,2,344.29,289.24,D,0
34.10173,-118.55375,367,0.45,0.47,2025-01-09,2026,N,VIIRS,h,2,364.38,173.42,D,0
34.20724,-118.06335,327.66,0.42,0.45,2025-01-09,2026,N,VIIRS,n,2,292.38,10.71,D,0
34.20491,-118.0743,354.12,0.42,0.45,2025-01-09,2026,N,VIIRS,n,2,291.71,16.23,D,0
34.10571,-118.53546,342.63,0.45,0.47,2025-01-09,2026,N,VIIRS,n,2,295.3,50.67,D,0
34.10062,-118.55888,329.88,0.45,0.47,2025-01-09,2026,N,VIIRS,n,2,303.59,173.42,D,0
34.09947,-118.56413,327.03,0.45,0.47,2025-01-09,2026,N,VIIRS,n,2,290.76,5.69,D,0
34.07521,-118.6754,333.33,0.46,0.47,2025-01-09,2026,N,VIIRS,n,2,299.15,3.9,D,0
34.21243,-118.05948,333.19,0.42,0.45,2025-01-09,2026,N,VIIRS,n,2,291.5,4.98,D,0
34.21149,-118.06387,344.51,0.42,0.45,2025-01-09,2026,N,VIIRS,n,2,294.78,10.71,D,0
34.21021,-118.0699,352.98,0.42,0.45,2025-01-09,2026,N,VIIRS,n,2,295.45,10.71,D,0
34.20895,-118.07581,353.47,0.42,0.45,2025-01-09,2026,N,VIIRS,n,2,303.81,16.23,D,0
34.2078,-118.08124,350.56,0.42,0.45,2025-01-09,2026,N,VIIRS,n,2,293.68,16.23,D,0
34.10889,-118.54148,340.62,0.45,0.47,2025-01-09,2026,N,VIIRS,n,2,291,50.67,D,0
34.10792,-118.54595,349.49,0.45,0.47,2025-01-09,2026,N,VIIRS,n,2,291.1,289.24,D,0
34.21304,-118.07713,355.21,0.42,0.45,2025-01-09,2026,N,VIIRS,n,2,299.37,15.96,D,0
34.21191,-118.08241,348.46,0.42,0.45,2025-01-09,2026,N,VIIRS,n,2,291.75,15.96,D,0
34.21092,-118.08709,329.61,0.42,0.45,2025-01-09,2026,N,VIIRS,n,2,287.52,3.83,D,0
34.21434,-118.07099,294.62,0.42,0.45,2025-01-09,2026,N,VIIRS,l,2,316.98,221.11,D,0
34.21983,-118.06568,367,0.42,0.45,2025-01-09,2026,N,VIIRS,h,2,340.4,221.11,D,0
34.2209,-118.06064,340.55,0.42,0.45,2025-01-09,2026,N,VIIRS,n,2,293,57,D,0
34.21722,-118.07795,356.06,0.42,0.45,2025-01-09,2026,N,VIIRS,n,2,297.94,15.96,D,0
34.21611,-118.08318,355.25,0.42,0.45,2025-01-09,2026,N,VIIRS,n,2,291.86,15.96,D,0
34.21513,-118.08782,342.08,0.42,0.45,2025-01-09,2026,N,VIIRS,n,2,288.72,3.83,D,0
34.21428,-118.09181,333,0.42,0.46,2025-01-09,2026,N,VIIRS,n,2,289.59,3.83,D,0
34.21854,-118.07175,270.17,0.42,0.45,2025-01-09,2026,N,VIIRS,l,2,323.7,221.11,D,0
34.22279,-118.07227,367,0.42,0.45,2025-01-09,2026,N,VIIRS,h,2,327.06,77.94,D,0
34.22033,-118.08386,367,0.42,0.45,2025-01-09,2026,N,VIIRS,h,2,295.96,27.78,D,0
34.22148,-118.07845,351.04,0.42,0.45,2025-01-09,2026,N,VIIRS,n,2,302.57,27.78,D,0
34.21934,-118.08855,343.91,0.42,0.45,2025-01-09,2026,N,VIIRS,n,2,292.44,6.57,D,0
34.21847,-118.09264,342.37,0.42,0.46,2025-01-09,2026,N,VIIRS,n,2,294.49,6.57,D,0
34.21762,-118.09667,344.56,0.42,0.46,2025-01-09,2026,N,VIIRS,n,2,296.06,9.39,D,0
34.21673,-118.10085,339.44,0.42,0.46,2025-01-09,2026,N,VIIRS,n,2,294.09,9.39,D,0
34.22403,-118.06643,367,0.42,0.45,2025-01-09,2026,N,VIIRS,l,2,325.11,77.94,D,0
34.22464,-118.08412,367,0.42,0.45,2025-01-09,2026,N,VIIRS,h,2,297.73,27.78,D,0
34.22094,-118.10162,367,0.42,0.46,2025-01-09,2026,N,VIIRS,h,2,305.58,9.39,D,0
34.21999,-118.10607,367,0.42,0.46,2025-01-09,2026,N,VIIRS,h,2,301.99,8.7,D,0
34.22822,-118.06718,339.13,0.42,0.45,2025-01-09,2026,N,VIIRS,n,2,289.27,77.94,D,0
34.22578,-118.07871,353.72,0.42,0.45,2025-01-09,2026,N,VIIRS,n,2,304.51,27.78,D,0
34.22362,-118.08896,355.74,0.42,0.45,2025-01-09,2026,N,VIIRS,n,2,297.21,6.57,D,0
34.2227,-118.09326,349.42,0.42,0.46,2025-01-09,2026,N,VIIRS,n,2,298.43,6.57,D,0
34.22182,-118.09743,350.44,0.42,0.46,2025-01-09,2026,N,VIIRS,n,2,299.64,9.39,D,0
34.21894,-118.11103,337.54,0.43,0.46,2025-01-09,2026,N,VIIRS,n,2,296.79,8.7,D,0
34.2271,-118.07246,367,0.42,0.45,2025-01-09,2026,N,VIIRS,l,2,333.22,77.94,D,0
34.22897,-118.08428,367,0.42,0.45,2025-01-09,2026,N,VIIRS,h,2,301.4,26.64,D,0
34.22427,-118.10647,367,0.42,0.46,2025-01-09,2026,N,VIIRS,h,2,307.36,67.88,D,0
34.23119,-118.07375,357.08,0.42,0.45,2025-01-09,2026,N,VIIRS,n,2,300.4,39.9,D,0
34.23005,-118.07915,356,0.42,0.45,2025-01-09,2026,N,VIIRS,n,2,304.29,26.64,D,0
34.22699,-118.09363,352.09,0.42,0.46,2025-01-09,2026,N,VIIRS,n,2,293.84,8.85,D,0
34.22609,-118.09785,340.52,0.42,0.46,2025-01-09,2026,N,VIIRS,n,2,288.53,13.09,D,0
34.22523,-118.10194,346.58,0.42,0.46,2025-01-09,2026,N,VIIRS,n,2,293.69,13.09,D,0
34.22321,-118.11148,356.4,0.43,0.46,2025-01-09,2026,N,VIIRS,n,2,302.19,67.88,D,0
34.2221,-118.11677,336.96,0.43,0.46,2025-01-09,2026,N,VIIRS,n,2,291.35,9.76,D,0
34.22793,-118.08916,357.16,0.42,0.45,2025-01-09,2026,N,VIIRS,l,2,299.35,8.85,D,0
34.23425,-118.0799,367,0.42,0.45,2025-01-09,2026,N,VIIRS,h,2,295.78,26.64,D,0
34.23324,-118.08469,352.2,0.42,0.45,2025-01-09,2026,N,VIIRS,n,2,304.76,26.64,D,0
34.23224,-118.08942,336.54,0.42,0.45,2025-01-09,2026,N,VIIRS,n,2,288.13,8.85,D,0
34.22623,-118.11787,347.32,0.43,0.46,2025-01-09,2026,N,VIIRS,n,2,289.2,9.76,D,0
34.22853,-118.107,367,0.42,0.46,2025-01-09,2026,N,VIIRS,l,2,330.91,67.88,D,0
34.2274,-118.11233,304.25,0.43,0.46,2025-01-09,2026,N,VIIRS,l,2,321.59,67.88,D,0
34.3338,-118.52038,328.17,0.44,0.46,2025-01-09,2026,N,VIIRS,n,2,297.4,1.78,D,2
34.92106,-119.56863,329.46,0.49,0.49,2025-01-09,2027,N,VIIRS,n,2,295.3,2.33,D,0
36.09916,-121.03605,328.86,0.55,0.51,2025-01-09,2027,N,VIIRS,n,2,293.35,2.71,D,0
34.60761,-117.34,296.05,0.46,0.63,2025-01-10,0848,N,VIIRS,n,2,275.85,1.39,N,2
34.33674,-118.52164,295.78,0.53,0.67,2025-01-10,0848,N,VIIRS,n,2,282.95,0.4,N,2
34.3432,-119.01217,297.4,0.56,0.69,2025-01-10,0848,N,VIIRS,n,2,284.6,0.5,N,0
34.31438,-119.27016,303.04,0.58,0.7,2025-01-10,0848,N,VIIRS,n,2,284.64,1.25,N,0
34.2331,-118.09432,352.9,0.5,0.66,2025-01-10,0848,N,VIIRS,n,2,285.12,4.89,N,0
34.23287,-118.08913,321.53,0.5,0.66,2025-01-10,0848,N,VIIRS,n,2,282.79,4.89,N,0
34.23261,-118.08352,296.4,0.5,0.66,2025-01-10,0848,N,VIIRS,n,2,280.15,1.26,N,0
34.22705,-118.09693,341.77,0.5,0.66,2025-01-10,0848,N,VIIRS,n,2,284.37,4.89,N,0
34.22823,-118.12288,297.95,0.5,0.66,2025-01-10,0848,N,VIIRS,n,2,281,1.31,N,0
34.22724,-118.10099,301.36,0.5,0.66,2025-01-10,0848,N,VIIRS,n,2,280.01,8.62,N,0
34.22684,-118.09243,313.97,0.5,0.66,2025-01-10,0848,N,VIIRS,n,2,282.35,4.89,N,0
34.22661,-118.0874,301.42,0.5,0.66,2025-01-10,0848,N,VIIRS,n,2,281.11,1.26,N,0
34.22632,-118.08113,303.89,0.5,0.66,2025-01-10,0848,N,VIIRS,n,2,281.7,1.26,N,0
34.21952,-118.06712,320.41,0.5,0.66,2025-01-10,0848,N,VIIRS,n,2,281.89,2.06,N,0
34.22003,-118.07851,298.14,0.5,0.66,2025-01-10,0848,N,VIIRS,n,2,281.42,2.06,N,0
34.2192,-118.06001,318.69,0.5,0.66,2025-01-10,0848,N,VIIRS,n,2,281.99,3.56,N,0
34.21294,-118.05796,329.63,0.5,0.66,2025-01-10,0848,N,VIIRS,n,2,283.63,3.56,N,0
34.21276,-118.05411,328.88,0.5,0.66,2025-01-10,0848,N,VIIRS,n,2,283.93,4.39,N,0
34.21361,-118.07296,302.34,0.5,0.66,2025-01-10,0848,N,VIIRS,n,2,280.32,2.06,N,0
34.21315,-118.06252,304.4,0.5,0.66,2025-01-10,0848,N,VIIRS,n,2,280.91,3.56,N,0
34.20147,-118.07726,299.9,0.5,0.66,2025-01-10,0848,N,VIIRS,n,2,279.91,1.36,N,0
34.22756,-118.09726,343.66,0.5,0.66,2025-01-10,0848,N,VIIRS,n,2,285.21,8.95,N,0
34.22733,-118.09281,320.84,0.5,0.66,2025-01-10,0848,N,VIIRS,n,2,282.95,3.15,N,0
34.22893,-118.12373,296.19,0.5,0.66,2025-01-10,0848,N,VIIRS,n,2,280.77,1.22,N,0
34.22708,-118.08789,299.94,0.5,0.66,2025-01-10,0848,N,VIIRS,n,2,281.31,3.15,N,0
34.22676,-118.08173,306.47,0.5,0.66,2025-01-10,0848,N,VIIRS,n,2,282.13,1.7,N,0
34.22046,-118.07932,297.16,0.5,0.66,2025-01-10,0848,N,VIIRS,n,2,281.19,1.7,N,0
34.21989,-118.06829,316.34,0.5,0.66,2025-01-10,0848,N,VIIRS,n,2,281.35,2.24,N,0
34.21949,-118.06059,319.65,0.5,0.66,2025-01-10,0848,N,VIIRS,n,2,281.92,2.24,N,0
34.21925,-118.05595,296.89,0.5,0.66,2025-01-10,0848,N,VIIRS,n,2,280.39,0.78,N,0
34.21321,-118.05833,323.44,0.5,0.66,2025-01-10,0848,N,VIIRS,n,2,283.11,4.37,N,0
34.21302,-118.0545,336.17,0.5,0.66,2025-01-10,0848,N,VIIRS,n,2,284.73,4.37,N,0
34.21403,-118.07418,302.78,0.5,0.66,2025-01-10,0848,N,VIIRS,n,2,281.02,2.02,N,0
34.21347,-118.06319,302.08,0.5,0.66,2025-01-10,0848,N,VIIRS,n,2,280.59,2.02,N,0
34.2019,-118.07809,297.8,0.5,0.66,2025-01-10,0848,N,VIIRS,n,2,280.79,1.1,N,0
34.15203,-118.19795,295.72,0.51,0.66,2025-01-10,0848,N,VIIRS,n,2,281.36,0.62,N,2
34.11657,-118.53059,296.18,0.53,0.67,2025-01-10,0848,N,VIIRS,n,2,284.28,0.85,N,0
34.11052,-118.53731,367,0.53,0.67,2025-01-10,0848,N,VIIRS,h,2,294.69,11.81,N,0
34.11029,-118.53164,367,0.53,0.67,2025-01-10,0848,N,VIIRS,h,2,297.04,11.81,N,0
34.11075,-118.54285,315.55,0.53,0.67,2025-01-10,0848,N,VIIRS,n,2,287.08,7.18,N,0
34.11005,-118.52579,305.19,0.53,0.67,2025-01-10,0848,N,VIIRS,n,2,287.21,3.99,N,0
34.10979,-118.51945,301.32,0.53,0.67,2025-01-10,0848,N,VIIRS,n,2,284.58,3.99,N,0
34.1051,-118.55922,367,0.53,0.67,2025-01-10,0848,N,VIIRS,h,2,293.23,20.14,N,0
34.10485,-118.55297,350.73,0.53,0.67,2025-01-10,0848,N,VIIRS,n,2,293.21,20.14,N,0
34.06978,-118.67642,340.7,0.54,0.68,2025-01-10,0848,N,VIIRS,n,2,287.43,7.7,N,0
34.07043,-118.69158,323.06,0.54,0.68,2025-01-10,0848,N,VIIRS,n,2,285.77,18.22,N,0
34.07013,-118.68455,367,0.54,0.68,2025-01-10,0848,N,VIIRS,h,2,299.49,18.22,N,0
33.85254,-118.33245,303.98,0.51,0.66,2025-01-10,0848,N,VIIRS,n,2,286.09,1.84,N,2
33.8173,-118.24395,296.47,0.51,0.66,2025-01-10,0848,N,VIIRS,n,2,282.91,1.19,N,2
33.81839,-118.24459,298.16,0.51,0.66,2025-01-10,0848,N,VIIRS,n,2,283.93,1.06,N,2
33.81192,-118.2394,295.16,0.51,0.66,2025-01-10,0848,N,VIIRS,n,2,284.03,1.06,N,2
33.71706,-117.712,297.27,0.47,0.64,2025-01-10,0848,N,VIIRS,n,2,285.79,0.46,N,2
32.5968,-117.0135,297.36,0.42,0.61,2025-01-10,0848,N,VIIRS,n,2,282.53,0.29,N,2
34.10418,-118.53665,335.43,0.53,0.67,2025-01-10,0848,N,VIIRS,n,2,289.5,11.81,N,0
34.10353,-118.52067,339.04,0.53,0.67,2025-01-10,0848,N,VIIRS,n,2,293.25,3.99,N,0
34.10461,-118.5472,308.57,0.53,0.67,2025-01-10,0848,N,VIIRS,n,2,286.56,7.18,N,0
34.104,-118.53216,312.06,0.53,0.67,2025-01-10,0848,N,VIIRS,n,2,288.87,11.81,N,0
34.10379,-118.52696,319.11,0.53,0.67,2025-01-10,0848,N,VIIRS,n,2,291.67,3.99,N,0
34.11387,-118.52986,333.27,0.53,0.67,2025-01-10,0848,N,VIIRS,n,2,287,3.71,N,0
34.10809,-118.54116,343.34,0.53,0.67,2025-01-10,0848,N,VIIRS,n,2,291.34,10.67,N,0
34.10784,-118.53587,367,0.53,0.67,2025-01-10,0848,N,VIIRS,h,2,298.8,10.67,N,0
34.1076,-118.53078,367,0.53,0.67,2025-01-10,0848,N,VIIRS,h,2,295.7,10.56,N,0
34.10703,-118.51852,323.21,0.53,0.67,2025-01-10,0848,N,VIIRS,n,2,288.27,6.46,N,0
34.10886,-118.55789,308.55,0.53,0.67,2025-01-10,0848,N,VIIRS,n,2,285.48,12.17,N,0
34.1086,-118.55212,309.51,0.53,0.67,2025-01-10,0848,N,VIIRS,n,2,286.48,6.52,N,0
34.10834,-118.54662,303.73,0.53,0.67,2025-01-10,0848,N,VIIRS,n,2,286.61,6.52,N,0
34.10733,-118.52505,319.1,0.53,0.67,2025-01-10,0848,N,VIIRS,n,2,291.6,10.56,N,0
34.10255,-118.55812,367,0.53,0.67,2025-01-10,0848,N,VIIRS,h,2,294.87,12.17,N,0
34.10226,-118.5518,352.85,0.53,0.67,2025-01-10,0848,N,VIIRS,n,2,288.99,6.52,N,0
34.10077,-118.5197,354.14,0.53,0.67,2025-01-10,0848,N,VIIRS,n,2,299.38,6.46,N,0
34.10439,-118.54172,325.71,0.53,0.67,2025-01-10,0848,N,VIIRS,n,2,288.53,7.18,N,0
34.10286,-118.56483,303.28,0.53,0.67,2025-01-10,0848,N,VIIRS,n,2,284.15,12.17,N,0
34.102,-118.54609,298.94,0.53,0.67,2025-01-10,0848,N,VIIRS,n,2,284.99,6.52,N,0
34.10176,-118.54095,296.29,0.53,0.67,2025-01-10,0848,N,VIIRS,n,2,285.32,10.67,N,0
34.10154,-118.53614,297.91,0.53,0.67,2025-01-10,0848,N,VIIRS,n,2,286.05,10.67,N,0
34.10108,-118.52627,317.41,0.53,0.67,2025-01-10,0848,N,VIIRS,n,2,289.92,10.56,N,0
34.09452,-118.521,367,0.53,0.67,2025-01-10,0848,N,VIIRS,h,2,309.5,21.46,N,0
34.09422,-118.51421,321.13,0.53,0.67,2025-01-10,0848,N,VIIRS,n,2,285.33,21.46,N,0
34.09482,-118.52748,300.62,0.53,0.67,2025-01-10,0848,N,VIIRS,n,2,285.39,19.17,N,0
34.08176,-118.51792,328.82,0.53,0.67,2025-01-10,0848,N,VIIRS,n,2,287,3.55,N,0
34.08549,-118.60073,302.56,0.53,0.67,2025-01-10,0848,N,VIIRS,n,2,283.6,1.41,N,0
34.08521,-118.5943,298.71,0.53,0.67,2025-01-10,0848,N,VIIRS,n,2,285.22,1.37,N,0
34.07615,-118.67665,307.34,0.54,0.68,2025-01-10,0848,N,VIIRS,n,2,284.44,7.7,N,0
32.03279,-116.86897,306.87,0.41,0.6,2025-01-10,0849,N,VIIRS,n,2,286.45,1.15,N,0
32.03247,-116.86429,295.73,0.41,0.6,2025-01-10,0849,N,VIIRS,n,2,285.51,0.8,N,0
32.02716,-116.86964,302.07,0.41,0.6,2025-01-10,0849,N,VIIRS,n,2,286.14,1,N,0
32.42172,-116.92239,301.26,0.41,0.61,2025-01-10,0849,N,VIIRS,n,2,283.62,0.51,N,0
32.3734,-117.06818,299.86,0.42,0.61,2025-01-10,0849,N,VIIRS,n,2,282.01,0.46,N,2
32.31747,-117.01696,303.87,0.42,0.61,2025-01-10,0849,N,VIIRS,n,2,284.65,2.23,N,0
32.3726,-117.06925,300.3,0.42,0.61,2025-01-10,0849,N,VIIRS,n,2,282.09,0.34,N,2
32.31715,-117.01193,334.42,0.42,0.61,2025-01-10,0849,N,VIIRS,n,2,286.88,2.23,N,0
34.22264,-118.08155,298.12,0.41,0.61,2025-01-10,1028,N,VIIRS,n,2,281.47,1.13,N,0
34.22168,-118.07785,301.45,0.41,0.61,2025-01-10,1028,N,VIIRS,n,2,281.86,1.13,N,0
34.22083,-118.07456,301.81,0.41,0.61,2025-01-10,1028,N,VIIRS,n,2,280.54,1.32,N,0
34.21999,-118.07135,305.18,0.41,0.61,2025-01-10,1028,N,VIIRS,n,2,281.86,1.32,N,0
34.21915,-118.06812,312.2,0.41,0.61,2025-01-10,1028,N,VIIRS,n,2,281.75,2.02,N,0
34.21828,-118.06478,309.22,0.41,0.61,2025-01-10,1028,N,VIIRS,n,2,280.88,2.02,N,0
34.21724,-118.06078,295.89,0.41,0.61,2025-01-10,1028,N,VIIRS,n,2,280.98,0.77,N,0
34.2256,-118.11583,308.84,0.41,0.6,2025-01-10,1028,N,VIIRS,n,2,281.44,1.39,N,0
34.22468,-118.11229,298.65,0.41,0.6,2025-01-10,1028,N,VIIRS,n,2,280.33,0.69,N,0
34.21411,-118.07153,301.99,0.41,0.61,2025-01-10,1028,N,VIIRS,n,2,281.9,0.92,N,0
34.2133,-118.06843,300.31,0.41,0.61,2025-01-10,1028,N,VIIRS,n,2,281.27,1.09,N,0
34.32101,-118.50903,296.97,0.38,0.59,2025-01-10,1028,N,VIIRS,n,2,281.28,0.13,N,2
34.20921,-118.07548,297.12,0.41,0.61,2025-01-10,1028,N,VIIRS,n,2,281.41,0.92,N,0
34.2084,-118.07236,295.32,0.41,0.61,2025-01-10,1028,N,VIIRS,n,2,281.55,0.92,N,0
34.20755,-118.06912,299.02,0.41,0.61,2025-01-10,1028,N,VIIRS,n,2,281.19,1.09,N,0
34.20176,-118.06966,299.29,0.41,0.61,2025-01-10,1028,N,VIIRS,n,2,279.71,0.7,N,0
34.21767,-118.1535,320.44,0.4,0.6,2025-01-10,1028,N,VIIRS,n,2,284.4,4.39,N,0
34.21662,-118.14946,346.74,0.41,0.6,2025-01-10,1028,N,VIIRS,n,2,283.26,4.67,N,0
34.19072,-118.05004,297.56,0.41,0.61,2025-01-10,1028,N,VIIRS,n,2,279.64,0.54,N,0
34.34313,-119.01315,299.09,0.36,0.57,2025-01-10,1028,N,VIIRS,n,2,283.61,0.3,N,0
34.18058,-118.68724,296.09,0.38,0.59,2025-01-10,1028,N,VIIRS,n,2,283.71,0.64,N,0
34.31242,-119.26707,301.73,0.35,0.57,2025-01-10,1028,N,VIIRS,n,2,282.31,0.52,N,0
34.11643,-118.5296,367,0.39,0.59,2025-01-10,1028,N,VIIRS,h,2,292.2,30.33,N,0
34.11534,-118.52542,355.61,0.39,0.59,2025-01-10,1028,N,VIIRS,n,2,322.21,27.38,N,0
34.11425,-118.52127,339.71,0.39,0.59,2025-01-10,1028,N,VIIRS,n,2,292.54,27.38,N,0
34.11748,-118.53363,299.32,0.39,0.59,2025-01-10,1028,N,VIIRS,n,2,284.8,30.33,N,0
34.11211,-118.53527,367,0.39,0.59,2025-01-10,1028,N,VIIRS,h,2,297.4,30.33,N,0
34.11103,-118.53116,337.7,0.39,0.59,2025-01-10,1028,N,VIIRS,n,2,313.93,30.33,N,0
34.10992,-118.52692,355.93,0.39,0.59,2025-01-10,1028,N,VIIRS,n,2,293.55,27.38,N,0
34.10883,-118.5228,316.71,0.39,0.59,2025-01-10,1028,N,VIIRS,n,2,288.05,27.38,N,0
34.11038,-118.55083,340.09,0.39,0.59,2025-01-10,1028,N,VIIRS,n,2,288.71,9.93,N,0
34.10926,-118.54657,367,0.39,0.59,2025-01-10,1028,N,VIIRS,h,2,290.02,7.26,N,0
34.10817,-118.54239,330.27,0.39,0.59,2025-01-10,1028,N,VIIRS,n,2,287.52,7.26,N,0
34.10704,-118.53812,367,0.39,0.59,2025-01-10,1028,N,VIIRS,h,2,293.22,5.78,N,0
34.10581,-118.53342,345.33,0.39,0.59,2025-01-10,1028,N,VIIRS,n,2,290.24,5.78,N,0
34.10452,-118.52852,299.8,0.39,0.59,2025-01-10,1028,N,VIIRS,n,2,287.18,1.86,N,0
34.10342,-118.5243,300.56,0.39,0.59,2025-01-10,1028,N,VIIRS,n,2,286.71,1.86,N,0
34.10239,-118.52039,297.82,0.39,0.59,2025-01-10,1028,N,VIIRS,n,2,286.57,1.09,N,0
34.10533,-118.55368,367,0.39,0.59,2025-01-10,1028,N,VIIRS,h,2,299.72,9.93,N,0
34.10425,-118.54957,367,0.39,0.59,2025-01-10,1028,N,VIIRS,h,2,289.88,7.26,N,0
34.10636,-118.55763,308.39,0.39,0.59,2025-01-10,1028,N,VIIRS,n,2,285.95,9.93,N,0
34.10313,-118.54533,305.68,0.39,0.59,2025-01-10,1028,N,VIIRS,n,2,284.98,7.26,N,0
34.10189,-118.54061,296.94,0.39,0.59,2025-01-10,1028,N,VIIRS,n,2,284.87,5.78,N,0
34.09697,-118.5219,307.8,0.39,0.59,2025-01-10,1028,N,VIIRS,n,2,286.19,1.09,N,0
34.11663,-118.53173,323.53,0.39,0.59,2025-01-10,1028,N,VIIRS,n,2,287.36,33.06,N,0
34.11558,-118.52763,367,0.39,0.59,2025-01-10,1028,N,VIIRS,h,2,307.37,33.06,N,0
34.11451,-118.52344,321.5,0.39,0.59,2025-01-10,1028,N,VIIRS,n,2,318.64,27.93,N,0
34.11348,-118.51939,308.05,0.39,0.59,2025-01-10,1028,N,VIIRS,n,2,286.75,27.93,N,0
34.11125,-118.53337,367,0.39,0.59,2025-01-10,1028,N,VIIRS,h,2,318.6,22.86,N,0
34.11017,-118.52916,352.63,0.39,0.59,2025-01-10,1028,N,VIIRS,n,2,296.96,22.86,N,0
34.1091,-118.52496,320.61,0.39,0.59,2025-01-10,1028,N,VIIRS,n,2,288.9,2.82,N,0
34.11231,-118.53752,313.61,0.39,0.59,2025-01-10,1028,N,VIIRS,n,2,286.96,14.82,N,0
34.11054,-118.5533,333.59,0.39,0.59,2025-01-10,1028,N,VIIRS,n,2,287.56,6.9,N,0
34.10945,-118.549,367,0.39,0.59,2025-01-10,1028,N,VIIRS,h,2,291.89,6.9,N,0
34.10837,-118.54479,345.59,0.39,0.59,2025-01-10,1028,N,VIIRS,n,2,288.39,14.82,N,0
34.1073,-118.5406,367,0.39,0.59,2025-01-10,1028,N,VIIRS,h,2,292.74,14.82,N,0
34.10615,-118.5361,367,0.39,0.59,2025-01-10,1028,N,VIIRS,h,2,293.29,22.86,N,0
34.10486,-118.53105,304.09,0.39,0.59,2025-01-10,1028,N,VIIRS,n,2,287.9,22.86,N,0
34.10369,-118.52649,299.38,0.39,0.59,2025-01-10,1028,N,VIIRS,n,2,287.25,2.82,N,0
34.10265,-118.52243,300.75,0.39,0.59,2025-01-10,1028,N,VIIRS,n,2,286.49,2.82,N,0
34.10543,-118.55595,355.81,0.39,0.59,2025-01-10,1028,N,VIIRS,n,2,290.99,8.27,N,0
34.1044,-118.55195,367,0.39,0.59,2025-01-10,1028,N,VIIRS,h,2,293.58,8.27,N,0
34.10333,-118.54775,332.54,0.39,0.59,2025-01-10,1028,N,VIIRS,n,2,284.97,2.81,N,0
34.10219,-118.54329,296.22,0.39,0.59,2025-01-10,1028,N,VIIRS,n,2,284.24,2.81,N,0
34.09724,-118.52397,295.13,0.39,0.59,2025-01-10,1028,N,VIIRS,n,2,284.74,1.36,N,0
34.09625,-118.5201,306.08,0.39,0.59,2025-01-10,1028,N,VIIRS,n,2,286.95,1.1,N,0
34.10103,-118.56137,321.3,0.39,0.59,2025-01-10,1028,N,VIIRS,n,2,287.07,2.81,N,0
34.10005,-118.55755,301.11,0.39,0.59,2025-01-10,1028,N,VIIRS,n,2,284.73,8.27,N,0
34.09453,-118.55862,296.41,0.39,0.59,2025-01-10,1028,N,VIIRS,n,2,284.83,0.66,N,0
34.08984,-118.58543,301.02,0.39,0.59,2025-01-10,1028,N,VIIRS,n,2,285.03,0.7,N,0
34.08865,-118.58079,295.75,0.39,0.59,2025-01-10,1028,N,VIIRS,n,2,284.77,0.7,N,0
34.08749,-118.59878,367,0.39,0.59,2025-01-10,1028,N,VIIRS,h,2,295.39,9.37,N,0
34.07514,-118.55084,336.46,0.39,0.59,2025-01-10,1028,N,VIIRS,n,2,284.08,2.72,N,0
34.08848,-118.60263,310.96,0.39,0.59,2025-01-10,1028,N,VIIRS,n,2,284.58,9.37,N,0
34.08652,-118.59501,303.24,0.39,0.59,2025-01-10,1028,N,VIIRS,n,2,286.47,2.5,N,0
34.08553,-118.59117,302.45,0.39,0.59,2025-01-10,1028,N,VIIRS,n,2,286.41,2.5,N,0
34.08229,-118.66825,302.61,0.38,0.59,2025-01-10,1028,N,VIIRS,n,2,283.89,1.77,N,0
34.08149,-118.66517,316.79,0.38,0.59,2025-01-10,1028,N,VIIRS,n,2,283.41,1.39,N,0
34.07856,-118.67613,338.55,0.38,0.59,2025-01-10,1028,N,VIIRS,n,2,287.14,3.61,N,0
34.07782,-118.67328,329.52,0.38,0.59,2025-01-10,1028,N,VIIRS,n,2,286.33,2.45,N,0
34.07706,-118.67032,298.37,0.38,0.59,2025-01-10,1028,N,VIIRS,n,2,283.2,2.45,N,0
34.07623,-118.66708,296.61,0.38,0.59,2025-01-10,1028,N,VIIRS,n,2,280.9,0.51,N,0
34.07406,-118.681,355.49,0.38,0.59,2025-01-10,1028,N,VIIRS,n,2,294.04,3.61,N,0
34.07491,-118.68428,295.97,0.38,0.59,2025-01-10,1028,N,VIIRS,n,2,283.62,3.45,N,0
34.07324,-118.67783,300.55,0.38,0.59,2025-01-10,1028,N,VIIRS,n,2,285.63,3.61,N,0
34.06889,-118.68325,367,0.38,0.59,2025-01-10,1028,N,VIIRS,h,2,293.92,7.83,N,0
34.06981,-118.68684,295.22,0.38,0.59,2025-01-10,1028,N,VIIRS,n,2,283.76,9.03,N,0
34.06801,-118.67991,301.56,0.38,0.59,2025-01-10,1028,N,VIIRS,n,2,284.25,7.83,N,0
34.10643,-118.55986,299.3,0.39,0.59,2025-01-10,1028,N,VIIRS,n,2,285.02,2.81,N,0
34.60804,-117.33749,304.18,0.44,0.62,2025-01-10,1028,N,VIIRS,n,2,277.09,1.58,N,2
34.4313,-118.64269,306.23,0.38,0.58,2025-01-10,1028,N,VIIRS,n,2,282.1,0.68,N,2
34.23721,-118.0771,305.21,0.41,0.61,2025-01-10,1028,N,VIIRS,n,2,279.61,1.15,N,0
34.23534,-118.09241,367,0.41,0.6,2025-01-10,1028,N,VIIRS,h,2,286.69,5.51,N,0
34.23666,-118.09741,297.14,0.41,0.6,2025-01-10,1028,N,VIIRS,n,2,277.61,7.1,N,0
34.23403,-118.08748,313.4,0.41,0.6,2025-01-10,1028,N,VIIRS,n,2,281.44,5.51,N,0
34.23279,-118.08281,301.43,0.41,0.61,2025-01-10,1028,N,VIIRS,n,2,280.37,1.5,N,0
34.23166,-118.07854,308.93,0.41,0.61,2025-01-10,1028,N,VIIRS,n,2,281.77,1.5,N,0
34.23077,-118.0752,306.12,0.41,0.61,2025-01-10,1028,N,VIIRS,n,2,281.27,1.28,N,0
34.22987,-118.07183,301.93,0.41,0.61,2025-01-10,1028,N,VIIRS,n,2,278.86,1.28,N,0
34.22932,-118.0921,351.34,0.41,0.6,2025-01-10,1028,N,VIIRS,n,2,282.44,5.51,N,0
34.23085,-118.09788,303.39,0.41,0.6,2025-01-10,1028,N,VIIRS,n,2,279.99,7.1,N,0
34.22797,-118.08702,301.44,0.41,0.6,2025-01-10,1028,N,VIIRS,n,2,280.15,5.51,N,0
34.22678,-118.08255,301.57,0.41,0.61,2025-01-10,1028,N,VIIRS,n,2,280.58,1.5,N,0
34.22576,-118.0787,308.44,0.41,0.61,2025-01-10,1028,N,VIIRS,n,2,282.02,1.5,N,0
34.22485,-118.07527,307.79,0.41,0.61,2025-01-10,1028,N,VIIRS,n,2,282.34,1.28,N,0
34.22398,-118.07198,312.61,0.41,0.61,2025-01-10,1028,N,VIIRS,n,2,281.97,1.28,N,0
34.22306,-118.06852,304.19,0.41,0.61,2025-01-10,1028,N,VIIRS,n,2,281.1,1.27,N,0
34.22211,-118.06494,308.24,0.41,0.61,2025-01-10,1028,N,VIIRS,n,2,281.14,1.27,N,0
34.22101,-118.06084,296.4,0.41,0.61,2025-01-10,1028,N,VIIRS,n,2,279.32,0.47,N,0
34.22963,-118.11559,321.03,0.41,0.6,2025-01-10,1028,N,VIIRS,n,2,283.62,1.47,N,0
34.33576,-118.51815,307.9,0.38,0.59,2025-01-10,1028,N,VIIRS,n,2,281.5,0.43,N,2
34.23052,-118.11896,302.35,0.41,0.6,2025-01-10,1028,N,VIIRS,n,2,280.85,1.47,N,0
34.22872,-118.11218,300.31,0.41,0.6,2025-01-10,1028,N,VIIRS,n,2,281.77,2.01,N,0
34.22496,-118.09803,308.77,0.41,0.6,2025-01-10,1028,N,VIIRS,n,2,279.64,1.61,N,0
34.22069,-118.08198,295.6,0.41,0.61,2025-01-10,1028,N,VIIRS,n,2,282.04,0.91,N,0
34.21969,-118.07821,298.03,0.41,0.61,2025-01-10,1028,N,VIIRS,n,2,281,0.91,N,0
34.21799,-118.0718,302.29,0.41,0.61,2025-01-10,1028,N,VIIRS,n,2,281.92,2.99,N,0
34.21714,-118.06864,310.44,0.41,0.61,2025-01-10,1028,N,VIIRS,n,2,281.67,1.57,N,0
34.2163,-118.06546,301.6,0.41,0.61,2025-01-10,1028,N,VIIRS,n,2,280.73,1.57,N,0
34.21525,-118.06153,295.38,0.41,0.61,2025-01-10,1028,N,VIIRS,n,2,280.2,1.02,N,0
34.22396,-118.11658,301.5,0.41,0.6,2025-01-10,1028,N,VIIRS,n,2,279.69,1.47,N,0
34.20732,-118.07639,296.77,0.41,0.61,2025-01-10,1028,N,VIIRS,n,2,281.88,0.79,N,0
34.20647,-118.0732,296.43,0.41,0.61,2025-01-10,1028,N,VIIRS,n,2,281.67,0.79,N,0
34.20559,-118.06989,307.74,0.41,0.61,2025-01-10,1028,N,VIIRS,n,2,282.61,1.39,N,0
34.23114,-118.09154,367,0.41,0.61,2025-01-10,1028,N,VIIRS,h,2,286.95,9.26,N,0
34.23252,-118.09689,312.06,0.41,0.6,2025-01-10,1028,N,VIIRS,n,2,279.12,7.36,N,0
34.22987,-118.08662,307.57,0.41,0.61,2025-01-10,1028,N,VIIRS,n,2,280.64,9.26,N,0
34.22874,-118.08225,301.3,0.41,0.61,2025-01-10,1028,N,VIIRS,n,2,280.55,1.13,N,0
34.22773,-118.07835,307.92,0.41,0.61,2025-01-10,1028,N,VIIRS,n,2,281.68,1.13,N,0
34.22685,-118.07496,306,0.41,0.61,2025-01-10,1028,N,VIIRS,n,2,281.71,1.32,N,0
34.22599,-118.07166,310.9,0.41,0.61,2025-01-10,1028,N,VIIRS,n,2,280.7,1.32,N,0
34.22669,-118.09719,320.9,0.41,0.6,2025-01-10,1028,N,VIIRS,n,2,281.21,7.36,N,0
34.33491,-118.51825,307.72,0.38,0.59,2025-01-10,1028,N,VIIRS,n,2,281.25,0.75,N,2
34.23213,-118.11823,302.65,0.41,0.6,2025-01-10,1028,N,VIIRS,n,2,280.27,1.36,N,0
34.23125,-118.11481,316.72,0.41,0.6,2025-01-10,1028,N,VIIRS,n,2,282.46,1.36,N,0
32.42036,-116.92147,310.04,0.52,0.67,2025-01-10,1029,N,VIIRS,n,2,282.32,0.96,N,0
32.43628,-117.0751,298.38,0.51,0.66,2025-01-10,1029,N,VIIRS,n,2,278.03,0.72,N,0
32.03613,-116.87738,332.8,0.54,0.68,2025-01-10,1029,N,VIIRS,n,2,286.95,3.98,N,0
32.03465,-116.87205,329.14,0.54,0.68,2025-01-10,1029,N,VIIRS,n,2,286.51,3.98,N,0
32.03313,-116.86656,310.05,0.54,0.68,2025-01-10,1029,N,VIIRS,n,2,285.53,1.99,N,0
32.03144,-116.88454,347.28,0.54,0.68,2025-01-10,1029,N,VIIRS,n,2,285.97,42.89,N,0
32.03001,-116.87937,342.87,0.54,0.68,2025-01-10,1029,N,VIIRS,n,2,303.26,29.61,N,0
32.02853,-116.87402,334.57,0.54,0.68,2025-01-10,1029,N,VIIRS,n,2,287.42,29.61,N,0
32.02576,-116.88089,347.52,0.54,0.68,2025-01-10,1029,N,VIIRS,n,2,284.36,5.34,N,0
32.02717,-116.88611,300.12,0.54,0.68,2025-01-10,1029,N,VIIRS,n,2,282.37,5.34,N,3
32.02433,-116.87564,295.91,0.54,0.68,2025-01-10,1029,N,VIIRS,n,2,285.26,2.41,N,0
33.81891,-118.24411,297.89,0.41,0.61,2025-01-10,1029,N,VIIRS,n,2,283.56,1.36,N,2
33.82069,-118.24246,298.49,0.41,0.61,2025-01-10,1029,N,VIIRS,n,2,284.18,0.76,N,2
33.85357,-118.33047,301.66,0.4,0.6,2025-01-10,1029,N,VIIRS,n,2,285.33,1.46,N,2
32.95629,-115.64692,340.5,0.6,0.53,2025-01-10,2007,N,VIIRS,n,2,296.93,6.39,D,0
32.96106,-115.64849,331.38,0.6,0.53,2025-01-10,2007,N,VIIRS,n,2,294.79,2.49,D,0
34.10817,-118.55848,367,0.41,0.61,2025-01-10,2008,N,VIIRS,h,2,305.92,10,D,0
34.07671,-118.67912,367,0.42,0.61,2025-01-10,2008,N,VIIRS,h,2,305.31,9.25,D,0
34.2275,-118.09575,329.08,0.38,0.59,2025-01-10,2008,N,VIIRS,n,2,289.12,5.82,D,0
34.22661,-118.09924,336.85,0.38,0.59,2025-01-10,2008,N,VIIRS,n,2,290.09,3.55,D,0
34.11566,-118.52969,346.62,0.41,0.6,2025-01-10,2008,N,VIIRS,n,2,320.06,94.14,D,0
34.11332,-118.5387,333.75,0.41,0.6,2025-01-10,2008,N,VIIRS,n,2,297.71,39.51,D,0
34.11027,-118.55041,352.45,0.41,0.61,2025-01-10,2008,N,VIIRS,n,2,291.83,21.9,D,0
34.10926,-118.55431,348.81,0.41,0.61,2025-01-10,2008,N,VIIRS,n,2,302.8,21.9,D,0
34.10701,-118.56293,327.54,0.41,0.61,2025-01-10,2008,N,VIIRS,n,2,295.91,10,D,0
34.07859,-118.67194,337.17,0.42,0.61,2025-01-10,2008,N,VIIRS,n,2,295.37,9.25,D,0
34.11995,-118.53594,367,0.41,0.6,2025-01-10,2008,N,VIIRS,h,2,292.39,11.24,D,0
34.12117,-118.53124,343.64,0.41,0.6,2025-01-10,2008,N,VIIRS,n,2,292.42,12.49,D,0
36.14103,-121.09193,346,0.49,0.65,2025-01-10,2008,N,VIIRS,n,2,292.37,5.5,D,0
36.14283,-121.09028,333.79,0.49,0.65,2025-01-10,2008,N,VIIRS,n,2,291.37,4.96,D,0
34.07432,-118.59723,367,0.41,0.61,2025-01-10,2008,N,VIIRS,h,2,303.03,10.03,D,0
34.0734,-118.60072,367,0.41,0.61,2025-01-10,2008,N,VIIRS,h,2,296.03,10.03,D,0
34.08865,-118.58789,367,0.41,0.61,2025-01-10,2008,N,VIIRS,h,2,299.72,68.78,D,0
34.08741,-118.59261,208,0.41,0.61,2025-01-10,2008,N,VIIRS,l,2,309.24,86.1,D,0
34.10806,-118.53617,367,0.41,0.6,2025-01-10,2008,N,VIIRS,h,2,305.44,39.51,D,0
34.10708,-118.53992,367,0.41,0.6,2025-01-10,2008,N,VIIRS,h,2,300.39,13.87,D,0
34.104,-118.55177,367,0.41,0.61,2025-01-10,2008,N,VIIRS,h,2,302.56,21.9,D,0
34.11253,-118.519,335.01,0.41,0.6,2025-01-10,2008,N,VIIRS,n,2,300.16,34.83,D,0
34.1113,-118.52371,342.99,0.41,0.6,2025-01-10,2008,N,VIIRS,n,2,302.99,94.14,D,0
34.10905,-118.53239,330.25,0.41,0.6,2025-01-10,2008,N,VIIRS,n,2,296.54,39.51,D,0
34.10609,-118.54374,342.21,0.41,0.6,2025-01-10,2008,N,VIIRS,n,2,296.81,13.87,D,0
34.10507,-118.54763,341.19,0.41,0.61,2025-01-10,2008,N,VIIRS,n,2,296.69,21.9,D,0
34.10155,-118.56117,340.2,0.41,0.61,2025-01-10,2008,N,VIIRS,n,2,300.69,10,D,0
34.11798,-118.52077,367,0.41,0.6,2025-01-10,2008,N,VIIRS,h,2,304.78,34.83,D,0
34.11445,-118.53432,367,0.41,0.6,2025-01-10,2008,N,VIIRS,h,2,329.07,39.51,D,0
33.09329,-115.39472,351.86,0.75,0.77,2025-01-10,2148,N,VIIRS,n,2,297.28,36.93,D,0
34.0774,-118.67815,347.57,0.5,0.66,2025-01-10,2148,N,VIIRS,n,2,300.65,4.83,D,0
34.08812,-118.58849,345.86,0.5,0.66,2025-01-10,2148,N,VIIRS,n,2,299.37,6.09,D,0
34.07778,-118.67242,337.04,0.5,0.66,2025-01-10,2148,N,VIIRS,n,2,296.62,5.46,D,0
34.07761,-118.67612,346.64,0.5,0.66,2025-01-10,2148,N,VIIRS,n,2,298.23,5.36,D,0
34.07743,-118.67991,332.57,0.5,0.66,2025-01-10,2148,N,VIIRS,n,2,299.43,5.36,D,0
34.08785,-118.58516,337.92,0.5,0.66,2025-01-10,2148,N,VIIRS,n,2,302.51,3.35,D,0
34.0876,-118.59073,333.75,0.5,0.66,2025-01-10,2148,N,VIIRS,n,2,297.16,3.35,D,0
34.08715,-118.60078,329.55,0.5,0.66,2025-01-10,2148,N,VIIRS,n,2,297.32,3.39,D,0
34.10852,-118.53788,367,0.51,0.66,2025-01-10,2148,N,VIIRS,h,2,304.59,27.25,D,0
34.10795,-118.55053,367,0.51,0.66,2025-01-10,2148,N,VIIRS,h,2,306.11,43.34,D,0
34.10823,-118.54424,344.45,0.51,0.66,2025-01-10,2148,N,VIIRS,n,2,294.29,43.34,D,0
34.11548,-118.5211,367,0.51,0.66,2025-01-10,2148,N,VIIRS,h,2,297.39,91.14,D,0
34.11497,-118.53207,367,0.51,0.66,2025-01-10,2148,N,VIIRS,h,2,348,108.38,D,0
34.11446,-118.54336,326.24,0.51,0.66,2025-01-10,2148,N,VIIRS,n,2,297.03,35.52,D,0
34.11522,-118.52663,352.66,0.51,0.66,2025-01-10,2148,N,VIIRS,l,2,331.98,91.14,D,0
34.11473,-118.53751,367,0.51,0.66,2025-01-10,2148,N,VIIRS,l,2,329.18,108.38,D,0
34.12137,-118.52769,367,0.51,0.66,2025-01-10,2148,N,VIIRS,h,2,292.86,91.14,D,0
34.12112,-118.5331,367,0.51,0.66,2025-01-10,2148,N,VIIRS,h,2,320.38,108.38,D,0
34.12088,-118.53838,342.43,0.51,0.66,2025-01-10,2148,N,VIIRS,n,2,297.65,108.38,D,0
35.26448,-118.98878,340.11,0.49,0.65,2025-01-10,2148,N,VIIRS,n,2,294.48,5.55,D,0
36.13816,-121.09337,338.46,0.38,0.58,2025-01-10,2149,N,VIIRS,n,2,296.89,7.5,D,0
36.13868,-121.0936,344.82,0.38,0.59,2025-01-10,2149,N,VIIRS,n,2,296.19,3.27,D,0
36.13844,-121.09801,339.76,0.38,0.59,2025-01-10,2149,N,VIIRS,n,2,295.93,3.27,D,0
32.35159,-116.59721,296.18,0.74,0.76,2025-01-11,0830,N,VIIRS,n,2,275.99,1.55,N,0
37.02341,-120.19394,295.84,0.48,0.4,2025-01-11,1009,N,VIIRS,n,2,276.18,1.15,N,0
34.60873,-117.33678,314.17,0.48,0.48,2025-01-11,1010,N,VIIRS,n,2,279.42,2.35,N,2
34.43097,-118.64328,307.43,0.42,0.45,2025-01-11,1010,N,VIIRS,n,2,276.99,0.84,N,2
34.33476,-118.52176,303.07,0.42,0.46,2025-01-11,1010,N,VIIRS,n,2,280.25,1.61,N,2
34.33422,-118.51998,310.3,0.43,0.46,2025-01-11,1010,N,VIIRS,n,2,280.09,0.97,N,2
34.23209,-118.08609,295.72,0.45,0.47,2025-01-11,1010,N,VIIRS,n,2,282.88,1.31,N,0
34.31884,-118.50956,297.49,0.43,0.46,2025-01-11,1010,N,VIIRS,n,2,279.28,0.39,N,2
34.29042,-118.80299,309.75,0.41,0.45,2025-01-11,1010,N,VIIRS,n,2,277.25,0.98,N,2
34.15215,-118.19298,310.19,0.45,0.47,2025-01-11,1010,N,VIIRS,n,2,281.33,1.64,N,2
34.29185,-118.80024,312.81,0.41,0.45,2025-01-11,1010,N,VIIRS,n,2,277.55,1.33,N,2
34.15416,-118.1944,306.55,0.45,0.47,2025-01-11,1010,N,VIIRS,n,2,280.17,2,N,2
34.12773,-118.52303,356.1,0.43,0.46,2025-01-11,1010,N,VIIRS,n,2,297.65,31.45,N,0
34.12672,-118.51844,344.21,0.43,0.46,2025-01-11,1010,N,VIIRS,n,2,289.14,31.45,N,0
34.12572,-118.51386,328.45,0.43,0.46,2025-01-11,1010,N,VIIRS,n,2,285.42,5.71,N,0
34.13069,-118.53658,300.49,0.43,0.46,2025-01-11,1010,N,VIIRS,n,2,281.99,34.68,N,0
34.12973,-118.53218,300.02,0.43,0.46,2025-01-11,1010,N,VIIRS,n,2,282.57,36.26,N,0
34.12874,-118.52766,306.93,0.43,0.46,2025-01-11,1010,N,VIIRS,n,2,283.71,36.26,N,0
34.12751,-118.54217,342.26,0.43,0.46,2025-01-11,1010,N,VIIRS,n,2,294.98,34.68,N,0
34.12657,-118.53786,336.68,0.43,0.46,2025-01-11,1010,N,VIIRS,n,2,312.24,34.68,N,0
34.12559,-118.53341,341.55,0.43,0.46,2025-01-11,1010,N,VIIRS,n,2,305.25,36.26,N,0
34.1246,-118.52885,350.55,0.43,0.46,2025-01-11,1010,N,VIIRS,n,2,312.6,36.26,N,0
34.12358,-118.52421,367,0.43,0.46,2025-01-11,1010,N,VIIRS,h,2,325.73,31.45,N,0
34.12257,-118.51963,351.86,0.43,0.46,2025-01-11,1010,N,VIIRS,n,2,298.82,31.45,N,0
34.12158,-118.51509,367,0.43,0.46,2025-01-11,1010,N,VIIRS,h,2,302.93,5.71,N,0
34.12846,-118.54652,297.54,0.43,0.46,2025-01-11,1010,N,VIIRS,n,2,281.52,1.38,N,0
34.12055,-118.51041,313.58,0.43,0.46,2025-01-11,1010,N,VIIRS,n,2,287.17,5.71,N,0
34.12337,-118.54337,346.09,0.43,0.46,2025-01-11,1010,N,VIIRS,n,2,288.03,82.55,N,0
34.12239,-118.53892,367,0.43,0.46,2025-01-11,1010,N,VIIRS,h,2,342.21,82.55,N,0
34.12141,-118.53445,338.92,0.43,0.46,2025-01-11,1010,N,VIIRS,n,2,307.72,36.63,N,0
34.12043,-118.52995,352.45,0.43,0.46,2025-01-11,1010,N,VIIRS,n,2,300.97,36.63,N,0
34.11942,-118.52535,349.89,0.43,0.46,2025-01-11,1010,N,VIIRS,n,2,290.93,5.8,N,0
34.11841,-118.52076,327.1,0.43,0.46,2025-01-11,1010,N,VIIRS,n,2,292.1,5.8,N,0
34.11744,-118.51631,334,0.43,0.46,2025-01-11,1010,N,VIIRS,n,2,299.64,5.5,N,0
34.12437,-118.54794,308.1,0.43,0.46,2025-01-11,1010,N,VIIRS,n,2,283.34,2.79,N,0
34.11644,-118.51179,317.44,0.43,0.46,2025-01-11,1010,N,VIIRS,n,2,290.88,5.5,N,0
34.11536,-118.50683,308.62,0.43,0.46,2025-01-11,1010,N,VIIRS,n,2,288.33,4.56,N,0
34.1143,-118.50204,295.64,0.43,0.46,2025-01-11,1010,N,VIIRS,n,2,281.96,4.56,N,0
34.11924,-118.54464,351.21,0.43,0.46,2025-01-11,1010,N,VIIRS,n,2,304.74,82.55,N,0
34.11823,-118.54005,329.38,0.43,0.46,2025-01-11,1010,N,VIIRS,n,2,313.85,82.55,N,0
34.11724,-118.53551,334.58,0.43,0.46,2025-01-11,1010,N,VIIRS,n,2,290.13,36.63,N,0
34.11424,-118.52186,340.64,0.43,0.46,2025-01-11,1010,N,VIIRS,n,2,291.84,5.8,N,0
34.11327,-118.51746,352.42,0.43,0.46,2025-01-11,1010,N,VIIRS,n,2,296.32,5.5,N,0
34.11232,-118.51307,332.56,0.43,0.46,2025-01-11,1010,N,VIIRS,n,2,290.41,5.5,N,0
34.11123,-118.50816,351.56,0.43,0.46,2025-01-11,1010,N,VIIRS,n,2,300.04,4.56,N,0
34.11014,-118.5032,332.11,0.43,0.46,2025-01-11,1010,N,VIIRS,n,2,287.82,4.56,N,0
34.12028,-118.54939,309.89,0.43,0.46,2025-01-11,1010,N,VIIRS,n,2,283.55,2.79,N,0
34.11625,-118.53101,316.11,0.43,0.46,2025-01-11,1010,N,VIIRS,n,2,287.25,36.63,N,0
34.11525,-118.52646,308.07,0.43,0.46,2025-01-11,1010,N,VIIRS,n,2,285.27,5.8,N,0
34.12714,-118.53952,338.72,0.43,0.46,2025-01-11,1010,N,VIIRS,n,2,319.07,82.31,N,0
34.1262,-118.5351,351.28,0.43,0.46,2025-01-11,1010,N,VIIRS,n,2,294.86,82.31,N,0
34.12524,-118.53057,348.91,0.43,0.46,2025-01-11,1010,N,VIIRS,n,2,302.52,63.55,N,0
34.12426,-118.52594,338.37,0.43,0.46,2025-01-11,1010,N,VIIRS,n,2,325.4,63.55,N,0
34.12327,-118.52129,339.98,0.43,0.46,2025-01-11,1010,N,VIIRS,n,2,314.59,19.46,N,0
34.1223,-118.51675,367,0.43,0.46,2025-01-11,1010,N,VIIRS,h,2,297.52,19.46,N,0
34.12132,-118.51213,342.25,0.43,0.46,2025-01-11,1010,N,VIIRS,n,2,296.48,4.37,N,0
34.12805,-118.54378,310.25,0.43,0.46,2025-01-11,1010,N,VIIRS,n,2,282.85,6.5,N,0
34.12392,-118.54505,324.02,0.43,0.46,2025-01-11,1010,N,VIIRS,n,2,283.93,6.5,N,0
34.12297,-118.54063,334,0.43,0.46,2025-01-11,1010,N,VIIRS,n,2,326.2,82.31,N,0
34.12202,-118.53614,332.43,0.43,0.46,2025-01-11,1010,N,VIIRS,n,2,315.74,82.31,N,0
34.12107,-118.53166,321.6,0.43,0.46,2025-01-11,1010,N,VIIRS,n,2,312.97,63.55,N,0
34.1201,-118.52708,356.9,0.43,0.46,2025-01-11,1010,N,VIIRS,n,2,293.17,63.55,N,0
34.11911,-118.52245,336.61,0.43,0.46,2025-01-11,1010,N,VIIRS,n,2,290.31,19.46,N,0
34.11815,-118.51792,334.02,0.43,0.46,2025-01-11,1010,N,VIIRS,n,2,297.59,19.46,N,0
34.1172,-118.51344,331.37,0.43,0.46,2025-01-11,1010,N,VIIRS,n,2,297.64,4.37,N,0
34.12493,-118.54979,298.3,0.43,0.46,2025-01-11,1010,N,VIIRS,n,2,282.89,6.5,N,0
34.11617,-118.50863,307.36,0.43,0.46,2025-01-11,1010,N,VIIRS,n,2,287.96,4.37,N,0
34.11512,-118.5037,300.09,0.43,0.46,2025-01-11,1010,N,VIIRS,n,2,284.74,1.58,N,0
34.11981,-118.54643,338.08,0.43,0.46,2025-01-11,1010,N,VIIRS,n,2,285.24,20.91,N,0
34.11884,-118.54181,326,0.43,0.46,2025-01-11,1010,N,VIIRS,n,2,324.33,48.37,N,0
34.11786,-118.53724,347.61,0.43,0.46,2025-01-11,1010,N,VIIRS,n,2,296.03,48.37,N,0
34.11689,-118.53271,321.17,0.43,0.46,2025-01-11,1010,N,VIIRS,n,2,287.07,1.68,N,0
34.11398,-118.51905,354.73,0.43,0.46,2025-01-11,1010,N,VIIRS,n,2,297,6.24,N,0
34.11306,-118.51469,332.94,0.43,0.46,2025-01-11,1010,N,VIIRS,n,2,292.77,21.36,N,0
34.11205,-118.50999,326.21,0.43,0.46,2025-01-11,1010,N,VIIRS,n,2,291.56,21.36,N,0
34.11098,-118.50491,351.57,0.43,0.46,2025-01-11,1010,N,VIIRS,n,2,298.11,9.82,N,0
34.12084,-118.55126,298.46,0.43,0.46,2025-01-11,1010,N,VIIRS,n,2,282.93,20.91,N,0
34.11593,-118.52817,311.57,0.43,0.46,2025-01-11,1010,N,VIIRS,n,2,285.91,1.68,N,0
34.11495,-118.52355,309,0.43,0.46,2025-01-11,1010,N,VIIRS,n,2,285.86,6.24,N,0
34.11571,-118.54782,341.42,0.43,0.46,2025-01-11,1010,N,VIIRS,n,2,289.87,20.91,N,0
34.1147,-118.54305,333.29,0.43,0.46,2025-01-11,1010,N,VIIRS,n,2,306.06,48.37,N,0
34.11371,-118.53841,328.54,0.43,0.46,2025-01-11,1010,N,VIIRS,n,2,287.67,48.37,N,0
34.10981,-118.52012,351.29,0.43,0.46,2025-01-11,1010,N,VIIRS,n,2,284.59,6.24,N,0
34.10889,-118.51582,343.06,0.43,0.46,2025-01-11,1010,N,VIIRS,n,2,310.2,21.36,N,0
34.10791,-118.51123,351.64,0.43,0.46,2025-01-11,1010,N,VIIRS,n,2,296.53,21.36,N,0
34.10681,-118.50605,337.85,0.43,0.46,2025-01-11,1010,N,VIIRS,n,2,288.14,9.82,N,0
34.11674,-118.55267,297.18,0.43,0.46,2025-01-11,1010,N,VIIRS,n,2,283.09,20.91,N,0
34.11273,-118.53382,306.24,0.43,0.46,2025-01-11,1010,N,VIIRS,n,2,284.64,1.68,N,0
34.11176,-118.52924,298.56,0.43,0.46,2025-01-11,1010,N,VIIRS,n,2,283.57,1.68,N,0
34.11077,-118.52464,299.46,0.43,0.46,2025-01-11,1010,N,VIIRS,n,2,283.36,6.24,N,0
34.10471,-118.51687,340.53,0.43,0.46,2025-01-11,1010,N,VIIRS,n,2,287.78,34.78,N,0
34.10376,-118.51241,345.03,0.43,0.46,2025-01-11,1010,N,VIIRS,n,2,309.1,34.78,N,0
34.10266,-118.50728,338.21,0.43,0.46,2025-01-11,1010,N,VIIRS,n,2,289.48,12.92,N,0
34.14785,-118.71973,298.01,0.42,0.45,2025-01-11,1010,N,VIIRS,n,2,277.01,0.49,N,0
34.11266,-118.55413,295.16,0.43,0.46,2025-01-11,1010,N,VIIRS,n,2,284.93,1.14,N,0
34.11164,-118.54935,307.03,0.43,0.46,2025-01-11,1010,N,VIIRS,n,2,286.67,1.14,N,0
34.11063,-118.54462,316.81,0.43,0.46,2025-01-11,1010,N,VIIRS,n,2,287.67,1.71,N,0
34.10964,-118.53999,311.27,0.43,0.46,2025-01-11,1010,N,VIIRS,n,2,288.17,1.71,N,0
34.10864,-118.53529,295.44,0.43,0.46,2025-01-11,1010,N,VIIRS,n,2,284.02,1.34,N,0
34.0996,-118.51358,344.93,0.43,0.46,2025-01-11,1010,N,VIIRS,n,2,290.51,34.78,N,0
34.09854,-118.50862,336.19,0.43,0.46,2025-01-11,1010,N,VIIRS,n,2,284.74,12.92,N,0
34.10762,-118.55113,297.4,0.43,0.46,2025-01-11,1010,N,VIIRS,n,2,285.33,1.14,N,0
34.10663,-118.5465,299.77,0.43,0.46,2025-01-11,1010,N,VIIRS,n,2,285.17,1.71,N,0
33.79288,-117.47613,300.92,0.5,0.49,2025-01-11,1010,N,VIIRS,n,2,277.48,0.84,N,2
33.92636,-118.42761,295.84,0.44,0.46,2025-01-11,1010,N,VIIRS,n,2,280.26,0.34,N,0
33.85146,-118.33072,297.05,0.44,0.46,2025-01-11,1010,N,VIIRS,n,2,285.29,1.09,N,2
33.85387,-118.33174,302.43,0.44,0.46,2025-01-11,1010,N,VIIRS,n,2,288.02,1.9,N,2
33.7137,-117.70928,298.7,0.48,0.48,2025-01-11,1010,N,VIIRS,n,2,279.42,0.47,N,2
33.61387,-117.82053,302.6,0.48,0.48,2025-01-11,1010,N,VIIRS,n,2,280.68,0.83,N,2
32.35398,-117.0476,315.78,0.56,0.52,2025-01-11,1010,N,VIIRS,n,2,278.96,2.63,N,0
32.34933,-117.04903,299.14,0.56,0.52,2025-01-11,1010,N,VIIRS,n,2,279.1,1.22,N,0
32.35344,-117.04842,324.37,0.56,0.52,2025-01-11,1010,N,VIIRS,n,2,279.13,1.94,N,0
34.08281,-118.51212,367,0.73,0.76,2025-01-11,1949,N,VIIRS,h,2,307.57,51.17,D,0
34.08516,-118.50439,347.36,0.73,0.76,2025-01-11,1949,N,VIIRS,n,2,294.29,51.17,D,0
34.08038,-118.52016,330.61,0.73,0.76,2025-01-11,1949,N,VIIRS,n,2,289.9,14.71,D,0
34.09223,-118.50603,367,0.73,0.76,2025-01-11,1949,N,VIIRS,h,2,312.09,51.17,D,0
34.09008,-118.51314,343.15,0.73,0.76,2025-01-11,1949,N,VIIRS,n,2,303.93,51.17,D,0
34.08731,-118.52228,326.73,0.73,0.76,2025-01-11,1949,N,VIIRS,n,2,291.25,14.71,D,0
34.10159,-118.50009,367,0.73,0.76,2025-01-11,1949,N,VIIRS,h,2,301.52,117.98,D,0
34.09934,-118.50757,367,0.73,0.76,2025-01-11,1949,N,VIIRS,h,2,338.65,88.73,D,0
34.09731,-118.51427,347.25,0.73,0.76,2025-01-11,1949,N,VIIRS,n,2,305.24,88.73,D,0
34.10841,-118.50256,367,0.73,0.76,2025-01-11,1949,N,VIIRS,h,2,319.58,117.98,D,0
34.1064,-118.50925,367,0.73,0.76,2025-01-11,1949,N,VIIRS,h,2,302.37,88.73,D,0
34.08117,-118.51276,367,0.73,0.76,2025-01-11,1949,N,VIIRS,h,2,304.31,32.37,D,0
34.09077,-118.50629,367,0.73,0.76,2025-01-11,1949,N,VIIRS,h,2,303.18,112.5,D,0
34.08848,-118.5137,367,0.73,0.76,2025-01-11,1949,N,VIIRS,h,2,302.46,88.86,D,0
34.08578,-118.52245,329.71,0.73,0.76,2025-01-11,1949,N,VIIRS,n,2,290.85,88.86,D,0
34.10018,-118.50038,367,0.73,0.76,2025-01-11,1949,N,VIIRS,h,2,298.79,112.5,D,0
34.09789,-118.50781,367,0.73,0.76,2025-01-11,1949,N,VIIRS,h,2,344.34,112.5,D,0
34.107,-118.50282,367,0.73,0.76,2025-01-11,1949,N,VIIRS,h,2,319.14,28.85,D,0
34.10494,-118.50952,367,0.73,0.76,2025-01-11,1949,N,VIIRS,h,2,304.85,28.85,D,0
34.10254,-118.51733,327.32,0.73,0.76,2025-01-11,1949,N,VIIRS,n,2,298.13,13.97,D,0
34.11403,-118.50465,367,0.73,0.76,2025-01-11,1949,N,VIIRS,h,2,293.83,28.85,D,0
34.11206,-118.51101,331.19,0.73,0.76,2025-01-11,1949,N,VIIRS,n,2,296.6,28.85,D,0
34.12087,-118.50703,367,0.73,0.76,2025-01-11,1949,N,VIIRS,h,2,308.84,107.54,D,0
34.10929,-118.54474,337.56,0.73,0.76,2025-01-11,1949,N,VIIRS,n,2,294.04,289.58,D,0
34.10733,-118.55114,333.74,0.73,0.76,2025-01-11,1949,N,VIIRS,n,2,290.53,171.25,D,0
34.12554,-118.51653,367,0.73,0.76,2025-01-11,1949,N,VIIRS,h,2,305.68,107.54,D,0
34.118,-118.54113,367,0.73,0.76,2025-01-11,1949,N,VIIRS,h,2,309.56,289.58,D,0
34.1231,-118.52449,342.37,0.73,0.76,2025-01-11,1949,N,VIIRS,n,2,303.06,25.04,D,0
34.12059,-118.53266,332.27,0.73,0.76,2025-01-11,1949,N,VIIRS,n,2,300.02,25.04,D,0
34.11153,-118.56218,355.52,0.73,0.76,2025-01-11,1949,N,VIIRS,n,2,294.01,171.25,D,0
34.11579,-118.54832,367,0.73,0.76,2025-01-11,1949,N,VIIRS,l,2,378.85,289.58,D,0
34.11377,-118.5549,367,0.73,0.76,2025-01-11,1949,N,VIIRS,l,2,337.83,171.25,D,0
34.12474,-118.5439,367,0.73,0.76,2025-01-11,1949,N,VIIRS,h,2,334.71,413.5,D,0
34.12753,-118.53479,336.99,0.73,0.76,2025-01-11,1949,N,VIIRS,n,2,298.17,95.17,D,0
34.12256,-118.551,367,0.73,0.76,2025-01-11,1949,N,VIIRS,l,2,325.39,413.5,D,0
34.12017,-118.55881,208,0.73,0.76,2025-01-11,1949,N,VIIRS,l,2,295.21,331.74,D,0
34.07078,-117.27377,367,0.32,0.54,2025-01-11,2129,N,VIIRS,h,2,300.16,8.86,D,0
34.07584,-117.27427,337.59,0.32,0.54,2025-01-11,2129,N,VIIRS,n,2,293.84,3.02,D,0
34.08126,-118.50974,342.99,0.54,0.51,2025-01-11,2129,N,VIIRS,n,2,302.64,19.48,D,0
34.08075,-118.51566,347.09,0.54,0.51,2025-01-11,2129,N,VIIRS,n,2,305.52,19.48,D,0
34.08591,-118.51089,340.54,0.54,0.51,2025-01-11,2129,N,VIIRS,n,2,302.54,19.48,D,0
34.08541,-118.51669,353.59,0.54,0.51,2025-01-11,2129,N,VIIRS,n,2,312.18,19.48,D,0
34.09112,-118.50567,355.69,0.54,0.51,2025-01-11,2129,N,VIIRS,n,2,300.47,19.13,D,0
34.09008,-118.51772,355.5,0.54,0.51,2025-01-11,2129,N,VIIRS,n,2,309.05,11.57,D,0
34.09579,-118.50664,356.51,0.54,0.51,2025-01-11,2129,N,VIIRS,n,2,302.39,19.13,D,0
34.09474,-118.51871,336.38,0.54,0.51,2025-01-11,2129,N,VIIRS,n,2,303.95,11.57,D,0
34.10047,-118.5075,346.63,0.54,0.51,2025-01-11,2129,N,VIIRS,n,2,304.09,8.1,D,0
34.09942,-118.51948,333.4,0.54,0.51,2025-01-11,2129,N,VIIRS,l,2,304.95,8.89,D,0
34.10514,-118.50842,327.76,0.54,0.51,2025-01-11,2129,N,VIIRS,l,2,299.19,8.1,D,0
34.10411,-118.52016,348.62,0.54,0.51,2025-01-11,2129,N,VIIRS,n,2,310.72,8.89,D,0
34.08216,-118.51241,355.5,0.54,0.51,2025-01-11,2129,N,VIIRS,n,2,316.43,20.33,D,0
34.0817,-118.51827,339.69,0.54,0.51,2025-01-11,2129,N,VIIRS,n,2,304.59,12.45,D,0
34.08732,-118.50742,343.14,0.54,0.51,2025-01-11,2129,N,VIIRS,n,2,299.86,20.33,D,0
34.08683,-118.51355,343.52,0.54,0.51,2025-01-11,2129,N,VIIRS,n,2,305.85,20.33,D,0
34.08637,-118.51923,342.89,0.54,0.51,2025-01-11,2129,N,VIIRS,n,2,305.15,12.45,D,0
34.07345,-118.67933,334.73,0.53,0.5,2025-01-11,2129,N,VIIRS,n,2,298.82,3.9,D,0
34.09198,-118.50851,343.97,0.54,0.51,2025-01-11,2129,N,VIIRS,n,2,305.04,11.83,D,0
34.09149,-118.51469,335.86,0.54,0.51,2025-01-11,2129,N,VIIRS,l,2,307.41,11.83,D,0
34.09105,-118.52019,341.82,0.54,0.51,2025-01-11,2129,N,VIIRS,n,2,304.45,6.82,D,0
34.09718,-118.50303,339.71,0.54,0.51,2025-01-11,2129,N,VIIRS,n,2,291.69,19.01,D,0
34.09665,-118.5096,343.69,0.54,0.51,2025-01-11,2129,N,VIIRS,n,2,307.41,11.83,D,0
34.10188,-118.50373,338.1,0.54,0.51,2025-01-11,2129,N,VIIRS,n,2,293.53,5.37,D,0
34.10085,-118.51645,334,0.54,0.51,2025-01-11,2129,N,VIIRS,l,2,306.68,16.66,D,0
34.10041,-118.52188,342.35,0.54,0.51,2025-01-11,2129,N,VIIRS,n,2,307.51,3.4,D,0
34.10656,-118.50463,342.49,0.54,0.51,2025-01-11,2129,N,VIIRS,n,2,299.05,5.37,D,0
34.1051,-118.52262,332.38,0.54,0.51,2025-01-11,2129,N,VIIRS,l,2,307,3.4,D,0
34.11173,-118.49956,342.38,0.54,0.51,2025-01-11,2129,N,VIIRS,n,2,301.23,63.24,D,0
34.11124,-118.50562,331.99,0.54,0.51,2025-01-11,2129,N,VIIRS,n,2,301.13,63.24,D,0
34.11024,-118.51785,341.96,0.54,0.51,2025-01-11,2129,N,VIIRS,l,2,312.43,11.63,D,0
34.10724,-118.55463,327.3,0.54,0.51,2025-01-11,2129,N,VIIRS,n,2,291.04,27.08,D,0
34.11593,-118.50636,351.67,0.54,0.51,2025-01-11,2129,N,VIIRS,n,2,317.45,63.24,D,0
34.1125,-118.54832,352.49,0.54,0.51,2025-01-11,2129,N,VIIRS,n,2,300.26,27.08,D,0
34.11197,-118.55478,348.88,0.54,0.51,2025-01-11,2129,N,VIIRS,n,2,305.64,27.08,D,0
34.12011,-118.51348,336.26,0.54,0.51,2025-01-11,2129,N,VIIRS,n,2,307.96,11.6,D,0
34.11771,-118.54258,342.06,0.54,0.51,2025-01-11,2129,N,VIIRS,n,2,309.65,36.43,D,0
34.1172,-118.54881,355.81,0.54,0.51,2025-01-11,2129,N,VIIRS,n,2,330.76,530.02,D,0
34.1162,-118.56095,333.03,0.54,0.51,2025-01-11,2129,N,VIIRS,n,2,292.82,50.14,D,0
34.11668,-118.55513,367,0.54,0.51,2025-01-11,2129,N,VIIRS,l,2,373.02,530.02,D,0
34.12481,-118.51411,367,0.54,0.51,2025-01-11,2129,N,VIIRS,h,2,319.85,11.6,D,0
34.1219,-118.54932,367,0.54,0.51,2025-01-11,2129,N,VIIRS,h,2,374.74,530.02,D,0
34.12432,-118.51996,335.76,0.54,0.51,2025-01-11,2129,N,VIIRS,n,2,309.43,11.6,D,0
34.12241,-118.54317,356.08,0.54,0.51,2025-01-11,2129,N,VIIRS,n,2,325.9,36.43,D,0
34.12093,-118.56104,336.24,0.54,0.51,2025-01-11,2129,N,VIIRS,n,2,299.66,50.14,D,0
34.12139,-118.55551,367,0.54,0.51,2025-01-11,2129,N,VIIRS,l,2,367.64,530.02,D,0
34.12661,-118.54975,367,0.54,0.51,2025-01-11,2129,N,VIIRS,h,2,299.43,31.49,D,0
34.12952,-118.51455,348.75,0.54,0.51,2025-01-11,2129,N,VIIRS,n,2,300.8,10.22,D,0
34.12756,-118.53831,343.2,0.54,0.51,2025-01-11,2129,N,VIIRS,n,2,305.68,12.81,D,0
34.12711,-118.54372,351.23,0.54,0.51,2025-01-11,2129,N,VIIRS,n,2,304.56,12.81,D,0
34.1261,-118.55594,344.19,0.54,0.51,2025-01-11,2129,N,VIIRS,n,2,295.21,31.49,D,0
36.43269,-120.95231,329.12,0.42,0.45,2025-01-11,2130,N,VIIRS,n,2,288.59,5.74,D,0
36.43227,-120.95679,337.89,0.42,0.45,2025-01-11,2130,N,VIIRS,n,2,291.64,6.2,D,0
37.02337,-120.19652,311.73,0.38,0.36,2025-01-12,0950,N,VIIRS,n,2,274.66,0.91,N,0
36.50927,-119.92688,302.16,0.38,0.36,2025-01-12,0950,N,VIIRS,n,2,273.31,0.94,N,0
36.71394,-121.76752,295.76,0.4,0.37,2025-01-12,0950,N,VIIRS,n,2,274.83,0.52,N,0
34.62302,-117.10141,303.94,0.45,0.39,2025-01-12,0951,N,VIIRS,n,2,275.85,0.97,N,2
34.60759,-117.33418,299.15,0.44,0.38,2025-01-12,0951,N,VIIRS,n,2,274.65,1.93,N,2
34.3539,-116.85274,300.35,0.46,0.39,2025-01-12,0951,N,VIIRS,n,2,274.09,1.16,N,2
34.4319,-118.64635,303.89,0.4,0.37,2025-01-12,0951,N,VIIRS,n,2,278.15,0.88,N,2
34.1442,-117.42828,295.37,0.44,0.38,2025-01-12,0951,N,VIIRS,n,2,277.29,0.59,N,2
34.3359,-118.51839,311.52,0.41,0.37,2025-01-12,0951,N,VIIRS,n,2,279.64,1.06,N,2
34.32085,-118.51296,302.8,0.41,0.37,2025-01-12,0951,N,VIIRS,n,2,279.03,0.5,N,2
34.21765,-118.1506,320.31,0.42,0.37,2025-01-12,0951,N,VIIRS,n,2,284.27,3.2,N,0
34.21843,-118.15501,295.49,0.42,0.37,2025-01-12,0951,N,VIIRS,n,2,283.27,1.84,N,0
34.2142,-118.15129,344.76,0.42,0.37,2025-01-12,0951,N,VIIRS,n,2,283.99,3.2,N,0
34.21498,-118.1557,300.76,0.42,0.37,2025-01-12,0951,N,VIIRS,n,2,283.36,1.84,N,0
34.29356,-118.8035,295.96,0.4,0.37,2025-01-12,0951,N,VIIRS,n,2,278.55,0.86,N,2
34.29283,-118.79922,296.41,0.4,0.37,2025-01-12,0951,N,VIIRS,n,2,277.66,0.73,N,2
34.1548,-118.19186,306.32,0.42,0.37,2025-01-12,0951,N,VIIRS,n,2,280.78,0.61,N,2
34.15137,-118.19263,297.85,0.42,0.37,2025-01-12,0951,N,VIIRS,n,2,283.24,0.77,N,2
34.04143,-117.8224,296.76,0.43,0.38,2025-01-12,0951,N,VIIRS,n,2,279.13,0.49,N,2
34.11962,-118.50909,295.56,0.41,0.37,2025-01-12,0951,N,VIIRS,n,2,283.91,0.67,N,0
34.11883,-118.5046,296.39,0.41,0.37,2025-01-12,0951,N,VIIRS,n,2,284.17,0.75,N,0
34.11545,-118.50546,300.76,0.41,0.37,2025-01-12,0951,N,VIIRS,n,2,284.04,0.75,N,0
34.11716,-118.5556,296.51,0.41,0.37,2025-01-12,0951,N,VIIRS,n,2,285.39,1.43,N,0
34.11379,-118.55648,300.69,0.41,0.37,2025-01-12,0951,N,VIIRS,n,2,285.67,1.05,N,0
33.79486,-117.47333,309.22,0.44,0.39,2025-01-12,0951,N,VIIRS,n,2,281.68,0.9,N,2
33.90883,-118.41013,297.52,0.41,0.37,2025-01-12,0951,N,VIIRS,n,2,286.65,1.29,N,0
33.85233,-118.33173,302.99,0.42,0.37,2025-01-12,0951,N,VIIRS,n,2,286.46,1.98,N,2
33.81858,-118.24235,295.55,0.42,0.38,2025-01-12,0951,N,VIIRS,n,2,284.06,1.23,N,2
33.71511,-117.71185,307.06,0.44,0.38,2025-01-12,0951,N,VIIRS,n,2,284.41,0.91,N,2
33.77453,-118.21613,298.17,0.42,0.38,2025-01-12,0951,N,VIIRS,n,2,281.36,0.5,N,2
33.77634,-118.21803,296.62,0.42,0.38,2025-01-12,0951,N,VIIRS,n,2,277.76,0.4,N,2
33.79242,-118.34964,295.64,0.42,0.37,2025-01-12,0951,N,VIIRS,n,2,277.81,0.26,N,2
33.61498,-117.82256,305.18,0.43,0.38,2025-01-12,0951,N,VIIRS,n,2,283.68,0.7,N,2
33.61153,-117.82354,295.4,0.43,0.38,2025-01-12,0951,N,VIIRS,n,2,283.7,0.32,N,2
33.49363,-117.61721,299.43,0.44,0.38,2025-01-12,0951,N,VIIRS,n,2,282.46,0.82,N,2
32.85867,-117.02913,302.34,0.47,0.4,2025-01-12,0951,N,VIIRS,n,2,274.8,1.01,N,2
32.85872,-117.14897,295.76,0.47,0.4,2025-01-12,0951,N,VIIRS,n,2,271.02,0.56,N,2
32.59858,-117.01283,303.21,0.48,0.4,2025-01-12,0951,N,VIIRS,n,2,276.06,1.05,N,2
32.45371,-116.95998,296.19,0.48,0.4,2025-01-12,0951,N,VIIRS,n,2,276.91,0.71,N,0
32.37075,-117.0659,305.45,0.48,0.4,2025-01-12,0951,N,VIIRS,n,2,278.4,0.53,N,2
32.49717,-116.8327,343.03,0.53,0.42,2025-01-12,2110,N,VIIRS,n,2,309.53,19.38,D,0
34.29112,-118.80102,326.97,0.46,0.39,2025-01-12,2110,N,VIIRS,n,2,296.36,1.68,D,2
36.51141,-119.9183,333.54,0.44,0.38,2025-01-12,2111,N,VIIRS,n,2,287.54,5.13,D,0
34.62143,-117.0994,306.86,0.39,0.36,2025-01-13,0932,N,VIIRS,n,2,274.12,1.43,N,2
34.60758,-117.3375,305.05,0.4,0.37,2025-01-13,0932,N,VIIRS,n,2,272.76,1.47,N,2
34.52181,-117.49581,298.75,0.4,0.37,2025-01-13,0932,N,VIIRS,n,2,266.5,0.61,N,0
34.35457,-116.85162,298.59,0.39,0.36,2025-01-13,0932,N,VIIRS,n,2,272.75,0.83,N,2
34.43069,-118.64589,317.33,0.43,0.38,2025-01-13,0932,N,VIIRS,n,2,278.32,1.56,N,2
34.33572,-118.5216,311.27,0.42,0.38,2025-01-13,0932,N,VIIRS,n,2,277.45,0.93,N,2
34.33396,-118.51956,314.6,0.42,0.38,2025-01-13,0932,N,VIIRS,n,2,277.12,1.47,N,2
34.31889,-118.51326,300.51,0.42,0.38,2025-01-13,0932,N,VIIRS,n,2,278.58,0.5,N,2
34.14162,-117.42707,297.28,0.4,0.37,2025-01-13,0932,N,VIIRS,n,2,279.31,0.45,N,2
34.24395,-118.37926,297.98,0.42,0.37,2025-01-13,0932,N,VIIRS,n,2,273.65,0.5,N,2
34.29368,-118.80412,297.11,0.43,0.38,2025-01-13,0932,N,VIIRS,n,2,280.98,0.57,N,2
34.29306,-118.79938,296.57,0.43,0.38,2025-01-13,0932,N,VIIRS,n,2,279.87,0.3,N,2
34.15269,-118.19133,312.41,0.41,0.37,2025-01-13,0932,N,VIIRS,n,2,278.26,1.39,N,2
34.11558,-117.92644,301.46,0.41,0.37,2025-01-13,0932,N,VIIRS,n,2,275.23,0.4,N,2
34.0413,-117.81995,298.1,0.4,0.37,2025-01-13,0932,N,VIIRS,n,2,274.91,0.2,N,0
34.14943,-118.7222,295.06,0.43,0.38,2025-01-13,0932,N,VIIRS,n,2,274.84,0.61,N,0
34.03592,-118.10453,299.33,0.41,0.37,2025-01-13,0932,N,VIIRS,n,2,276.79,0.59,N,2
33.79354,-117.47736,298.15,0.4,0.37,2025-01-13,0932,N,VIIRS,n,2,274.43,1.3,N,2
33.90614,-118.40331,297.18,0.42,0.37,2025-01-13,0932,N,VIIRS,n,2,283.23,1.04,N,2
33.85534,-118.333,296.6,0.41,0.37,2025-01-13,0932,N,VIIRS,n,2,283.65,0.82,N,2
33.85191,-118.33369,299.12,0.41,0.37,2025-01-13,0932,N,VIIRS,n,2,283.15,1.18,N,2
33.82181,-118.24364,297.32,0.41,0.37,2025-01-13,0932,N,VIIRS,n,2,283.36,0.78,N,2
33.81839,-118.24432,297.54,0.41,0.37,2025-01-13,0932,N,VIIRS,n,2,282,0.92,N,2
33.81374,-118.23614,296.44,0.41,0.37,2025-01-13,0932,N,VIIRS,n,2,282.07,1.17,N,2
33.71553,-117.71237,312.5,0.4,0.37,2025-01-13,0932,N,VIIRS,n,2,282.95,1.05,N,2
33.7759,-118.21638,299.21,0.41,0.37,2025-01-13,0932,N,VIIRS,n,2,279.08,0.46,N,2
33.61321,-117.82441,314.98,0.4,0.37,2025-01-13,0932,N,VIIRS,n,2,279.16,0.77,N,2
33.49276,-117.61878,304.18,0.4,0.37,2025-01-13,0932,N,VIIRS,n,2,281.12,0.78,N,2
32.8576,-117.02812,301.34,0.39,0.36,2025-01-13,0932,N,VIIRS,n,2,273.47,0.81,N,2
32.8584,-117.14717,303.83,0.39,0.36,2025-01-13,0932,N,VIIRS,n,2,273.23,0.48,N,2
32.59809,-117.01092,302.37,0.39,0.36,2025-01-13,0933,N,VIIRS,n,2,276.32,0.82,N,2
32.49953,-116.79129,307.18,0.38,0.36,2025-01-13,0933,N,VIIRS,n,2,277.1,0.9,N,2
32.49589,-116.83414,308.03,0.39,0.36,2025-01-13,0933,N,VIIRS,n,2,279.78,1.04,N,0
32.49867,-116.79159,335.02,0.38,0.36,2025-01-13,2051,N,VIIRS,n,2,302.45,13.22,D,2
32.51893,-116.95107,329.15,0.38,0.36,2025-01-13,2051,N,VIIRS,n,2,298.53,1.78,D,0
34.33393,-118.52045,327.62,0.39,0.36,2025-01-13,2051,N,VIIRS,n,2,291.9,1.08,D,2
36.13931,-121.09529,331,0.43,0.38,2025-01-13,2052,N,VIIRS,n,2,294.4,2.45,D,0
36.13848,-121.09992,330.69,0.43,0.38,2025-01-13,2052,N,VIIRS,n,2,292.47,2.45,D,0
36.14273,-121.09622,343.2,0.43,0.38,2025-01-13,2052,N,VIIRS,n,2,296.29,7.67,D,0
36.1419,-121.10091,329.34,0.43,0.38,2025-01-13,2052,N,VIIRS,n,2,295.7,7.67,D,0
34.60702,-117.33515,305.36,0.4,0.44,2025-01-14,0913,N,VIIRS,n,2,270.5,2.37,N,2
34.43217,-118.64381,298.2,0.47,0.48,2025-01-14,0913,N,VIIRS,n,2,277.43,1,N,2
34.33572,-118.51982,301.73,0.46,0.47,2025-01-14,0913,N,VIIRS,n,2,276.07,0.83,N,2
34.33627,-118.52076,304.5,0.46,0.47,2025-01-14,0913,N,VIIRS,n,2,276.1,0.82,N,2
34.10143,-117.2989,298.14,0.4,0.44,2025-01-14,0913,N,VIIRS,n,2,275.16,0.72,N,0
34.09831,-117.30178,318.83,0.4,0.44,2025-01-14,0913,N,VIIRS,n,2,276.71,2.41,N,0
34.09784,-117.29748,308.83,0.4,0.44,2025-01-14,0913,N,VIIRS,n,2,275.42,1.62,N,0
34.15312,-118.19351,311.36,0.44,0.46,2025-01-14,0913,N,VIIRS,n,2,276.81,1.4,N,2
34.23642,-119.21436,302.18,0.5,0.49,2025-01-14,0913,N,VIIRS,n,2,278.21,1.63,N,0
34.23591,-119.20878,319.93,0.5,0.49,2025-01-14,0913,N,VIIRS,n,2,281.31,1.87,N,0
34.23542,-119.20322,300.47,0.5,0.49,2025-01-14,0913,N,VIIRS,n,2,278.58,1.87,N,0
33.90879,-118.41016,296.43,0.45,0.47,2025-01-14,0913,N,VIIRS,n,2,284.17,1.54,N,0
33.79271,-117.47535,301.55,0.4,0.44,2025-01-14,0913,N,VIIRS,n,2,273.42,1.14,N,2
33.85179,-118.33035,296.84,0.45,0.47,2025-01-14,0913,N,VIIRS,n,2,282.1,1.72,N,2
33.71693,-117.71283,300.21,0.41,0.45,2025-01-14,0913,N,VIIRS,n,2,282.01,0.7,N,2
33.71526,-117.71074,301.08,0.41,0.45,2025-01-14,0913,N,VIIRS,n,2,282.33,0.91,N,2
33.6124,-117.82434,305.65,0.42,0.45,2025-01-14,0913,N,VIIRS,n,2,279.75,0.59,N,2
33.49385,-117.61616,296.4,0.4,0.45,2025-01-14,0913,N,VIIRS,n,2,278.61,0.57,N,2
33.49149,-117.61564,297.68,0.4,0.45,2025-01-14,0913,N,VIIRS,n,2,278.17,0.61,N,2
32.85917,-117.02681,295.44,0.56,0.43,2025-01-14,0914,N,VIIRS,n,2,272.82,1.1,N,2
32.5991,-117.00984,301.53,0.55,0.43,2025-01-14,0914,N,VIIRS,n,2,275.58,0.82,N,2
32.52894,-116.7775,308.23,0.54,0.42,2025-01-14,0914,N,VIIRS,n,2,276.98,1.14,N,0
32.52507,-116.77824,295.19,0.54,0.42,2025-01-14,0914,N,VIIRS,n,2,275.63,0.64,N,0
32.49857,-116.78861,298.54,0.54,0.42,2025-01-14,0914,N,VIIRS,n,2,277.35,0.47,N,2
32.37148,-117.06705,301.79,0.55,0.43,2025-01-14,0914,N,VIIRS,n,2,281.63,1,N,2
32.37262,-117.06778,307.14,0.55,0.43,2025-01-14,0914,N,VIIRS,n,2,282.34,1.12,N,2
32.21893,-116.87276,296.14,0.54,0.42,2025-01-14,0914,N,VIIRS,n,2,280.16,0.6,N,0
32.21574,-116.87936,338.02,0.54,0.42,2025-01-14,0914,N,VIIRS,n,2,285.52,6.05,N,0
32.21503,-116.87332,327.59,0.54,0.42,2025-01-14,0914,N,VIIRS,n,2,282.98,6.05,N,0
32.21256,-116.88608,353.74,0.54,0.42,2025-01-14,0914,N,VIIRS,n,2,293.56,14.27,N,0
32.21185,-116.88001,338.06,0.54,0.42,2025-01-14,0914,N,VIIRS,n,2,289.48,6.05,N,0
32.21326,-116.89199,297.99,0.54,0.42,2025-01-14,0914,N,VIIRS,n,2,280.21,14.27,N,0
32.20938,-116.89278,338.1,0.54,0.42,2025-01-14,0914,N,VIIRS,n,2,288.04,24.96,N,0
32.20868,-116.8868,327.08,0.54,0.42,2025-01-14,0914,N,VIIRS,n,2,296.97,24.96,N,0
32.20798,-116.88078,302.25,0.54,0.42,2025-01-14,0914,N,VIIRS,n,2,282.31,2.09,N,0
32.20548,-116.89342,346.09,0.54,0.42,2025-01-14,0914,N,VIIRS,n,2,290.5,24.96,N,0
32.20479,-116.88744,295.57,0.54,0.42,2025-01-14,0914,N,VIIRS,n,2,281.56,24.96,N,0
32.03441,-116.75225,297.16,0.53,0.42,2025-01-14,0914,N,VIIRS,n,2,280.61,0.76,N,0
32.21583,-116.87242,334.79,0.5,0.41,2025-01-14,2032,N,VIIRS,n,2,300.12,3.97,D,0
32.53609,-116.64331,332.28,0.49,0.4,2025-01-14,2032,N,VIIRS,n,2,292.63,8.08,D,0
32.53513,-116.64843,333.75,0.49,0.4,2025-01-14,2032,N,VIIRS,n,2,295.92,10.09,D,0
32.53973,-116.64429,356.25,0.49,0.4,2025-01-14,2032,N,VIIRS,n,2,302.86,27.08,D,0
33.0896,-115.54485,332.24,0.43,0.38,2025-01-14,2032,N,VIIRS,n,2,298.17,7.11,D,0
33.09388,-115.54112,354.14,0.43,0.38,2025-01-14,2032,N,VIIRS,n,2,307.43,27.89,D,0
33.09734,-115.54199,344.14,0.43,0.38,2025-01-14,2032,N,VIIRS,n,2,298.44,6.37,D,0
33.77232,-117.03074,340.81,0.48,0.4,2025-01-14,2032,N,VIIRS,n,2,296.69,6.14,D,0
33.9903,-117.38967,342.77,0.5,0.41,2025-01-14,2032,N,VIIRS,n,2,302.68,27.21,D,0
34.15336,-118.19089,325.33,0.54,0.42,2025-01-14,2033,N,VIIRS,n,2,296.16,2.22,D,2
36.1796,-121.12384,335.27,0.46,0.47,2025-01-14,2033,N,VIIRS,n,2,294.19,1.87,D,0
37.01222,-121.35699,330.82,0.45,0.47,2025-01-14,2033,N,VIIRS,n,2,293.32,3.1,D,0
37.14663,-121.0318,338.98,0.43,0.46,2025-01-14,2033,N,VIIRS,n,2,291.17,3.37,D,0
37.16725,-121.01834,327.91,0.43,0.46,2025-01-14,2033,N,VIIRS,n,2,288.55,1.97,D,0
34.60687,-117.33801,308.21,0.37,0.58,2025-01-15,0854,N,VIIRS,n,2,274.19,1.42,N,2
34.60565,-117.33765,298.49,0.37,0.58,2025-01-15,0854,N,VIIRS,n,2,270.72,0.7,N,2
34.4322,-118.6462,296.94,0.44,0.62,2025-01-15,0854,N,VIIRS,n,2,279.79,0.51,N,2
34.31231,-119.26644,305.33,0.47,0.64,2025-01-15,0854,N,VIIRS,n,2,284.27,1.12,N,0
34.31116,-119.26962,307.2,0.47,0.64,2025-01-15,0854,N,VIIRS,n,2,284.38,0.87,N,0
34.15101,-118.19505,298.15,0.41,0.61,2025-01-15,0854,N,VIIRS,n,2,280.56,0.78,N,2
33.79192,-117.47626,298.08,0.37,0.58,2025-01-15,0854,N,VIIRS,n,2,275.61,0.51,N,2
33.82241,-118.24526,295.44,0.41,0.61,2025-01-15,0854,N,VIIRS,n,2,281.9,0.71,N,2
33.82054,-118.24628,295.37,0.41,0.61,2025-01-15,0855,N,VIIRS,n,2,280.76,0.68,N,2
33.8143,-118.23772,296.13,0.41,0.61,2025-01-15,0855,N,VIIRS,n,2,282.52,1.53,N,2
32.85718,-117.02911,302.3,0.34,0.56,2025-01-15,0855,N,VIIRS,n,2,273.88,0.5,N,2
32.59795,-117.01337,303.46,0.34,0.56,2025-01-15,0855,N,VIIRS,n,2,277.71,0.63,N,2
32.53924,-116.61197,295.81,0.32,0.55,2025-01-15,0855,N,VIIRS,n,2,278.37,0.87,N,0
32.5354,-116.62798,338.32,0.32,0.55,2025-01-15,0855,N,VIIRS,n,2,279.25,1.71,N,0
32.5351,-116.62422,302.24,0.32,0.55,2025-01-15,0855,N,VIIRS,n,2,280.95,1.71,N,0
32.53446,-116.61634,317.16,0.32,0.55,2025-01-15,0855,N,VIIRS,n,2,279.93,2.11,N,0
32.37037,-117.07014,300.07,0.34,0.56,2025-01-15,0855,N,VIIRS,n,2,283.25,0.99,N,2
32.36991,-117.06932,299.09,0.34,0.56,2025-01-15,0855,N,VIIRS,n,2,283.18,0.79,N,2
31.98162,-116.81516,324.19,0.33,0.55,2025-01-15,0855,N,VIIRS,n,2,285.19,2.15,N,0
34.60884,-117.33545,309.41,0.53,0.67,2025-01-15,1035,N,VIIRS,n,2,272.56,1.55,N,2
34.43023,-118.64488,297.49,0.46,0.63,2025-01-15,1035,N,VIIRS,n,2,279.33,0.5,N,2
34.15318,-118.19048,302.74,0.49,0.65,2025-01-15,1035,N,VIIRS,n,2,278.15,0.58,N,2
34.31367,-119.26745,304.86,0.43,0.62,2025-01-15,1035,N,VIIRS,n,2,282.6,0.43,N,0
33.85166,-118.32939,295.46,0.49,0.65,2025-01-15,1035,N,VIIRS,n,2,281.86,1.21,N,2
33.82135,-118.24228,296.08,0.5,0.66,2025-01-15,1035,N,VIIRS,n,2,281.77,0.87,N,2
32.5378,-116.60992,322.27,0.66,0.73,2025-01-15,1035,N,VIIRS,n,2,280.04,4.66,N,0
32.97127,-115.60054,340.71,0.49,0.48,2025-01-15,2013,N,VIIRS,n,2,296.29,8.98,D,0
34.15262,-118.19268,325.28,0.32,0.54,2025-01-15,2014,N,VIIRS,n,2,296.63,1.8,D,2
36.11658,-121.07244,341.57,0.41,0.6,2025-01-15,2015,N,VIIRS,n,2,294.64,2.17,D,0
36.17749,-121.12691,367,0.41,0.61,2025-01-15,2015,N,VIIRS,h,2,294.88,5.04,D,0
36.17483,-121.12375,336.44,0.46,0.64,2025-01-15,2155,N,VIIRS,n,2,297,4.36,D,0
36.17458,-121.12911,344.94,0.46,0.64,2025-01-15,2155,N,VIIRS,n,2,296.08,4.36,D,0
34.60727,-117.33773,297.55,0.69,0.74,2025-01-16,0835,N,VIIRS,n,2,271.52,1.16,N,2
34.08007,-117.50401,296.95,0.7,0.75,2025-01-16,0835,N,VIIRS,n,2,276.86,1.25,N,0
34.08212,-117.50188,296.13,0.7,0.75,2025-01-16,0835,N,VIIRS,n,2,276.78,0.71,N,2
36.65987,-119.93832,301.46,0.39,0.44,2025-01-16,1015,N,VIIRS,n,2,275.03,1.21,N,0
34.6063,-117.33832,300.55,0.59,0.53,2025-01-16,1016,N,VIIRS,n,2,270.6,1.71,N,2
34.35569,-116.85255,298.24,0.32,0.54,2025-01-16,1016,N,VIIRS,n,2,275.57,1.19,N,2
34.35565,-116.85208,298.5,0.32,0.54,2025-01-16,1016,N,VIIRS,n,2,275.71,0.76,N,2
34.4292,-118.64518,300.64,0.51,0.49,2025-01-16,1016,N,VIIRS,n,2,274.39,1.34,N,2
34.33377,-118.52138,304.87,0.52,0.5,2025-01-16,1016,N,VIIRS,n,2,278.94,0.81,N,2
34.07842,-117.49946,300.04,0.59,0.53,2025-01-16,1016,N,VIIRS,n,2,277.27,1.01,N,2
34.15123,-118.19361,299.53,0.54,0.51,2025-01-16,1016,N,VIIRS,n,2,280.38,1.14,N,2
34.31146,-119.26923,300.26,0.47,0.48,2025-01-16,1016,N,VIIRS,n,2,283.52,0.63,N,0
33.71553,-117.71177,295.63,0.59,0.53,2025-01-16,1016,N,VIIRS,n,2,279.41,0.81,N,2
33.85302,-118.33499,295.15,0.54,0.51,2025-01-16,1016,N,VIIRS,n,2,283.09,2.35,N,2
33.81944,-118.24228,297.71,0.55,0.51,2025-01-16,1016,N,VIIRS,n,2,283.5,2.02,N,2
32.85844,-117.02786,298.38,0.34,0.56,2025-01-16,1016,N,VIIRS,n,2,273.14,0.64,N,2
36.22193,-121.18845,335.5,0.72,0.76,2025-01-16,1956,N,VIIRS,n,2,291.13,5.14,D,0
33.10025,-115.40808,347.08,0.49,0.65,2025-01-16,2135,N,VIIRS,n,2,291.68,6.46,D,0
36.21875,-121.18967,341.04,0.5,0.49,2025-01-16,2136,N,VIIRS,n,2,296.66,1.79,D,0
37.02362,-120.1979,309.94,0.39,0.36,2025-01-17,0957,N,VIIRS,n,2,275.08,0.88,N,0
36.80733,-121.78152,316.94,0.38,0.36,2025-01-17,0957,N,VIIRS,n,2,279.79,1.82,N,0
34.6215,-117.10051,303.28,0.52,0.41,2025-01-17,0957,N,VIIRS,n,2,274.39,1.46,N,2
34.60931,-117.33486,298.08,0.51,0.41,2025-01-17,0957,N,VIIRS,n,2,274.13,0.74,N,2
34.60941,-117.33621,304.3,0.51,0.41,2025-01-17,0957,N,VIIRS,n,2,275.72,1.36,N,2
34.43025,-118.64589,311.97,0.45,0.39,2025-01-17,0957,N,VIIRS,n,2,273.32,1.34,N,2
34.43113,-118.64257,309.12,0.45,0.39,2025-01-17,0957,N,VIIRS,n,2,274.21,1.78,N,2
34.3342,-118.52176,308.77,0.46,0.39,2025-01-17,0957,N,VIIRS,n,2,276.5,1.31,N,2
34.3207,-118.5096,297.56,0.46,0.39,2025-01-17,0957,N,VIIRS,n,2,276,0.41,N,2
34.24329,-118.38087,297.44,0.46,0.39,2025-01-17,0957,N,VIIRS,n,2,275.23,0.55,N,2
34.29261,-118.80308,314.39,0.45,0.39,2025-01-17,0957,N,VIIRS,n,2,274.99,1.66,N,2
34.15499,-118.19488,309.87,0.47,0.4,2025-01-17,0957,N,VIIRS,n,2,276.86,1.31,N,2
33.79422,-117.47398,300.78,0.51,0.41,2025-01-17,0957,N,VIIRS,n,2,275.77,0.99,N,2
33.71518,-117.70838,297.72,0.5,0.41,2025-01-17,0957,N,VIIRS,n,2,278.52,0.54,N,0
33.61279,-117.82256,307.89,0.5,0.41,2025-01-17,0957,N,VIIRS,n,2,280.37,1.22,N,2
33.61244,-117.82491,303.38,0.5,0.41,2025-01-17,0957,N,VIIRS,n,2,279.47,0.67,N,2
32.59844,-117.01096,297.51,0.57,0.43,2025-01-17,0958,N,VIIRS,n,2,277.28,0.98,N,2
33.11117,-115.42113,334.8,0.52,0.5,2025-01-17,2116,N,VIIRS,n,2,299.17,6.5,D,0
33.1158,-115.42168,367,0.52,0.5,2025-01-17,2116,N,VIIRS,h,2,303.43,18.63,D,0
33.13394,-115.48087,341.8,0.52,0.5,2025-01-17,2116,N,VIIRS,l,2,315.4,54.74,D,0
33.13855,-115.48141,341.25,0.52,0.5,2025-01-17,2116,N,VIIRS,n,2,302,15.11,D,0
36.80401,-121.77823,332.31,0.43,0.38,2025-01-17,2117,N,VIIRS,n,2,292.85,7.98,D,0
36.8075,-121.7789,337.11,0.43,0.38,2025-01-17,2117,N,VIIRS,n,2,292.9,7.98,D,0
34.62317,-117.10149,308.84,0.38,0.36,2025-01-18,0938,N,VIIRS,n,2,274.93,1.3,N,2
34.60938,-117.3375,303.08,0.38,0.36,2025-01-18,0938,N,VIIRS,n,2,276.41,1.06,N,2
34.35528,-116.85108,305.02,0.39,0.36,2025-01-18,0938,N,VIIRS,n,2,276.26,0.88,N,2
34.42995,-118.64513,316.4,0.39,0.36,2025-01-18,0938,N,VIIRS,n,2,275.82,1.57,N,2
34.32078,-118.51101,297.17,0.39,0.36,2025-01-18,0938,N,VIIRS,n,2,277.42,0.47,N,2
34.29273,-118.80079,313.53,0.39,0.36,2025-01-18,0938,N,VIIRS,n,2,276.65,1.37,N,2
34.0361,-118.10356,297.25,0.39,0.36,2025-01-18,0939,N,VIIRS,n,2,279.64,0.23,N,2
33.61365,-117.8233,307.59,0.38,0.36,2025-01-18,0939,N,VIIRS,n,2,279.84,1.06,N,2
32.85841,-117.028,303.16,0.39,0.36,2025-01-18,0939,N,VIIRS,n,2,276.18,0.85,N,2
32.50996,-116.77032,297.31,0.39,0.36,2025-01-18,0939,N,VIIRS,n,2,274.7,0.56,N,2
32.49941,-116.78996,300.97,0.39,0.36,2025-01-18,0939,N,VIIRS,n,2,276.67,0.84,N,2
32.47772,-116.88571,332.01,0.4,0.37,2025-01-18,2057,N,VIIRS,n,2,295.61,4.94,D,0
33.79361,-117.47282,328.71,0.4,0.37,2025-01-18,2058,N,VIIRS,n,2,300.26,1.27,D,2
34.3359,-118.51919,327.1,0.39,0.36,2025-01-18,2058,N,VIIRS,n,2,293.8,1.34,D,2
35.36041,-120.52847,328.38,0.39,0.36,2025-01-18,2058,N,VIIRS,n,2,287.86,2.17,D,0
36.43076,-120.95637,333.87,0.39,0.36,2025-01-18,2058,N,VIIRS,n,2,292.09,4.63,D,0
36.86076,-120.19028,344.63,0.38,0.36,2025-01-18,2058,N,VIIRS,n,2,291.93,5.85,D,0
36.86405,-120.19106,345.56,0.38,0.36,2025-01-18,2058,N,VIIRS,n,2,292.26,8.44,D,0
36.49652,-119.90326,317.04,0.48,0.48,2025-01-19,0919,N,VIIRS,n,2,273.98,2.07,N,0
34.60943,-117.33611,302.05,0.51,0.41,2025-01-19,0920,N,VIIRS,n,2,274.92,1.26,N,2
34.43171,-118.64298,297.22,0.39,0.44,2025-01-19,0920,N,VIIRS,n,2,275.48,0.73,N,2
34.33601,-118.51837,299.53,0.57,0.43,2025-01-19,0920,N,VIIRS,n,2,277.98,1.26,N,2
34.29261,-118.80264,308.8,0.39,0.44,2025-01-19,0920,N,VIIRS,n,2,276.71,1.2,N,2
34.15276,-118.19619,312.65,0.55,0.43,2025-01-19,0920,N,VIIRS,n,2,279.02,1.43,N,2
33.79467,-117.47385,302.24,0.5,0.41,2025-01-19,0920,N,VIIRS,n,2,277.95,1.28,N,2
33.85149,-118.3349,296.54,0.55,0.43,2025-01-19,0920,N,VIIRS,n,2,283.41,2.16,N,2
33.84754,-118.33553,312.41,0.55,0.43,2025-01-19,0920,N,VIIRS,n,2,281.3,1.72,N,0
33.71536,-117.70865,300.43,0.51,0.41,2025-01-19,0920,N,VIIRS,n,2,279.08,0.99,N,2
33.61433,-117.82494,304.41,0.52,0.41,2025-01-19,0920,N,VIIRS,n,2,278.65,0.58,N,2
33.49338,-117.61483,295.21,0.51,0.41,2025-01-19,0920,N,VIIRS,n,2,279.14,0.66,N,0
32.85746,-117.0267,306.43,0.47,0.4,2025-01-19,0920,N,VIIRS,n,2,276,0.65,N,2
32.85743,-117.14596,301.85,0.47,0.4,2025-01-19,0920,N,VIIRS,n,2,275.11,0.82,N,2
32.59957,-117.01051,298.59,0.47,0.39,2025-01-19,0920,N,VIIRS,n,2,277.32,0.62,N,2
32.509,-116.79613,324.25,0.46,0.39,2025-01-19,0920,N,VIIRS,n,2,277.73,2.16,N,0
32.50543,-116.79699,325.18,0.46,0.39,2025-01-19,0920,N,VIIRS,n,2,277.08,2.92,N,0
32.49538,-116.83349,335.94,0.46,0.39,2025-01-19,0920,N,VIIRS,n,2,280.83,11.16,N,0
32.37346,-117.06962,303.24,0.47,0.39,2025-01-19,0920,N,VIIRS,n,2,280.98,1.09,N,2
32.49483,-116.83503,328.04,0.43,0.38,2025-01-19,2038,N,VIIRS,l,2,301.8,2.26,D,0
32.61989,-116.13165,345.95,0.41,0.37,2025-01-19,2038,N,VIIRS,n,2,296.04,3.75,D,0
33.24895,-115.49574,341.55,0.39,0.36,2025-01-19,2038,N,VIIRS,n,2,300.78,2.25,D,0
33.25159,-115.5007,347.11,0.39,0.36,2025-01-19,2038,N,VIIRS,n,2,301.36,3.56,D,0
33.25229,-115.49649,356.71,0.39,0.36,2025-01-19,2038,N,VIIRS,l,2,301.35,3.56,D,0
33.25561,-115.49727,345.05,0.39,0.36,2025-01-19,2038,N,VIIRS,n,2,300.52,3.56,D,0
34.15293,-118.19328,326.43,0.46,0.39,2025-01-19,2039,N,VIIRS,n,2,295.16,2.7,D,2
34.60828,-117.33762,301.98,0.6,0.53,2025-01-20,0901,N,VIIRS,n,2,274.78,2.1,N,2
37.02566,-120.19726,295.4,0.39,0.6,2025-01-20,1040,N,VIIRS,n,2,274.37,0.57,N,0
33.36366,-117.1616,326.9,0.54,0.68,2025-01-21,0842,N,VIIRS,n,2,281.16,3.69,N,0
33.36105,-117.16229,332.61,0.54,0.68,2025-01-21,0842,N,VIIRS,n,2,282.27,2.4,N,0
32.85632,-117.0304,295.45,0.52,0.67,2025-01-21,0842,N,VIIRS,n,2,279.85,0.32,N,2
34.60622,-117.33688,312.65,0.36,0.57,2025-01-21,1022,N,VIIRS,n,2,271,1.78,N,2
34.33377,-118.52109,297.66,0.63,0.54,2025-01-21,1022,N,VIIRS,n,2,275.52,0.98,N,2
34.1516,-118.1922,310.85,0.33,0.55,2025-01-21,1022,N,VIIRS,n,2,278.41,1.18,N,2
34.29241,-118.80379,302.11,0.61,0.53,2025-01-21,1022,N,VIIRS,n,2,279.19,1.22,N,2
34.2912,-118.80375,302.93,0.61,0.53,2025-01-21,1022,N,VIIRS,n,2,279.67,0.9,N,2
33.85437,-118.33269,299.24,0.33,0.55,2025-01-21,1022,N,VIIRS,n,2,284.66,1.43,N,2
33.85088,-118.33134,298.54,0.33,0.55,2025-01-21,1022,N,VIIRS,n,2,281.25,1.03,N,2
33.8185,-118.24276,299.78,0.34,0.56,2025-01-21,1022,N,VIIRS,n,2,284.59,0.99,N,2
33.61403,-117.82023,296.26,0.36,0.57,2025-01-21,1022,N,VIIRS,n,2,279.04,0.36,N,2
33.30863,-117.15559,321.46,0.4,0.6,2025-01-21,1022,N,VIIRS,n,2,282.44,17.5,N,0
33.3076,-117.15156,367,0.4,0.6,2025-01-21,1022,N,VIIRS,h,2,300.85,17.5,N,0
33.30658,-117.14755,315.68,0.4,0.6,2025-01-21,1022,N,VIIRS,n,2,283.47,10.61,N,0
33.30237,-117.15398,367,0.4,0.6,2025-01-21,1022,N,VIIRS,h,2,282.43,14.08,N,0
33.30136,-117.15002,306.35,0.4,0.6,2025-01-21,1022,N,VIIRS,n,2,279,4.92,N,0
32.8572,-117.02927,299.15,0.41,0.61,2025-01-21,1023,N,VIIRS,n,2,276.74,0.66,N,2
32.53222,-116.8373,300.36,0.43,0.62,2025-01-21,1023,N,VIIRS,n,2,275.36,0.65,N,0
32.37033,-117.06651,297.67,0.42,0.61,2025-01-21,1023,N,VIIRS,n,2,279.37,0.6,N,0
32.26362,-116.92423,334.49,0.45,0.63,2025-01-21,2001,N,VIIRS,n,2,277.23,3.01,D,0
32.26331,-116.92302,332.77,0.45,0.63,2025-01-21,2001,N,VIIRS,n,2,275.4,2.69,D,0
32.46859,-117.07067,334.84,0.48,0.65,2025-01-21,2141,N,VIIRS,n,2,284.74,3.28,D,0
32.47032,-117.0631,334.29,0.48,0.65,2025-01-21,2141,N,VIIRS,n,2,285.3,5.68,D,0
32.47006,-117.06817,335.02,0.48,0.65,2025-01-21,2141,N,VIIRS,n,2,286.29,5.35,D,0
37.13,-119.27454,302.77,0.45,0.39,2025-01-22,1003,N,VIIRS,n,2,270.36,1.09,N,0
32.82414,-118.41362,311.14,0.57,0.43,2025-01-22,1004,N,VIIRS,n,2,270.31,1.55,N,0
32.81993,-118.43347,299.88,0.57,0.43,2025-01-22,1004,N,VIIRS,n,2,269.72,0.72,N,0
32.81871,-118.43428,303.33,0.57,0.43,2025-01-22,1004,N,VIIRS,n,2,269.63,0.8,N,0
32.83014,-118.40646,333.92,0.43,0.46,2025-01-22,2122,N,VIIRS,n,2,298.66,3.56,D,0
34.51706,-118.58096,334.91,0.44,0.46,2025-01-22,2123,N,VIIRS,n,2,286.93,17.09,D,0
34.5166,-118.5858,338.34,0.44,0.46,2025-01-22,2123,N,VIIRS,n,2,286.04,36.51,D,0
34.51614,-118.59057,329.6,0.44,0.46,2025-01-22,2123,N,VIIRS,n,2,284.81,36.51,D,0
34.5157,-118.59522,326.59,0.44,0.46,2025-01-22,2123,N,VIIRS,n,2,283.39,10.29,D,0
34.51527,-118.59971,348.9,0.44,0.46,2025-01-22,2123,N,VIIRS,n,2,291.11,10.29,D,0
34.51485,-118.60414,338.27,0.44,0.46,2025-01-22,2123,N,VIIRS,n,2,282.99,12.23,D,0
34.52225,-118.57208,335.03,0.44,0.46,2025-01-22,2123,N,VIIRS,n,2,286.87,6.18,D,0
34.52179,-118.57687,354.96,0.44,0.46,2025-01-22,2123,N,VIIRS,n,2,283.95,17.09,D,0
34.52044,-118.59107,355.36,0.44,0.46,2025-01-22,2123,N,VIIRS,n,2,284.37,36.51,D,0
34.52,-118.59572,337.7,0.44,0.46,2025-01-22,2123,N,VIIRS,n,2,280.84,10.29,D,0
34.52134,-118.58163,356.72,0.44,0.46,2025-01-22,2123,N,VIIRS,l,2,285.81,17.09,D,0
34.527,-118.56792,342.94,0.44,0.46,2025-01-22,2123,N,VIIRS,n,2,289.74,109.72,D,0
34.52655,-118.5727,356.3,0.44,0.46,2025-01-22,2123,N,VIIRS,n,2,288.9,109.72,D,0
34.52609,-118.5774,355.62,0.44,0.46,2025-01-22,2123,N,VIIRS,n,2,288.96,172.12,D,0
34.52565,-118.58207,343.56,0.44,0.46,2025-01-22,2123,N,VIIRS,n,2,298.64,172.12,D,0
34.52475,-118.59144,351.72,0.44,0.46,2025-01-22,2123,N,VIIRS,n,2,284.1,131.28,D,0
34.52521,-118.58673,299.99,0.44,0.46,2025-01-22,2123,N,VIIRS,l,2,308.76,131.28,D,0
34.5313,-118.56848,367,0.44,0.46,2025-01-22,2123,N,VIIRS,h,2,356.8,109.72,D,0
34.53085,-118.57317,367,0.44,0.46,2025-01-22,2123,N,VIIRS,h,2,332.97,109.72,D,0
34.52996,-118.58245,367,0.44,0.46,2025-01-22,2123,N,VIIRS,h,2,328.43,172.12,D,0
34.53269,-118.55387,332.4,0.44,0.46,2025-01-22,2123,N,VIIRS,n,2,290.49,6.18,D,0
34.53222,-118.55885,347.83,0.44,0.46,2025-01-22,2123,N,VIIRS,n,2,290.75,20.82,D,0
34.53175,-118.56372,358.04,0.44,0.46,2025-01-22,2123,N,VIIRS,n,2,290.54,20.82,D,0
34.52952,-118.58704,367,0.44,0.46,2025-01-22,2123,N,VIIRS,l,2,327.68,131.28,D,0
34.53698,-118.55466,367,0.44,0.46,2025-01-22,2123,N,VIIRS,h,2,294.15,60.93,D,0
34.53605,-118.56434,367,0.44,0.46,2025-01-22,2123,N,VIIRS,h,2,340.81,188.05,D,0
34.53745,-118.54968,337.56,0.45,0.47,2025-01-22,2123,N,VIIRS,n,2,290.41,60.93,D,0
34.53473,-118.57815,341.98,0.44,0.46,2025-01-22,2123,N,VIIRS,n,2,303.54,80.21,D,0
34.5365,-118.55959,367,0.44,0.46,2025-01-22,2123,N,VIIRS,l,2,376.8,188.05,D,0
34.54035,-118.56489,367,0.44,0.46,2025-01-22,2123,N,VIIRS,h,2,339.69,188.05,D,0
34.53904,-118.57853,367,0.44,0.46,2025-01-22,2123,N,VIIRS,h,2,295.89,80.21,D,0
34.54175,-118.55032,345.54,0.45,0.47,2025-01-22,2123,N,VIIRS,n,2,291.13,60.93,D,0
34.53948,-118.57397,352.01,0.44,0.46,2025-01-22,2123,N,VIIRS,n,2,311.85,297.85,D,0
34.53765,-118.59299,346.02,0.44,0.46,2025-01-22,2123,N,VIIRS,n,2,287.61,50.88,D,0
34.53717,-118.59798,346.83,0.44,0.46,2025-01-22,2123,N,VIIRS,n,2,286.33,56.81,D,0
34.53669,-118.60297,344.44,0.44,0.46,2025-01-22,2123,N,VIIRS,n,2,293.38,56.81,D,0
34.53623,-118.60773,344.31,0.44,0.46,2025-01-22,2123,N,VIIRS,n,2,296.36,11.66,D,0
34.54128,-118.55527,367,0.44,0.46,2025-01-22,2123,N,VIIRS,l,2,338.94,60.93,D,0
34.5408,-118.56014,367,0.44,0.46,2025-01-22,2123,N,VIIRS,l,2,341.07,188.05,D,0
34.54378,-118.57452,367,0.44,0.46,2025-01-22,2123,N,VIIRS,h,2,302.17,20.14,D,0
34.54605,-118.55091,341.46,0.45,0.47,2025-01-22,2123,N,VIIRS,n,2,288.91,83.85,D,0
34.54512,-118.56062,352.15,0.44,0.46,2025-01-22,2123,N,VIIRS,n,2,315.38,58.92,D,0
34.54422,-118.56999,354.33,0.44,0.46,2025-01-22,2123,N,VIIRS,n,2,317.88,20.14,D,0
34.54096,-118.60368,347.62,0.44,0.46,2025-01-22,2123,N,VIIRS,n,2,299.26,7.32,D,0
34.54051,-118.60841,351.65,0.44,0.46,2025-01-22,2123,N,VIIRS,n,2,302.11,5.98,D,0
34.54006,-118.61308,334.53,0.44,0.46,2025-01-22,2123,N,VIIRS,n,2,293.36,5.98,D,0
34.54989,-118.55624,367,0.44,0.46,2025-01-22,2123,N,VIIRS,h,2,333.86,83.85,D,0
34.54897,-118.56584,367,0.44,0.46,2025-01-22,2123,N,VIIRS,h,2,305.97,58.92,D,0
34.54852,-118.57051,367,0.44,0.46,2025-01-22,2123,N,VIIRS,h,2,298.57,20.14,D,0
34.55036,-118.55139,349.24,0.45,0.47,2025-01-22,2123,N,VIIRS,n,2,291.91,83.85,D,0
34.54943,-118.56109,354.41,0.44,0.46,2025-01-22,2123,N,VIIRS,n,2,308.75,58.92,D,0
34.54808,-118.57507,349.66,0.44,0.46,2025-01-22,2123,N,VIIRS,n,2,293.03,20.14,D,0
34.54571,-118.59952,344.06,0.44,0.46,2025-01-22,2123,N,VIIRS,n,2,299.63,7.32,D,0
34.54524,-118.60439,351.25,0.44,0.46,2025-01-22,2123,N,VIIRS,n,2,302,7.32,D,0
34.54478,-118.60908,341.02,0.44,0.46,2025-01-22,2123,N,VIIRS,n,2,298.85,5.98,D,0
34.54433,-118.61375,342.66,0.44,0.46,2025-01-22,2123,N,VIIRS,n,2,297.69,5.98,D,0
34.55466,-118.55198,367,0.45,0.47,2025-01-22,2123,N,VIIRS,h,2,334.92,81.19,D,0
34.55373,-118.56161,367,0.44,0.46,2025-01-22,2123,N,VIIRS,h,2,300.46,8.52,D,0
34.55328,-118.56636,367,0.44,0.46,2025-01-22,2123,N,VIIRS,h,2,302.91,8.52,D,0
34.54998,-118.60032,367,0.44,0.46,2025-01-22,2123,N,VIIRS,h,2,307.11,6.87,D,0
34.54816,-118.61914,367,0.44,0.46,2025-01-22,2123,N,VIIRS,h,2,293,65.53,D,0
34.55512,-118.54725,344.48,0.45,0.47,2025-01-22,2123,N,VIIRS,n,2,293.56,77.13,D,0
34.55282,-118.57102,346.1,0.44,0.46,2025-01-22,2123,N,VIIRS,n,2,297.73,16.2,D,0
34.55046,-118.59541,346.24,0.44,0.46,2025-01-22,2123,N,VIIRS,n,2,298.37,11.18,D,0
34.54951,-118.60514,352.94,0.44,0.46,2025-01-22,2123,N,VIIRS,n,2,305.26,6.87,D,0
34.54906,-118.60982,347.41,0.44,0.46,2025-01-22,2123,N,VIIRS,n,2,302.67,15.38,D,0
34.54861,-118.61447,356.89,0.44,0.46,2025-01-22,2123,N,VIIRS,n,2,301.52,15.38,D,0
34.54768,-118.62405,349.54,0.44,0.46,2025-01-22,2123,N,VIIRS,n,2,305.81,65.53,D,0
34.55288,-118.61523,367,0.44,0.46,2025-01-22,2123,N,VIIRS,h,2,299.18,15.38,D,0
34.55891,-118.55314,348.09,0.45,0.47,2025-01-22,2123,N,VIIRS,n,2,317.78,81.19,D,0
34.55846,-118.55774,349.55,0.44,0.46,2025-01-22,2123,N,VIIRS,n,2,300.19,81.19,D,0
34.55802,-118.56235,344.65,0.44,0.46,2025-01-22,2123,N,VIIRS,n,2,301.09,8.52,D,0
34.55757,-118.56696,345.92,0.44,0.46,2025-01-22,2123,N,VIIRS,n,2,300.68,8.52,D,0
34.55471,-118.59633,351.09,0.44,0.46,2025-01-22,2123,N,VIIRS,n,2,305.29,11.18,D,0
34.55425,-118.60115,349.75,0.44,0.46,2025-01-22,2123,N,VIIRS,n,2,305.9,6.87,D,0
34.55379,-118.60588,341.19,0.44,0.46,2025-01-22,2123,N,VIIRS,n,2,301.49,6.87,D,0
34.55333,-118.6106,354.77,0.44,0.46,2025-01-22,2123,N,VIIRS,n,2,301.8,15.38,D,0
34.55243,-118.61986,353.8,0.44,0.46,2025-01-22,2123,N,VIIRS,n,2,319.44,65.53,D,0
34.55937,-118.54845,367,0.45,0.47,2025-01-22,2123,N,VIIRS,l,2,333.54,77.13,D,0
34.55716,-118.61587,367,0.44,0.46,2025-01-22,2123,N,VIIRS,h,2,301.89,50.42,D,0
34.56361,-118.54955,350.11,0.45,0.47,2025-01-22,2123,N,VIIRS,n,2,296.32,22.36,D,0
34.56317,-118.55413,349.16,0.45,0.47,2025-01-22,2123,N,VIIRS,n,2,301.43,8.51,D,0
34.56274,-118.55857,342.69,0.44,0.46,2025-01-22,2123,N,VIIRS,n,2,298.78,8.51,D,0
34.56231,-118.56306,342.97,0.44,0.46,2025-01-22,2123,N,VIIRS,n,2,296.56,9.28,D,0
34.56042,-118.58244,349.33,0.44,0.46,2025-01-22,2123,N,VIIRS,n,2,305.48,11.37,D,0
34.55993,-118.58753,346.07,0.44,0.46,2025-01-22,2123,N,VIIRS,n,2,301.89,11.37,D,0
34.55896,-118.59741,349.54,0.44,0.46,2025-01-22,2123,N,VIIRS,n,2,306.38,9.78,D,0
34.55806,-118.60662,349.25,0.44,0.46,2025-01-22,2123,N,VIIRS,n,2,299.16,20.06,D,0
34.55761,-118.61122,354.63,0.44,0.46,2025-01-22,2123,N,VIIRS,n,2,301.38,50.42,D,0
34.55671,-118.62051,344.31,0.44,0.46,2025-01-22,2123,N,VIIRS,n,2,306.7,32.91,D,0
34.5632,-118.59845,367,0.44,0.46,2025-01-22,2123,N,VIIRS,h,2,302.67,9.78,D,0
34.56277,-118.60287,367,0.44,0.46,2025-01-22,2123,N,VIIRS,h,2,301.4,20.06,D,0
34.56234,-118.60733,367,0.44,0.46,2025-01-22,2123,N,VIIRS,h,2,310.51,20.06,D,0
34.5619,-118.61182,367,0.44,0.46,2025-01-22,2123,N,VIIRS,h,2,314.11,50.42,D,0
34.5679,-118.55029,356.5,0.45,0.47,2025-01-22,2123,N,VIIRS,n,2,313.88,22.36,D,0
34.56748,-118.55464,343.44,0.45,0.47,2025-01-22,2123,N,VIIRS,n,2,301.71,8.51,D,0
34.56661,-118.56359,350.41,0.44,0.46,2025-01-22,2123,N,VIIRS,n,2,301.32,9.28,D,0
34.56514,-118.5787,349.03,0.44,0.46,2025-01-22,2123,N,VIIRS,n,2,306.73,20,D,0
34.56365,-118.59384,348.48,0.44,0.46,2025-01-22,2123,N,VIIRS,n,2,300.57,9.78,D,0
34.56098,-118.62119,331.27,0.44,0.46,2025-01-22,2123,N,VIIRS,n,2,288.51,32.91,D,0
34.57262,-118.54657,367,0.45,0.47,2025-01-22,2123,N,VIIRS,h,2,300.19,18.8,D,0
34.56834,-118.59039,367,0.44,0.46,2025-01-22,2123,N,VIIRS,h,2,303.92,16.63,D,0
34.56702,-118.60384,367,0.44,0.46,2025-01-22,2123,N,VIIRS,h,2,342.57,104.42,D,0
34.57222,-118.55079,349.85,0.45,0.47,2025-01-22,2123,N,VIIRS,n,2,303.97,18.8,D,0
34.57089,-118.56437,346.85,0.44,0.46,2025-01-22,2123,N,VIIRS,n,2,302.29,8.03,D,0
34.57033,-118.57004,345.91,0.44,0.46,2025-01-22,2123,N,VIIRS,n,2,304.33,8.03,D,0
34.56983,-118.57517,348.61,0.44,0.46,2025-01-22,2123,N,VIIRS,n,2,306.11,11.9,D,0
34.56933,-118.58027,357.14,0.44,0.46,2025-01-22,2123,N,VIIRS,n,2,307.96,11.9,D,0
34.56881,-118.58551,349.44,0.44,0.46,2025-01-22,2123,N,VIIRS,n,2,304.51,16.63,D,0
34.56659,-118.60828,353.54,0.44,0.46,2025-01-22,2123,N,VIIRS,n,2,323.21,104.42,D,0
34.56615,-118.61276,349.25,0.44,0.46,2025-01-22,2123,N,VIIRS,n,2,312.34,49.65,D,0
34.5657,-118.61736,336.72,0.44,0.46,2025-01-22,2123,N,VIIRS,n,2,295.43,49.65,D,0
34.56788,-118.59508,351.27,0.44,0.46,2025-01-22,2123,N,VIIRS,l,2,336.44,175.15,D,0
34.56745,-118.59947,367,0.44,0.46,2025-01-22,2123,N,VIIRS,l,2,378.47,175.15,D,0
34.57401,-118.57684,367,0.44,0.46,2025-01-22,2123,N,VIIRS,h,2,314.68,11.9,D,0
34.57351,-118.58195,367,0.44,0.46,2025-01-22,2123,N,VIIRS,h,2,318.17,11.9,D,0
34.57302,-118.58696,367,0.44,0.46,2025-01-22,2123,N,VIIRS,h,2,305.11,16.63,D,0
34.57212,-118.59608,367,0.44,0.46,2025-01-22,2123,N,VIIRS,h,2,296.16,175.15,D,0
34.57738,-118.54251,340.33,0.45,0.47,2025-01-22,2123,N,VIIRS,n,2,294.55,23.83,D,0
34.57697,-118.54676,353.82,0.45,0.47,2025-01-22,2123,N,VIIRS,n,2,309.42,18.8,D,0
34.57656,-118.55095,343.86,0.45,0.47,2025-01-22,2123,N,VIIRS,n,2,306.69,18.8,D,0
34.57565,-118.56031,343.18,0.44,0.46,2025-01-22,2123,N,VIIRS,n,2,302.65,17.52,D,0
34.57511,-118.56577,356.21,0.44,0.46,2025-01-22,2123,N,VIIRS,n,2,308.29,8.03,D,0
34.57454,-118.57155,356.14,0.44,0.46,2025-01-22,2123,N,VIIRS,n,2,312.26,8.03,D,0
34.57256,-118.59161,344.45,0.44,0.46,2025-01-22,2123,N,VIIRS,n,2,296.94,16.63,D,0
34.5717,-118.60043,350.66,0.44,0.46,2025-01-22,2123,N,VIIRS,n,2,298.57,175.15,D,0
34.57083,-118.60931,335.12,0.44,0.46,2025-01-22,2123,N,VIIRS,n,2,293.93,104.42,D,0
34.57819,-118.57856,367,0.44,0.46,2025-01-22,2123,N,VIIRS,h,2,306.06,14.86,D,0
34.57771,-118.58349,367,0.44,0.46,2025-01-22,2123,N,VIIRS,h,2,298.79,14.86,D,0
34.58043,-118.55601,342.2,0.45,0.47,2025-01-22,2123,N,VIIRS,n,2,295.3,10.35,D,0
34.5799,-118.56133,346.94,0.44,0.46,2025-01-22,2123,N,VIIRS,n,2,295.34,10.35,D,0
34.57932,-118.56717,345.19,0.44,0.46,2025-01-22,2123,N,VIIRS,n,2,294.61,14.33,D,0
34.57874,-118.57308,355.64,0.44,0.46,2025-01-22,2123,N,VIIRS,n,2,302.11,14.33,D,0
34.57437,-118.54915,367,0.45,0.47,2025-01-22,2123,N,VIIRS,h,2,307.29,22.93,D,0
34.57116,-118.58424,367,0.44,0.46,2025-01-22,2123,N,VIIRS,h,2,312.55,19.65,D,0
34.57028,-118.59382,367,0.44,0.46,2025-01-22,2123,N,VIIRS,h,2,305.42,193.09,D,0
34.56987,-118.5983,367,0.44,0.46,2025-01-22,2123,N,VIIRS,h,2,352.48,193.09,D,0
34.57476,-118.54488,351.08,0.45,0.47,2025-01-22,2123,N,VIIRS,n,2,309.32,22.93,D,0
34.57398,-118.55338,338.8,0.45,0.47,2025-01-22,2123,N,VIIRS,n,2,300.6,7.1,D,0
34.57357,-118.55788,330.06,0.45,0.47,2025-01-22,2123,N,VIIRS,n,2,297.43,7.1,D,0
34.57312,-118.56275,345.42,0.45,0.47,2025-01-22,2123,N,VIIRS,n,2,303.28,10.39,D,0
34.57261,-118.56844,346.92,0.44,0.46,2025-01-22,2123,N,VIIRS,n,2,305.37,10.39,D,0
34.57211,-118.5739,354.55,0.44,0.46,2025-01-22,2123,N,VIIRS,n,2,308.88,21.51,D,0
34.57163,-118.57906,355.06,0.44,0.46,2025-01-22,2123,N,VIIRS,n,2,310.51,21.51,D,0
34.57071,-118.58921,354.32,0.44,0.46,2025-01-22,2123,N,VIIRS,n,2,305.47,19.65,D,0
34.56906,-118.60707,355.77,0.44,0.46,2025-01-22,2123,N,VIIRS,n,2,309.51,249.62,D,0
34.56864,-118.61158,355.49,0.44,0.46,2025-01-22,2123,N,VIIRS,n,2,296.8,15.55,D,0
34.56947,-118.60263,367,0.44,0.46,2025-01-22,2123,N,VIIRS,l,2,365.63,249.62,D,0
34.57786,-118.55862,367,0.45,0.47,2025-01-22,2123,N,VIIRS,h,2,304.03,7.1,D,0
34.57681,-118.57005,367,0.44,0.46,2025-01-22,2123,N,VIIRS,h,2,306.23,10.39,D,0
34.57583,-118.58079,367,0.44,0.46,2025-01-22,2123,N,VIIRS,h,2,320.96,21.51,D,0
34.57909,-118.54523,330.3,0.45,0.47,2025-01-22,2123,N,VIIRS,n,2,288.94,22.93,D,0
34.57871,-118.54938,352.21,0.45,0.47,2025-01-22,2123,N,VIIRS,n,2,299.38,22.93,D,0
34.57831,-118.5537,330.21,0.45,0.47,2025-01-22,2123,N,VIIRS,n,2,296.21,7.1,D,0
34.57735,-118.56413,355,0.45,0.47,2025-01-22,2123,N,VIIRS,n,2,307.11,10.39,D,0
34.57631,-118.57558,354.65,0.44,0.46,2025-01-22,2123,N,VIIRS,n,2,319.31,21.51,D,0
34.57538,-118.5857,353.87,0.44,0.46,2025-01-22,2123,N,VIIRS,n,2,303.32,19.65,D,0
34.58053,-118.57706,336.33,0.44,0.46,2025-01-22,2123,N,VIIRS,n,2,288.06,5.42,D,0
36.13805,-121.11143,331.82,0.52,0.41,2025-01-22,2123,N,VIIRS,n,2,297.98,1.81,D,0
37.12979,-119.27363,345.51,0.44,0.46,2025-01-22,2124,N,VIIRS,n,2,289.83,5.83,D,0
37.13275,-120.25246,329.47,0.39,0.44,2025-01-22,2124,N,VIIRS,n,2,289.77,0.96,D,0
37.02581,-120.19576,297.98,0.4,0.37,2025-01-23,0944,N,VIIRS,n,2,274.94,0.7,N,0
36.71269,-121.76999,296.91,0.44,0.39,2025-01-23,0944,N,VIIRS,n,2,277.14,0.5,N,0
34.62118,-117.10255,295.76,0.4,0.37,2025-01-23,0945,N,VIIRS,n,2,275.91,0.85,N,2
34.62044,-117.09825,295.09,0.4,0.37,2025-01-23,0945,N,VIIRS,n,2,276.34,0.76,N,2
34.60868,-117.33488,310.68,0.4,0.37,2025-01-23,0945,N,VIIRS,n,2,274.56,0.83,N,2
34.35266,-116.85233,296.15,0.41,0.37,2025-01-23,0945,N,VIIRS,n,2,274.17,0.67,N,2
34.53604,-118.59626,302.38,0.38,0.36,2025-01-23,0945,N,VIIRS,n,2,279.37,0.91,N,0
34.49185,-118.59795,296,0.38,0.36,2025-01-23,0945,N,VIIRS,n,2,277.59,0.46,N,0
34.4813,-118.59612,300.44,0.38,0.36,2025-01-23,0945,N,VIIRS,n,2,281.84,0.77,N,0
34.43169,-118.64568,312.34,0.38,0.36,2025-01-23,0945,N,VIIRS,n,2,282.73,0.82,N,2
34.33641,-118.5214,300.99,0.39,0.36,2025-01-23,0945,N,VIIRS,n,2,282.92,0.58,N,2
34.33573,-118.51723,297.5,0.39,0.36,2025-01-23,0945,N,VIIRS,n,2,283.2,0.52,N,2
34.14352,-117.42924,301.65,0.4,0.37,2025-01-23,0945,N,VIIRS,n,2,284.64,0.49,N,2
34.32118,-118.51199,295.48,0.39,0.36,2025-01-23,0945,N,VIIRS,n,2,282.61,0.22,N,2
34.31865,-118.51083,298.65,0.39,0.36,2025-01-23,0945,N,VIIRS,n,2,283.38,0.5,N,2
34.24286,-118.38155,301.82,0.39,0.36,2025-01-23,0945,N,VIIRS,n,2,279.06,0.61,N,2
34.2934,-118.80107,298.87,0.38,0.36,2025-01-23,0945,N,VIIRS,n,2,281.53,0.16,N,2
34.07845,-117.501,297.33,0.4,0.37,2025-01-23,0945,N,VIIRS,n,2,286.34,0.62,N,2
34.2901,-118.80181,301.7,0.38,0.36,2025-01-23,0945,N,VIIRS,n,2,284.31,0.54,N,2
34.1545,-118.19289,316.91,0.39,0.36,2025-01-23,0945,N,VIIRS,n,2,280.3,0.82,N,2
33.95624,-117.12115,296.48,0.41,0.37,2025-01-23,0945,N,VIIRS,n,2,280.65,0.43,N,0
34.04118,-117.82228,296.43,0.39,0.36,2025-01-23,0945,N,VIIRS,n,2,279.54,0.65,N,2
34.03643,-118.1033,295.75,0.39,0.36,2025-01-23,0945,N,VIIRS,n,2,279.45,0.45,N,2
34.03512,-118.10612,300.52,0.39,0.36,2025-01-23,0945,N,VIIRS,n,2,280.65,0.73,N,2
33.93174,-117.8381,298.74,0.39,0.36,2025-01-23,0945,N,VIIRS,n,2,286.84,0.42,N,0
33.79586,-117.47581,305.53,0.4,0.37,2025-01-23,0945,N,VIIRS,n,2,278.73,1.06,N,2
33.7925,-117.47659,296.87,0.4,0.37,2025-01-23,0945,N,VIIRS,n,2,277.59,0.71,N,2
33.91432,-118.41056,297.94,0.39,0.36,2025-01-23,0945,N,VIIRS,n,2,287.41,1.35,N,0
33.90635,-118.4038,300.69,0.39,0.36,2025-01-23,0945,N,VIIRS,n,2,286.28,0.86,N,2
33.85488,-118.33276,300.69,0.39,0.36,2025-01-23,0945,N,VIIRS,n,2,287.62,0.99,N,2
33.85157,-118.33355,301.18,0.39,0.36,2025-01-23,0945,N,VIIRS,n,2,283.24,0.99,N,2
33.81527,-118.2382,296.38,0.39,0.36,2025-01-23,0945,N,VIIRS,n,2,285.19,0.9,N,2
33.71679,-117.7112,307.21,0.4,0.37,2025-01-23,0945,N,VIIRS,n,2,285.85,1.01,N,2
33.61265,-117.82277,315.11,0.39,0.37,2025-01-23,0945,N,VIIRS,n,2,283.45,1.05,N,2
33.49312,-117.61562,305.9,0.4,0.37,2025-01-23,0945,N,VIIRS,n,2,281.56,0.61,N,2
32.85637,-117.02676,300.31,0.42,0.37,2025-01-23,0945,N,VIIRS,n,2,275.22,0.96,N,2
32.50457,-116.60234,323.81,0.43,0.38,2025-01-23,0945,N,VIIRS,n,2,283.8,6.14,N,0
32.50375,-116.59783,328.7,0.43,0.38,2025-01-23,0945,N,VIIRS,n,2,286.48,6.14,N,0
32.50293,-116.59331,310.31,0.43,0.38,2025-01-23,0945,N,VIIRS,n,2,284.68,1.57,N,0
32.50194,-116.60779,329.39,0.43,0.38,2025-01-23,0945,N,VIIRS,n,2,286.04,5.59,N,0
32.50112,-116.60331,350.27,0.43,0.38,2025-01-23,0945,N,VIIRS,n,2,290.64,6.14,N,0
32.5003,-116.5988,348.15,0.43,0.38,2025-01-23,0945,N,VIIRS,n,2,297.79,6.14,N,0
32.49947,-116.59425,311.48,0.43,0.38,2025-01-23,0945,N,VIIRS,n,2,284.83,1.57,N,0
32.49849,-116.60875,344.48,0.43,0.38,2025-01-23,0945,N,VIIRS,n,2,286.23,3.35,N,0
32.49767,-116.60429,313,0.43,0.38,2025-01-23,0945,N,VIIRS,n,2,284.64,1.27,N,0
32.49685,-116.59977,300.56,0.43,0.38,2025-01-23,0945,N,VIIRS,n,2,283.38,1.27,N,0
32.49503,-116.6097,312.09,0.43,0.38,2025-01-23,0945,N,VIIRS,n,2,284.62,3.35,N,0
32.49422,-116.60529,300.42,0.43,0.38,2025-01-23,0945,N,VIIRS,n,2,283.2,1.27,N,0
32.49158,-116.61071,305.24,0.43,0.38,2025-01-23,0945,N,VIIRS,n,2,286.92,0.99,N,0
32.48979,-116.62073,333.64,0.43,0.38,2025-01-23,0945,N,VIIRS,n,2,288.09,3.27,N,0
32.53682,-116.87985,304.17,0.42,0.38,2025-01-23,0945,N,VIIRS,n,2,276.95,0.61,N,0
32.48896,-116.61619,308.82,0.43,0.38,2025-01-23,0945,N,VIIRS,n,2,285.68,0.99,N,0
32.48814,-116.61169,295.37,0.43,0.38,2025-01-23,0945,N,VIIRS,n,2,283.51,0.99,N,0
32.48877,-116.63499,340.06,0.43,0.38,2025-01-23,0945,N,VIIRS,n,2,285.41,14.83,N,0
32.48797,-116.6306,351.92,0.43,0.38,2025-01-23,0945,N,VIIRS,n,2,292.57,14.83,N,0
32.48715,-116.62612,327.01,0.43,0.38,2025-01-23,0945,N,VIIRS,n,2,285.56,2.02,N,0
32.48632,-116.6216,315.48,0.43,0.38,2025-01-23,0945,N,VIIRS,n,2,284.66,2.02,N,0
32.48688,-116.64454,322.68,0.43,0.38,2025-01-23,0945,N,VIIRS,n,2,283.94,3.9,N,0
32.48608,-116.64012,335.04,0.43,0.38,2025-01-23,0945,N,VIIRS,n,2,285.08,3.9,N,0
32.48528,-116.63571,367,0.43,0.38,2025-01-23,0945,N,VIIRS,h,2,297.1,14.83,N,0
32.48447,-116.6313,341.62,0.43,0.38,2025-01-23,0945,N,VIIRS,n,2,292.39,14.83,N,0
32.48365,-116.62685,312.56,0.43,0.38,2025-01-23,0945,N,VIIRS,n,2,284.83,2.02,N,0
32.48421,-116.64974,333.73,0.43,0.38,2025-01-23,0945,N,VIIRS,n,2,287.09,6.39,N,0
32.4834,-116.64533,338.87,0.43,0.38,2025-01-23,0945,N,VIIRS,n,2,286.22,2.09,N,0
32.48259,-116.64086,299.81,0.43,0.38,2025-01-23,0945,N,VIIRS,n,2,283.89,2.09,N,0
32.48177,-116.6364,296.88,0.43,0.38,2025-01-23,0945,N,VIIRS,n,2,283.73,0.65,N,0
32.48096,-116.63197,297.03,0.43,0.38,2025-01-23,0945,N,VIIRS,n,2,283.68,0.65,N,0
32.47687,-116.60962,295.31,0.43,0.38,2025-01-23,0945,N,VIIRS,n,2,280.97,0.63,N,0
32.47606,-116.60518,299.71,0.43,0.38,2025-01-23,0945,N,VIIRS,n,2,281.67,0.63,N,0
32.48233,-116.65935,346.35,0.43,0.38,2025-01-23,0945,N,VIIRS,n,2,288.69,7.06,N,0
32.48153,-116.65495,351.47,0.43,0.38,2025-01-23,0945,N,VIIRS,n,2,292.82,6.39,N,0
32.48072,-116.65054,336.46,0.43,0.38,2025-01-23,0945,N,VIIRS,n,2,287.79,6.39,N,0
32.47992,-116.64612,313.52,0.43,0.38,2025-01-23,0945,N,VIIRS,n,2,284.5,2.09,N,0
32.47828,-116.63716,303.52,0.43,0.38,2025-01-23,0945,N,VIIRS,n,2,284.26,0.65,N,0
32.47748,-116.63276,307.02,0.43,0.38,2025-01-23,0945,N,VIIRS,n,2,285.58,0.65,N,0
32.47668,-116.6284,302.6,0.43,0.38,2025-01-23,0945,N,VIIRS,n,2,283.51,0.76,N,0
32.47587,-116.62401,296.94,0.43,0.38,2025-01-23,0945,N,VIIRS,n,2,282.08,0.76,N,0
32.47505,-116.6195,301.91,0.43,0.38,2025-01-23,0945,N,VIIRS,n,2,282.42,0.83,N,0
32.4742,-116.61488,303.12,0.43,0.38,2025-01-23,0945,N,VIIRS,n,2,283.76,0.83,N,0
32.47337,-116.61036,305,0.43,0.38,2025-01-23,0945,N,VIIRS,n,2,283.12,0.63,N,0
32.47257,-116.60597,305.56,0.43,0.38,2025-01-23,0945,N,VIIRS,n,2,282.13,0.63,N,0
32.47967,-116.66459,322.11,0.43,0.38,2025-01-23,0945,N,VIIRS,n,2,285.88,19.31,N,0
32.47887,-116.6602,348.36,0.43,0.38,2025-01-23,0945,N,VIIRS,n,2,308.18,19.31,N,0
32.47807,-116.65581,342.34,0.43,0.38,2025-01-23,0945,N,VIIRS,n,2,290.72,3.48,N,0
32.47646,-116.64701,336.56,0.43,0.38,2025-01-23,0945,N,VIIRS,n,2,286.19,15.79,N,0
32.47564,-116.64254,327.26,0.43,0.38,2025-01-23,0945,N,VIIRS,n,2,288.21,15.79,N,0
32.47482,-116.63806,332.39,0.43,0.38,2025-01-23,0945,N,VIIRS,n,2,292.8,17.16,N,0
32.47402,-116.63369,351.68,0.43,0.38,2025-01-23,0945,N,VIIRS,n,2,304.11,17.16,N,0
32.47071,-116.61566,324.1,0.43,0.38,2025-01-23,0945,N,VIIRS,n,2,285.89,2.47,N,0
32.46987,-116.61108,321.46,0.43,0.38,2025-01-23,0945,N,VIIRS,n,2,283.88,1.58,N,0
32.47726,-116.65141,309.65,0.43,0.38,2025-01-23,0945,N,VIIRS,n,2,285.11,3.48,N,0
32.47323,-116.62935,318.56,0.43,0.38,2025-01-23,0945,N,VIIRS,n,2,285.04,4.56,N,0
32.47241,-116.62491,319.29,0.43,0.38,2025-01-23,0945,N,VIIRS,n,2,285.01,4.56,N,0
32.47158,-116.62035,314.22,0.43,0.38,2025-01-23,0945,N,VIIRS,n,2,284.52,2.47,N,0
32.47541,-116.66112,338.48,0.43,0.38,2025-01-23,0945,N,VIIRS,n,2,286.07,19.31,N,0
32.473,-116.64791,349.18,0.43,0.38,2025-01-23,0945,N,VIIRS,n,2,315.18,15.79,N,0
32.47218,-116.64346,367,0.43,0.38,2025-01-23,0945,N,VIIRS,h,2,304.41,15.79,N,0
32.47137,-116.63901,356.33,0.43,0.38,2025-01-23,0945,N,VIIRS,n,2,302.53,17.16,N,0
32.47057,-116.63462,367,0.43,0.38,2025-01-23,0945,N,VIIRS,h,2,290.3,17.16,N,0
32.46978,-116.6303,353.96,0.43,0.38,2025-01-23,0945,N,VIIRS,n,2,289.61,4.56,N,0
32.46896,-116.62582,343.97,0.43,0.38,2025-01-23,0945,N,VIIRS,n,2,289.65,4.56,N,0
32.46811,-116.62122,327.26,0.43,0.38,2025-01-23,0945,N,VIIRS,n,2,286.89,2.47,N,0
32.46724,-116.61651,333.87,0.43,0.38,2025-01-23,0945,N,VIIRS,n,2,287.26,2.47,N,0
32.47461,-116.65674,305.72,0.43,0.38,2025-01-23,0945,N,VIIRS,n,2,284.88,3.48,N,0
32.47381,-116.65235,316.56,0.43,0.38,2025-01-23,0945,N,VIIRS,n,2,285.11,3.48,N,0
32.46638,-116.61183,305.95,0.43,0.38,2025-01-23,0945,N,VIIRS,n,2,282.88,1.58,N,0
32.47899,-116.66228,340.69,0.43,0.38,2025-01-23,0945,N,VIIRS,n,2,301.49,16,N,0
32.4782,-116.65787,353.78,0.43,0.38,2025-01-23,0945,N,VIIRS,n,2,296.2,16,N,0
32.47582,-116.64465,337.26,0.43,0.38,2025-01-23,0945,N,VIIRS,n,2,286.99,13.31,N,0
32.47501,-116.64017,338.36,0.43,0.38,2025-01-23,0945,N,VIIRS,n,2,293.58,13.31,N,0
32.47422,-116.63574,343.52,0.43,0.38,2025-01-23,0945,N,VIIRS,n,2,302.15,18.27,N,0
32.47344,-116.63138,320.75,0.43,0.38,2025-01-23,0945,N,VIIRS,n,2,292.05,18.27,N,0
32.47264,-116.627,325.91,0.43,0.38,2025-01-23,0945,N,VIIRS,n,2,285.84,3.91,N,0
32.47017,-116.61317,331.67,0.43,0.38,2025-01-23,0945,N,VIIRS,n,2,285.7,2.73,N,0
32.47741,-116.65348,314.59,0.43,0.38,2025-01-23,0945,N,VIIRS,n,2,286.24,12.42,N,0
32.47662,-116.64909,318.1,0.43,0.38,2025-01-23,0945,N,VIIRS,n,2,285.18,12.42,N,0
32.47184,-116.62247,318.47,0.43,0.38,2025-01-23,0945,N,VIIRS,n,2,285,3.91,N,0
32.471,-116.61783,317.44,0.43,0.38,2025-01-23,0945,N,VIIRS,n,2,285.44,2.73,N,0
32.47316,-116.65002,347.53,0.43,0.38,2025-01-23,0945,N,VIIRS,n,2,298.94,12.42,N,0
32.47237,-116.64558,346.34,0.43,0.38,2025-01-23,0945,N,VIIRS,n,2,312.83,13.31,N,0
32.47156,-116.64109,367,0.43,0.38,2025-01-23,0945,N,VIIRS,h,2,305.21,13.31,N,0
32.47076,-116.63664,355.56,0.43,0.38,2025-01-23,0945,N,VIIRS,n,2,295.41,18.27,N,0
32.46999,-116.63235,367,0.43,0.38,2025-01-23,0945,N,VIIRS,h,2,292.78,18.27,N,0
32.46919,-116.62794,344.84,0.43,0.38,2025-01-23,0945,N,VIIRS,n,2,288.14,3.91,N,0
32.46837,-116.62336,341.13,0.43,0.38,2025-01-23,0945,N,VIIRS,n,2,289.33,3.91,N,0
32.46669,-116.61395,331.23,0.43,0.38,2025-01-23,0945,N,VIIRS,n,2,286.01,2.73,N,0
32.47553,-116.66319,309.91,0.43,0.38,2025-01-23,0945,N,VIIRS,n,2,285.3,16,N,0
32.47474,-116.65881,305.72,0.43,0.38,2025-01-23,0945,N,VIIRS,n,2,284.14,16,N,0
32.46754,-116.61869,319.94,0.43,0.38,2025-01-23,0945,N,VIIRS,n,2,285.8,2.73,N,0
32.4705,-116.65536,329.57,0.43,0.38,2025-01-23,0945,N,VIIRS,n,2,287.98,8.77,N,0
32.4697,-116.65094,339.08,0.43,0.38,2025-01-23,0945,N,VIIRS,n,2,289.8,8.77,N,0
32.46891,-116.64651,350.42,0.43,0.38,2025-01-23,0945,N,VIIRS,n,2,292.91,190.59,N,0
32.46811,-116.64209,341.68,0.43,0.38,2025-01-23,0945,N,VIIRS,n,2,336.16,190.59,N,0
32.46732,-116.63768,342.33,0.43,0.38,2025-01-23,0945,N,VIIRS,n,2,305.46,31.69,N,0
32.46653,-116.63331,354.91,0.43,0.38,2025-01-23,0945,N,VIIRS,n,2,296.06,31.69,N,0
32.46574,-116.6289,335.1,0.43,0.38,2025-01-23,0945,N,VIIRS,n,2,287.92,4.78,N,0
32.46491,-116.62428,341.18,0.43,0.38,2025-01-23,0945,N,VIIRS,n,2,289.19,4.78,N,0
32.46407,-116.61958,339.04,0.43,0.38,2025-01-23,0945,N,VIIRS,n,2,288.87,10.29,N,0
32.46321,-116.61478,346.59,0.43,0.38,2025-01-23,0945,N,VIIRS,n,2,290.46,10.29,N,0
32.46238,-116.61018,328.18,0.43,0.38,2025-01-23,0945,N,VIIRS,n,2,287.42,14.93,N,0
32.46703,-116.65617,353.89,0.43,0.38,2025-01-23,0945,N,VIIRS,n,2,297.52,8.77,N,0
32.46624,-116.6518,320.33,0.43,0.38,2025-01-23,0945,N,VIIRS,n,2,286.45,8.77,N,0
32.46546,-116.64748,340.37,0.43,0.38,2025-01-23,0945,N,VIIRS,n,2,307.94,190.59,N,0
32.46387,-116.63869,342.13,0.43,0.38,2025-01-23,0945,N,VIIRS,n,2,308.84,31.69,N,0
32.46308,-116.63428,354.54,0.43,0.38,2025-01-23,0945,N,VIIRS,n,2,291.58,31.69,N,0
32.46228,-116.62985,344.67,0.43,0.38,2025-01-23,0945,N,VIIRS,n,2,289.25,4.78,N,0
32.46144,-116.62515,340.76,0.43,0.38,2025-01-23,0945,N,VIIRS,n,2,288.73,4.78,N,0
32.46058,-116.62038,346.34,0.43,0.38,2025-01-23,0945,N,VIIRS,n,2,288.99,10.29,N,0
32.45973,-116.6156,367,0.43,0.38,2025-01-23,0945,N,VIIRS,h,2,293.51,10.29,N,0
32.45889,-116.61092,337.86,0.43,0.38,2025-01-23,0945,N,VIIRS,n,2,296.25,14.93,N,0
32.4612,-116.64399,352.07,0.43,0.38,2025-01-23,0945,N,VIIRS,n,2,293.46,13.37,N,0
32.46041,-116.63956,342.53,0.43,0.38,2025-01-23,0945,N,VIIRS,n,2,289.77,16.74,N,0
32.4596,-116.63512,354.69,0.43,0.38,2025-01-23,0945,N,VIIRS,n,2,292.14,16.74,N,0
32.45879,-116.63059,347.37,0.43,0.38,2025-01-23,0945,N,VIIRS,n,2,290.57,7.81,N,0
32.45795,-116.62589,339.97,0.43,0.38,2025-01-23,0945,N,VIIRS,n,2,289.31,7.81,N,0
32.4571,-116.62114,348.58,0.43,0.38,2025-01-23,0945,N,VIIRS,n,2,291.75,6.52,N,0
32.45624,-116.61638,341.23,0.43,0.38,2025-01-23,0945,N,VIIRS,n,2,286.52,6.52,N,0
32.4554,-116.61169,330.43,0.43,0.38,2025-01-23,0945,N,VIIRS,n,2,285.37,3.97,N,0
32.46355,-116.65697,313.63,0.43,0.38,2025-01-23,0945,N,VIIRS,n,2,285.15,2.5,N,0
32.46199,-116.64833,316.55,0.43,0.38,2025-01-23,0945,N,VIIRS,n,2,287.43,13.37,N,0
32.45849,-116.64903,333.15,0.43,0.38,2025-01-23,0945,N,VIIRS,n,2,287.74,13.37,N,0
32.4577,-116.64468,325.86,0.43,0.38,2025-01-23,0945,N,VIIRS,n,2,287.03,13.37,N,0
32.45692,-116.64031,334.28,0.43,0.38,2025-01-23,0945,N,VIIRS,n,2,287.22,16.74,N,0
32.45612,-116.63589,347.4,0.43,0.38,2025-01-23,0945,N,VIIRS,n,2,307.21,16.74,N,0
32.4553,-116.63131,367,0.43,0.38,2025-01-23,0945,N,VIIRS,h,2,295.05,7.81,N,0
32.45446,-116.62663,352.34,0.43,0.38,2025-01-23,0945,N,VIIRS,n,2,291.28,7.81,N,0
32.4536,-116.62187,334.72,0.43,0.38,2025-01-23,0945,N,VIIRS,n,2,286.23,6.52,N,0
32.45264,-116.63667,367,0.43,0.38,2025-01-23,0945,N,VIIRS,h,2,293.19,22.5,N,0
32.45181,-116.63208,353.63,0.43,0.38,2025-01-23,0945,N,VIIRS,n,2,294.51,20.2,N,0
32.45097,-116.62742,329.65,0.43,0.38,2025-01-23,0945,N,VIIRS,n,2,287.45,20.2,N,0
32.45343,-116.64105,297.05,0.43,0.38,2025-01-23,0945,N,VIIRS,n,2,285.37,22.5,N,0
32.44916,-116.63746,344.51,0.43,0.38,2025-01-23,0945,N,VIIRS,n,2,317.2,22.5,N,0
32.44833,-116.63287,348.74,0.43,0.38,2025-01-23,0945,N,VIIRS,n,2,312.28,20.2,N,0
32.44749,-116.6282,346.81,0.43,0.38,2025-01-23,0945,N,VIIRS,n,2,295.61,20.2,N,0
32.44994,-116.64183,314.3,0.43,0.38,2025-01-23,0945,N,VIIRS,n,2,285.33,22.5,N,0
32.44646,-116.64261,333.29,0.43,0.38,2025-01-23,0945,N,VIIRS,n,2,288.21,170.66,N,0
32.44485,-116.63366,367,0.43,0.38,2025-01-23,0945,N,VIIRS,h,2,323.41,30.22,N,0
32.444,-116.62897,330.54,0.43,0.38,2025-01-23,0945,N,VIIRS,n,2,285.43,30.22,N,0
32.44298,-116.6434,334.45,0.43,0.38,2025-01-23,0945,N,VIIRS,n,2,290.54,170.66,N,0
32.44219,-116.63905,367,0.43,0.38,2025-01-23,0945,N,VIIRS,h,2,364.33,170.66,N,0
32.44137,-116.6345,341.28,0.43,0.38,2025-01-23,0945,N,VIIRS,n,2,300.12,30.22,N,0
32.44052,-116.62977,295.35,0.43,0.38,2025-01-23,0945,N,VIIRS,n,2,284.67,30.22,N,0
32.43871,-116.63984,328.99,0.43,0.38,2025-01-23,0945,N,VIIRS,n,2,306.44,44.11,N,0
32.4395,-116.64418,309.52,0.43,0.38,2025-01-23,0945,N,VIIRS,n,2,288.13,44.11,N,0
32.43789,-116.63531,319.79,0.43,0.38,2025-01-23,0945,N,VIIRS,n,2,287.92,10.04,N,0
32.47732,-117.05531,313.32,0.42,0.38,2025-01-23,0945,N,VIIRS,n,2,286.81,1.21,N,0
32.47222,-117.10682,326.88,0.42,0.38,2025-01-23,0945,N,VIIRS,n,2,284.21,2.69,N,0
32.37391,-117.06875,302.94,0.42,0.38,2025-01-23,0945,N,VIIRS,n,2,278.13,0.44,N,2
32.45241,-116.5945,346.13,0.46,0.39,2025-01-23,2103,N,VIIRS,n,2,297.61,5.16,D,0
32.4048,-116.97459,344,0.45,0.39,2025-01-23,2103,N,VIIRS,n,2,300.64,6.07,D,0
32.46674,-116.59795,331.83,0.46,0.39,2025-01-23,2103,N,VIIRS,n,2,299.66,4.58,D,0
32.46618,-116.60246,338.08,0.46,0.39,2025-01-23,2103,N,VIIRS,n,2,305.13,7.44,D,0
32.47033,-116.59875,367,0.46,0.39,2025-01-23,2103,N,VIIRS,h,2,312.21,10.62,D,0
32.47092,-116.59398,333.7,0.46,0.39,2025-01-23,2103,N,VIIRS,n,2,295.46,10.62,D,0
32.47453,-116.5946,330.11,0.46,0.39,2025-01-23,2103,N,VIIRS,n,2,292.4,10.62,D,0
32.47395,-116.59932,331.39,0.46,0.39,2025-01-23,2103,N,VIIRS,n,2,291.76,10.62,D,0
32.49324,-116.62208,354.45,0.46,0.39,2025-01-23,2103,N,VIIRS,n,2,302.75,10.97,D,0
32.4926,-116.62714,357.2,0.46,0.39,2025-01-23,2103,N,VIIRS,n,2,304.86,13.86,D,0
32.4938,-116.62022,345.89,0.46,0.39,2025-01-23,2103,N,VIIRS,n,2,299.94,5.98,D,0
32.49319,-116.62531,355.9,0.46,0.39,2025-01-23,2103,N,VIIRS,n,2,304.22,8.01,D,0
32.49259,-116.63022,333.62,0.46,0.39,2025-01-23,2103,N,VIIRS,n,2,298.39,8.01,D,0
32.4962,-116.63084,330.3,0.46,0.39,2025-01-23,2103,N,VIIRS,n,2,294.64,8.01,D,0
32.49281,-116.65869,339.45,0.46,0.39,2025-01-23,2103,N,VIIRS,n,2,300.12,9.43,D,0
32.49224,-116.66333,348.91,0.46,0.39,2025-01-23,2103,N,VIIRS,n,2,299.25,7.78,D,0
32.49166,-116.66814,351.69,0.46,0.39,2025-01-23,2103,N,VIIRS,n,2,302.47,7.78,D,0
32.49107,-116.673,350.05,0.46,0.39,2025-01-23,2103,N,VIIRS,n,2,307.23,15.64,D,0
32.49984,-116.63126,334.48,0.46,0.39,2025-01-23,2103,N,VIIRS,n,2,295.73,25.88,D,0
32.49812,-116.64539,349,0.46,0.39,2025-01-23,2103,N,VIIRS,n,2,302.67,8.89,D,0
32.49755,-116.65002,349.22,0.46,0.39,2025-01-23,2103,N,VIIRS,n,2,301.05,8.89,D,0
32.49698,-116.65467,352.74,0.46,0.39,2025-01-23,2103,N,VIIRS,n,2,299.89,16.84,D,0
32.49643,-116.65925,346.19,0.46,0.39,2025-01-23,2103,N,VIIRS,n,2,305.07,16.84,D,0
32.50231,-116.6412,344.61,0.46,0.39,2025-01-23,2103,N,VIIRS,n,2,295.4,31.15,D,0
32.50173,-116.64593,348.74,0.46,0.39,2025-01-23,2103,N,VIIRS,n,2,295.23,8.89,D,0
32.49899,-116.78815,333.14,0.45,0.39,2025-01-23,2103,N,VIIRS,n,2,299.25,3.05,D,2
32.49715,-116.83253,333.61,0.45,0.39,2025-01-23,2103,N,VIIRS,n,2,302.52,4.99,D,0
34.15397,-118.19357,330.71,0.42,0.38,2025-01-23,2104,N,VIIRS,n,2,303.88,1.54,D,2
34.56871,-118.61114,329.73,0.41,0.37,2025-01-23,2104,N,VIIRS,l,2,301.62,3.63,D,0
34.56813,-118.61551,343.75,0.41,0.37,2025-01-23,2104,N,VIIRS,n,2,308.93,3.63,D,0
34.56754,-118.61988,333.77,0.41,0.37,2025-01-23,2104,N,VIIRS,l,2,304.23,6.8,D,0
35.74013,-119.89993,331.87,0.39,0.36,2025-01-23,2104,N,VIIRS,n,2,297.89,2.35,D,0
36.75214,-121.27534,331.01,0.38,0.36,2025-01-23,2105,N,VIIRS,n,2,297.66,2.4,D,0
37.1278,-119.27444,347.55,0.41,0.37,2025-01-23,2105,N,VIIRS,n,2,290.56,10.14,D,0
34.62238,-117.1024,296.97,0.43,0.38,2025-01-24,0926,N,VIIRS,n,2,274,1.17,N,2
34.61028,-117.33849,296.54,0.44,0.38,2025-01-24,0926,N,VIIRS,n,2,271.76,0.92,N,2
34.60676,-117.33921,296.16,0.44,0.38,2025-01-24,0926,N,VIIRS,n,2,272.02,1.22,N,2
34.43135,-118.64556,306.97,0.49,0.4,2025-01-24,0926,N,VIIRS,n,2,280.57,1.36,N,2
34.42982,-118.64281,309.24,0.49,0.4,2025-01-24,0926,N,VIIRS,n,2,280.69,1.39,N,2
34.33511,-118.51775,305.35,0.48,0.4,2025-01-24,0926,N,VIIRS,n,2,281.11,1.26,N,2
34.31912,-118.51018,297.26,0.48,0.4,2025-01-24,0926,N,VIIRS,n,2,281.69,0.46,N,2
34.23542,-118.09615,305.63,0.46,0.39,2025-01-24,0926,N,VIIRS,n,2,282.15,0.82,N,0
34.23185,-118.09711,299.11,0.46,0.39,2025-01-24,0926,N,VIIRS,n,2,280.96,0.65,N,0
34.07885,-117.50127,298.64,0.44,0.38,2025-01-24,0926,N,VIIRS,n,2,279.94,0.81,N,2
34.15518,-118.19562,306.53,0.47,0.39,2025-01-24,0926,N,VIIRS,n,2,279.55,0.53,N,2
34.04118,-117.82131,299.21,0.45,0.39,2025-01-24,0926,N,VIIRS,n,2,280.02,0.73,N,2
34.03653,-118.10703,300.45,0.46,0.39,2025-01-24,0926,N,VIIRS,n,2,280.48,0.46,N,2
33.9323,-117.83813,296.48,0.45,0.39,2025-01-24,0926,N,VIIRS,n,2,283.04,0.58,N,0
33.79528,-117.47392,306.28,0.43,0.38,2025-01-24,0926,N,VIIRS,n,2,278.69,0.8,N,2
33.85324,-118.3333,306.11,0.47,0.4,2025-01-24,0926,N,VIIRS,n,2,289.91,1.7,N,2
33.85362,-118.33031,300.48,0.47,0.4,2025-01-24,0926,N,VIIRS,n,2,287.49,1.09,N,2
33.82029,-118.24348,302.97,0.46,0.39,2025-01-24,0926,N,VIIRS,n,2,287.97,1.78,N,2
33.71517,-117.71062,305.44,0.44,0.38,2025-01-24,0926,N,VIIRS,n,2,280.36,0.84,N,2
33.776,-118.21566,298.38,0.46,0.39,2025-01-24,0926,N,VIIRS,n,2,281.81,0.36,N,0
33.61484,-117.82481,312.27,0.45,0.39,2025-01-24,0926,N,VIIRS,n,2,279.66,1.31,N,2
33.49106,-117.61607,306,0.44,0.38,2025-01-24,0926,N,VIIRS,n,2,279.16,1.06,N,2
33.23061,-117.38532,304.1,0.43,0.38,2025-01-24,0926,N,VIIRS,n,2,279.28,0.91,N,0
32.85859,-117.02939,305.23,0.41,0.37,2025-01-24,0926,N,VIIRS,n,2,274.84,1.1,N,2
32.85722,-117.14829,299.12,0.42,0.37,2025-01-24,0926,N,VIIRS,n,2,272.59,0.75,N,2
32.63321,-116.88511,297.91,0.41,0.37,2025-01-24,0926,N,VIIRS,n,2,285.61,0.74,N,0
32.63102,-116.89453,311.86,0.41,0.37,2025-01-24,0926,N,VIIRS,n,2,285.08,1.77,N,0
32.63041,-116.89017,309.02,0.41,0.37,2025-01-24,0926,N,VIIRS,n,2,285.89,0.74,N,0
32.6298,-116.8858,310.58,0.41,0.37,2025-01-24,0926,N,VIIRS,n,2,286.15,0.74,N,0
32.62918,-116.88141,314.26,0.41,0.37,2025-01-24,0926,N,VIIRS,n,2,286.55,0.95,N,0
32.62856,-116.87693,299.07,0.41,0.37,2025-01-24,0926,N,VIIRS,n,2,286.71,0.95,N,0
32.62822,-116.89957,336.75,0.41,0.37,2025-01-24,0926,N,VIIRS,n,2,303.05,123.36,N,0
32.62761,-116.8952,325.4,0.41,0.37,2025-01-24,0926,N,VIIRS,n,2,322.47,123.36,N,0
32.627,-116.89081,330.99,0.41,0.37,2025-01-24,0926,N,VIIRS,n,2,287.63,138.11,N,0
32.62638,-116.88639,330.98,0.41,0.37,2025-01-24,0926,N,VIIRS,n,2,287.57,138.11,N,0
32.62576,-116.88197,330.92,0.41,0.37,2025-01-24,0926,N,VIIRS,n,2,287.9,219.79,N,0
32.62944,-116.90835,300.73,0.41,0.37,2025-01-24,0926,N,VIIRS,n,2,285.51,1.62,N,3
32.62883,-116.90398,313.83,0.41,0.37,2025-01-24,0926,N,VIIRS,n,2,286.44,1.62,N,0
32.62514,-116.87756,308.56,0.41,0.37,2025-01-24,0926,N,VIIRS,n,2,287.25,219.79,N,0
32.62542,-116.90463,330.5,0.41,0.37,2025-01-24,0926,N,VIIRS,n,2,286.28,1.62,N,0
32.62481,-116.90023,342.98,0.41,0.37,2025-01-24,0926,N,VIIRS,n,2,311.32,123.36,N,0
32.62357,-116.8914,367,0.41,0.37,2025-01-24,0926,N,VIIRS,h,2,340.61,138.11,N,0
32.62663,-116.91338,298.28,0.41,0.37,2025-01-24,0926,N,VIIRS,n,2,284.8,0.91,N,3
32.62602,-116.90899,307.71,0.41,0.37,2025-01-24,0926,N,VIIRS,n,2,285.53,1.62,N,0
32.6211,-116.87362,304.44,0.41,0.37,2025-01-24,0926,N,VIIRS,n,2,286.69,3.12,N,0
32.62139,-116.90085,346.92,0.41,0.37,2025-01-24,0926,N,VIIRS,n,2,290.09,49.8,N,0
32.62077,-116.89643,367,0.41,0.37,2025-01-24,0926,N,VIIRS,h,2,356.38,49.8,N,0
32.62016,-116.89199,339.37,0.41,0.37,2025-01-24,0926,N,VIIRS,n,2,329.71,72.31,N,0
32.61954,-116.88758,367,0.41,0.37,2025-01-24,0926,N,VIIRS,h,2,337.7,72.31,N,0
32.61892,-116.88314,367,0.41,0.37,2025-01-24,0926,N,VIIRS,h,2,341.74,55.88,N,0
32.6183,-116.87868,351.87,0.41,0.37,2025-01-24,0926,N,VIIRS,n,2,303.52,55.88,N,0
32.61768,-116.87415,338.42,0.41,0.37,2025-01-24,0926,N,VIIRS,n,2,301.36,14.1,N,0
32.62261,-116.90965,303.66,0.41,0.37,2025-01-24,0926,N,VIIRS,n,2,285.01,0.94,N,0
32.622,-116.90524,316.27,0.41,0.37,2025-01-24,0926,N,VIIRS,n,2,285.2,0.94,N,0
32.61705,-116.86967,299.8,0.41,0.37,2025-01-24,0926,N,VIIRS,n,2,285.95,14.1,N,0
32.61797,-116.90144,334.14,0.41,0.37,2025-01-24,0926,N,VIIRS,n,2,286.19,49.8,N,0
32.61736,-116.89706,340.03,0.41,0.37,2025-01-24,0926,N,VIIRS,n,2,318.34,49.8,N,0
32.61674,-116.89264,348.55,0.41,0.37,2025-01-24,0926,N,VIIRS,n,2,322.36,72.31,N,0
32.61612,-116.88821,350.87,0.41,0.37,2025-01-24,0926,N,VIIRS,n,2,316.32,72.31,N,0
32.61551,-116.88376,367,0.41,0.37,2025-01-24,0926,N,VIIRS,h,2,307.32,55.88,N,0
32.61488,-116.87927,367,0.41,0.37,2025-01-24,0926,N,VIIRS,h,2,310.26,55.88,N,0
32.61425,-116.87469,355.35,0.41,0.37,2025-01-24,0926,N,VIIRS,n,2,304.84,14.1,N,0
32.61362,-116.87018,347.6,0.41,0.37,2025-01-24,0926,N,VIIRS,n,2,293.1,14.1,N,0
32.61919,-116.91026,299.86,0.41,0.37,2025-01-24,0926,N,VIIRS,n,2,283.91,0.94,N,0
32.61858,-116.90586,310.87,0.41,0.37,2025-01-24,0926,N,VIIRS,n,2,283.77,0.94,N,0
32.61241,-116.86152,312.33,0.41,0.37,2025-01-24,0926,N,VIIRS,n,2,286.9,3.67,N,0
32.61178,-116.85699,298.82,0.41,0.37,2025-01-24,0926,N,VIIRS,n,2,285.38,1.44,N,0
32.61455,-116.90209,331.71,0.41,0.37,2025-01-24,0926,N,VIIRS,n,2,284.79,16.29,N,0
32.61394,-116.89766,348.07,0.41,0.37,2025-01-24,0926,N,VIIRS,n,2,303.69,16.29,N,0
32.61332,-116.89325,352.8,0.41,0.37,2025-01-24,0926,N,VIIRS,n,2,307.27,31.6,N,0
32.61271,-116.88884,367,0.41,0.37,2025-01-24,0926,N,VIIRS,h,2,296.86,31.6,N,0
32.61209,-116.88436,367,0.41,0.37,2025-01-24,0926,N,VIIRS,h,2,295.1,21.84,N,0
32.61147,-116.87991,367,0.41,0.37,2025-01-24,0926,N,VIIRS,h,2,302.33,21.84,N,0
32.61083,-116.8753,367,0.41,0.37,2025-01-24,0926,N,VIIRS,h,2,302.64,28.29,N,0
32.6102,-116.87073,367,0.41,0.37,2025-01-24,0926,N,VIIRS,h,2,311.7,28.29,N,0
32.6096,-116.86641,341.62,0.41,0.37,2025-01-24,0926,N,VIIRS,n,2,293.89,18.73,N,0
32.60899,-116.86206,346.94,0.41,0.37,2025-01-24,0926,N,VIIRS,n,2,295.75,18.73,N,0
32.60837,-116.85757,335.85,0.41,0.37,2025-01-24,0926,N,VIIRS,n,2,288.68,1.73,N,0
32.61516,-116.90647,309.23,0.41,0.37,2025-01-24,0926,N,VIIRS,n,2,283.66,1.37,N,0
32.61051,-116.89822,344.59,0.41,0.37,2025-01-24,0926,N,VIIRS,n,2,285.4,16.29,N,0
32.6099,-116.8938,355.4,0.41,0.37,2025-01-24,0926,N,VIIRS,n,2,297.77,31.6,N,0
32.60929,-116.88938,352.84,0.41,0.37,2025-01-24,0926,N,VIIRS,n,2,305.99,31.6,N,0
32.60867,-116.88496,342.28,0.41,0.37,2025-01-24,0926,N,VIIRS,n,2,307.81,21.84,N,0
32.60806,-116.88053,367,0.41,0.37,2025-01-24,0926,N,VIIRS,h,2,305.11,21.84,N,0
32.60743,-116.87598,352.15,0.41,0.37,2025-01-24,0926,N,VIIRS,n,2,325.66,28.29,N,0
32.60679,-116.87141,347.76,0.41,0.37,2025-01-24,0926,N,VIIRS,n,2,335.88,28.29,N,0
32.60619,-116.86701,367,0.41,0.37,2025-01-24,0926,N,VIIRS,h,2,307.93,18.73,N,0
32.61174,-116.90707,304.11,0.41,0.37,2025-01-24,0926,N,VIIRS,n,2,283.52,1.37,N,0
32.61113,-116.90268,319.3,0.41,0.37,2025-01-24,0926,N,VIIRS,n,2,283.33,16.29,N,0
32.60558,-116.86264,317.37,0.41,0.37,2025-01-24,0926,N,VIIRS,n,2,302.31,18.73,N,0
32.60495,-116.85813,300.13,0.41,0.37,2025-01-24,0926,N,VIIRS,n,2,286.24,1.73,N,0
32.60431,-116.85354,304.82,0.41,0.37,2025-01-24,0926,N,VIIRS,n,2,285.74,1.73,N,0
32.60367,-116.84889,303.41,0.41,0.37,2025-01-24,0926,N,VIIRS,n,2,283.63,0.66,N,0
32.60304,-116.84436,296.37,0.41,0.37,2025-01-24,0926,N,VIIRS,n,2,281.8,0.66,N,0
32.60709,-116.89876,326.21,0.41,0.37,2025-01-24,0926,N,VIIRS,n,2,283.04,1.43,N,0
32.60648,-116.89434,343.07,0.41,0.37,2025-01-24,0926,N,VIIRS,n,2,284.63,21.21,N,0
32.60586,-116.88992,367,0.41,0.37,2025-01-24,0926,N,VIIRS,h,2,290.41,21.21,N,0
32.60525,-116.88551,367,0.41,0.37,2025-01-24,0926,N,VIIRS,h,2,327.7,58.32,N,0
32.60464,-116.88116,335.51,0.41,0.37,2025-01-24,0926,N,VIIRS,n,2,330.22,58.32,N,0
32.60402,-116.87664,341.42,0.41,0.37,2025-01-24,0926,N,VIIRS,n,2,324.79,183.44,N,0
32.60339,-116.87206,352.39,0.41,0.37,2025-01-24,0926,N,VIIRS,n,2,312.84,183.44,N,0
32.60277,-116.86761,348.96,0.41,0.37,2025-01-24,0926,N,VIIRS,n,2,292.07,21.56,N,0
32.60216,-116.86321,337.89,0.41,0.37,2025-01-24,0926,N,VIIRS,n,2,287.97,21.56,N,0
32.60153,-116.8587,325.48,0.41,0.37,2025-01-24,0926,N,VIIRS,n,2,286.43,1.95,N,0
32.60027,-116.84953,352.48,0.41,0.37,2025-01-24,0926,N,VIIRS,n,2,310.92,36.91,N,0
32.59964,-116.84498,367,0.41,0.37,2025-01-24,0926,N,VIIRS,h,2,326.83,36.91,N,0
32.6077,-116.90317,310.37,0.41,0.37,2025-01-24,0926,N,VIIRS,n,2,283.07,1.43,N,0
32.6009,-116.85414,309.83,0.41,0.37,2025-01-24,0926,N,VIIRS,n,2,287.82,1.95,N,0
32.60305,-116.89492,331.09,0.41,0.37,2025-01-24,0926,N,VIIRS,n,2,282.14,21.21,N,0
32.60244,-116.89049,352.93,0.41,0.37,2025-01-24,0926,N,VIIRS,n,2,282.97,21.21,N,0
32.60183,-116.88606,367,0.41,0.37,2025-01-24,0926,N,VIIRS,h,2,286.43,58.32,N,0
32.60122,-116.88169,367,0.41,0.37,2025-01-24,0926,N,VIIRS,h,2,291.29,58.32,N,0
32.6006,-116.87723,343.32,0.41,0.37,2025-01-24,0926,N,VIIRS,n,2,312.28,183.44,N,0
32.59935,-116.86817,330.5,0.41,0.37,2025-01-24,0926,N,VIIRS,n,2,317.9,21.56,N,0
32.59686,-116.85017,345.6,0.41,0.37,2025-01-24,0926,N,VIIRS,n,2,289.71,36.91,N,0
32.59623,-116.84563,328.63,0.41,0.37,2025-01-24,0926,N,VIIRS,n,2,283.17,36.91,N,0
32.60427,-116.9037,300.62,0.41,0.37,2025-01-24,0926,N,VIIRS,n,2,283.35,1.43,N,0
32.60366,-116.89931,310.96,0.41,0.37,2025-01-24,0926,N,VIIRS,n,2,282.41,1.43,N,0
32.59874,-116.86375,319.36,0.41,0.37,2025-01-24,0926,N,VIIRS,n,2,286.1,21.56,N,0
32.59812,-116.85928,305.61,0.41,0.37,2025-01-24,0926,N,VIIRS,n,2,285.4,1.95,N,0
32.59749,-116.85474,309.25,0.41,0.37,2025-01-24,0926,N,VIIRS,n,2,286.89,1.95,N,0
32.59903,-116.89114,340.06,0.41,0.37,2025-01-24,0926,N,VIIRS,n,2,281.79,2.98,N,0
32.59841,-116.88665,356.23,0.41,0.37,2025-01-24,0926,N,VIIRS,n,2,285.97,8.26,N,0
32.5978,-116.88224,367,0.41,0.37,2025-01-24,0926,N,VIIRS,h,2,293.44,8.26,N,0
32.59718,-116.87778,343.64,0.41,0.37,2025-01-24,0926,N,VIIRS,n,2,336.1,0,N,0
32.59965,-116.89565,315.83,0.41,0.37,2025-01-24,0926,N,VIIRS,n,2,281.85,2.98,N,0
32.59532,-116.86433,317.04,0.41,0.37,2025-01-24,0926,N,VIIRS,n,2,290.53,331.36,N,0
32.5947,-116.85986,307.98,0.41,0.37,2025-01-24,0926,N,VIIRS,n,2,284.14,1.94,N,0
32.59408,-116.85535,305.02,0.41,0.37,2025-01-24,0926,N,VIIRS,n,2,283.12,1.94,N,0
32.59346,-116.85084,296.09,0.41,0.37,2025-01-24,0926,N,VIIRS,n,2,281.74,1.8,N,0
32.595,-116.88728,323.9,0.41,0.37,2025-01-24,0926,N,VIIRS,n,2,284.36,8.26,N,0
32.59438,-116.88287,335.04,0.41,0.37,2025-01-24,0926,N,VIIRS,n,2,287.53,8.26,N,0
32.59377,-116.8784,342.64,0.41,0.37,2025-01-24,0926,N,VIIRS,n,2,308.42,0,N,0
32.59253,-116.86944,367,0.41,0.37,2025-01-24,0926,N,VIIRS,h,2,357.07,331.36,N,0
32.59192,-116.865,322.42,0.41,0.37,2025-01-24,0926,N,VIIRS,n,2,291.26,331.36,N,0
32.59562,-116.89183,311.95,0.41,0.37,2025-01-24,0926,N,VIIRS,n,2,282.22,2.98,N,0
32.5913,-116.86052,307.22,0.41,0.37,2025-01-24,0926,N,VIIRS,n,2,283.06,1.94,N,0
32.59067,-116.85596,302.2,0.41,0.37,2025-01-24,0926,N,VIIRS,n,2,281.91,1.94,N,0
32.59006,-116.85152,296.43,0.41,0.37,2025-01-24,0926,N,VIIRS,n,2,282.06,1.8,N,0
32.58975,-116.87463,330.14,0.41,0.37,2025-01-24,0926,N,VIIRS,n,2,287.4,2.95,N,0
32.59098,-116.88358,303.26,0.41,0.37,2025-01-24,0926,N,VIIRS,n,2,285.32,1.15,N,0
32.59037,-116.8791,312.26,0.41,0.37,2025-01-24,0926,N,VIIRS,n,2,286.49,2.95,N,0
32.58913,-116.87016,319.82,0.41,0.37,2025-01-24,0926,N,VIIRS,n,2,286.74,2.27,N,0
32.58852,-116.86568,306.75,0.41,0.37,2025-01-24,0926,N,VIIRS,n,2,285.84,2.27,N,0
32.58789,-116.86118,303.69,0.41,0.37,2025-01-24,0926,N,VIIRS,n,2,284.86,1.28,N,0
32.58727,-116.85664,299.58,0.41,0.37,2025-01-24,0926,N,VIIRS,n,2,282.93,1.28,N,0
32.58665,-116.8522,295.34,0.41,0.37,2025-01-24,0926,N,VIIRS,n,2,281.75,3.29,N,0
32.58635,-116.87537,305.94,0.41,0.37,2025-01-24,0926,N,VIIRS,n,2,286.83,2.95,N,0
32.58574,-116.87093,307.73,0.41,0.37,2025-01-24,0926,N,VIIRS,n,2,287.33,2.27,N,0
32.58512,-116.86645,300.85,0.41,0.37,2025-01-24,0926,N,VIIRS,n,2,285.63,2.27,N,0
32.5845,-116.86194,299.53,0.41,0.37,2025-01-24,0926,N,VIIRS,n,2,284.78,1.28,N,0
32.58387,-116.85742,298.19,0.41,0.37,2025-01-24,0926,N,VIIRS,n,2,283.58,1.28,N,0
32.58326,-116.85297,295.11,0.41,0.37,2025-01-24,0926,N,VIIRS,n,2,282.47,3.29,N,0
32.54786,-116.89523,327,0.41,0.37,2025-01-24,0926,N,VIIRS,n,2,283.96,3.1,N,0
32.51015,-116.65356,321.62,0.4,0.37,2025-01-24,0926,N,VIIRS,n,2,284.02,2.02,N,0
32.50799,-116.66281,304.96,0.4,0.37,2025-01-24,0926,N,VIIRS,n,2,283.12,0.96,N,0
32.50739,-116.65852,316.57,0.4,0.37,2025-01-24,0926,N,VIIRS,n,2,283.79,0.96,N,0
32.49782,-116.61585,320.34,0.4,0.37,2025-01-24,0926,N,VIIRS,n,2,282.87,1.79,N,0
32.50462,-116.66355,312.78,0.4,0.37,2025-01-24,0926,N,VIIRS,n,2,283.65,0.96,N,0
32.504,-116.65922,295.42,0.4,0.37,2025-01-24,0926,N,VIIRS,n,2,282.22,0.96,N,0
32.50124,-116.66426,312.51,0.4,0.37,2025-01-24,0926,N,VIIRS,n,2,282.75,1.05,N,0
32.49504,-116.6207,303.28,0.4,0.37,2025-01-24,0926,N,VIIRS,n,2,279.67,0.53,N,0
32.49443,-116.61645,300.03,0.4,0.37,2025-01-24,0926,N,VIIRS,n,2,279.08,0.53,N,0
32.48848,-116.87115,331.42,0.41,0.37,2025-01-24,0926,N,VIIRS,n,2,285.73,4.21,N,0
32.46773,-116.84657,303.42,0.41,0.37,2025-01-24,0926,N,VIIRS,n,2,283.06,0.45,N,0
32.38311,-116.98543,306.25,0.41,0.37,2025-01-24,0926,N,VIIRS,n,2,285.08,1.09,N,0
32.37971,-116.9861,298.68,0.41,0.37,2025-01-24,0926,N,VIIRS,n,2,283.21,0.53,N,0
32.38155,-117.0489,305.16,0.41,0.37,2025-01-24,0926,N,VIIRS,n,2,284.28,0.7,N,0
32.3583,-117.00842,295.92,0.41,0.37,2025-01-24,0926,N,VIIRS,n,2,283.54,0.29,N,0
32.37313,-117.06725,326.54,0.4,0.37,2025-01-24,2045,N,VIIRS,l,2,299.83,1.26,D,2
32.58952,-116.88493,333.85,0.39,0.36,2025-01-24,2045,N,VIIRS,l,2,305.14,5.62,D,0
32.59286,-116.88566,350.72,0.39,0.36,2025-01-24,2045,N,VIIRS,n,2,310.14,5.62,D,0
32.6024,-116.84843,347.58,0.39,0.36,2025-01-24,2045,N,VIIRS,n,2,309.19,9.46,D,0
32.60571,-116.84928,339.09,0.39,0.36,2025-01-24,2045,N,VIIRS,n,2,293.87,9.46,D,0
32.60213,-116.89223,367,0.39,0.36,2025-01-24,2045,N,VIIRS,h,2,307.71,11.71,D,0
32.60761,-116.85867,329.15,0.39,0.36,2025-01-24,2045,N,VIIRS,n,2,295.12,1.13,D,0
32.60144,-116.89643,328.17,0.39,0.36,2025-01-24,2045,N,VIIRS,n,2,300.87,11.71,D,0
32.60545,-116.89304,339.16,0.39,0.36,2025-01-24,2045,N,VIIRS,n,2,311.63,11.71,D,0
32.60875,-116.89388,327.54,0.39,0.36,2025-01-24,2045,N,VIIRS,l,2,298.33,5.32,D,0
32.60807,-116.89805,353.54,0.39,0.36,2025-01-24,2045,N,VIIRS,n,2,304.66,5.32,D,0
32.60739,-116.9022,345.85,0.39,0.36,2025-01-24,2045,N,VIIRS,n,2,299.33,94.89,D,0
32.61823,-116.85696,331.62,0.39,0.36,2025-01-24,2045,N,VIIRS,n,2,296.15,12.15,D,0
32.61686,-116.86534,339.37,0.39,0.36,2025-01-24,2045,N,VIIRS,n,2,308.98,49.15,D,0
32.62155,-116.85777,333.27,0.39,0.36,2025-01-24,2045,N,VIIRS,n,2,302.37,9.92,D,0
32.62017,-116.86619,342.77,0.39,0.36,2025-01-24,2045,N,VIIRS,n,2,300.04,11.85,D,0
32.61402,-116.90389,336.35,0.39,0.36,2025-01-24,2045,N,VIIRS,n,2,305.06,23.15,D,0
32.62556,-116.85429,367,0.39,0.36,2025-01-24,2045,N,VIIRS,h,2,304.08,9.92,D,0
32.62626,-116.85,332.08,0.39,0.36,2025-01-24,2045,N,VIIRS,n,2,298.77,4.31,D,0
32.62486,-116.85858,337.81,0.39,0.36,2025-01-24,2045,N,VIIRS,n,2,301.78,9.92,D,0
32.62281,-116.87118,327.93,0.39,0.36,2025-01-24,2045,N,VIIRS,n,2,300.21,1.16,D,0
32.61734,-116.90469,347.86,0.39,0.36,2025-01-24,2045,N,VIIRS,n,2,301.4,23.15,D,0
32.61666,-116.90884,330.67,0.39,0.36,2025-01-24,2045,N,VIIRS,n,2,297.41,23.15,D,0
32.62066,-116.90548,330.46,0.39,0.36,2025-01-24,2045,N,VIIRS,n,2,296.52,2.87,D,0
32.61998,-116.90965,331.92,0.39,0.36,2025-01-24,2045,N,VIIRS,n,2,298.77,2.87,D,0
34.15449,-118.19285,330,0.41,0.37,2025-01-24,2045,N,VIIRS,n,2,299.54,2.01,D,2
36.30653,-119.96538,332.69,0.44,0.38,2025-01-24,2046,N,VIIRS,n,2,299.76,1.8,D,0
37.12838,-119.27402,328.6,0.41,0.37,2025-01-24,2046,N,VIIRS,n,2,277.05,2.95,D,0
34.33397,-118.52116,295.03,0.57,0.52,2025-01-25,0907,N,VIIRS,n,2,273.47,0.35,N,2
34.3353,-118.52065,297.99,0.57,0.52,2025-01-25,0907,N,VIIRS,n,2,273.82,0.56,N,2
34.28992,-118.80099,301.07,0.59,0.53,2025-01-25,0907,N,VIIRS,n,2,274.68,1.28,N,2
34.15308,-118.19598,307.18,0.54,0.51,2025-01-25,0907,N,VIIRS,n,2,276.94,1.22,N,2
33.79303,-117.47507,298.69,0.49,0.48,2025-01-25,0907,N,VIIRS,n,2,272.66,1.14,N,2
32.2495,-116.44234,332.49,0.57,0.43,2025-01-25,2026,N,VIIRS,n,2,300.75,6.84,D,0
32.47455,-117.06111,343.59,0.4,0.45,2025-01-25,2026,N,VIIRS,n,2,286.5,4.39,D,0
32.59546,-116.88447,350.72,0.39,0.44,2025-01-25,2026,N,VIIRS,n,2,302.79,95.42,D,0
32.49777,-116.83335,316.47,0.53,0.67,2025-01-26,1029,N,VIIRS,n,2,274.49,2.01,N,0
32.49899,-116.83398,305.35,0.53,0.67,2025-01-26,1029,N,VIIRS,n,2,275.06,1.53,N,0
37.14516,-120.41589,351.77,0.43,0.62,2025-01-26,2009,N,VIIRS,n,2,285.2,10.23,D,0
37.14443,-120.41398,342.01,0.42,0.61,2025-01-26,2149,N,VIIRS,n,2,286.34,3.62,D,0
36.32106,-120.21581,327.1,0.77,0.77,2025-01-27,1950,N,VIIRS,n,2,287.04,4.57,D,0
36.47365,-119.90613,326.01,0.73,0.76,2025-01-27,1950,N,VIIRS,n,2,283.58,3.29,D,0
36.32312,-120.21796,332.84,0.77,0.77,2025-01-27,1950,N,VIIRS,n,2,287.09,5.72,D,0
36.76658,-119.94584,328.91,0.72,0.76,2025-01-27,1950,N,VIIRS,n,2,285.06,8.36,D,0
36.83856,-120.28705,329.91,0.75,0.77,2025-01-27,1950,N,VIIRS,n,2,284.64,4.16,D,0
36.83592,-120.29522,328.1,0.75,0.77,2025-01-27,1950,N,VIIRS,n,2,285.29,4.16,D,0
37.00714,-120.33258,329.75,0.74,0.76,2025-01-27,1950,N,VIIRS,n,2,283.78,5.19,D,0
35.88811,-120.4476,334.96,0.44,0.46,2025-01-27,2130,N,VIIRS,n,2,288.86,3.44,D,0
36.32507,-120.22178,343.02,0.46,0.47,2025-01-27,2130,N,VIIRS,n,2,292.91,6.99,D,0
36.76451,-119.94931,336.25,0.48,0.48,2025-01-27,2130,N,VIIRS,n,2,290.28,2.89,D,0
36.79175,-120.20335,328.43,0.47,0.48,2025-01-27,2130,N,VIIRS,n,2,288.49,2.44,D,0
36.80104,-120.19924,331.67,0.47,0.48,2025-01-27,2130,N,VIIRS,n,2,286.56,3.57,D,0
36.83712,-120.29078,350.75,0.46,0.47,2025-01-27,2130,N,VIIRS,n,2,290.72,9.42,D,0
36.83666,-120.29604,353.94,0.46,0.47,2025-01-27,2130,N,VIIRS,n,2,290.39,9.42,D,0
36.8362,-120.30127,340.66,0.46,0.47,2025-01-27,2130,N,VIIRS,n,2,289.58,4.53,D,0
36.93368,-119.95573,342.37,0.48,0.48,2025-01-27,2130,N,VIIRS,n,2,289.22,4.94,D,0
37.00602,-120.33263,355.51,0.46,0.47,2025-01-27,2130,N,VIIRS,n,2,289.3,9.46,D,0
37.05359,-119.97665,325.53,0.48,0.48,2025-01-27,2130,N,VIIRS,n,2,287.55,2.31,D,0
37.05331,-120.14203,341.66,0.47,0.48,2025-01-27,2130,N,VIIRS,n,2,288.45,5.07,D,0
35.19516,-118.80199,305.4,0.4,0.37,2025-01-28,0951,N,VIIRS,n,2,273.42,1.24,N,0
34.60904,-117.33505,311.28,0.44,0.38,2025-01-28,0951,N,VIIRS,n,2,274.37,1.98,N,2
34.42863,-118.64331,313.33,0.4,0.37,2025-01-28,0951,N,VIIRS,n,2,273.62,0.72,N,2
34.33356,-118.5205,303.22,0.41,0.37,2025-01-28,0951,N,VIIRS,n,2,273.84,0.93,N,2
34.32111,-118.50973,296.85,0.41,0.37,2025-01-28,0951,N,VIIRS,n,2,274.17,0.34,N,2
34.29045,-118.80132,313.9,0.4,0.37,2025-01-28,0951,N,VIIRS,n,2,275.35,1.36,N,2
34.15255,-118.19379,312.93,0.42,0.37,2025-01-28,0951,N,VIIRS,n,2,276.64,1.74,N,2
33.79276,-117.47427,305.4,0.44,0.39,2025-01-28,0951,N,VIIRS,n,2,274.12,0.97,N,2
33.85361,-118.33303,302.55,0.42,0.37,2025-01-28,0951,N,VIIRS,n,2,284.93,1.18,N,2
33.81988,-118.24364,299.23,0.42,0.38,2025-01-28,0951,N,VIIRS,n,2,282.9,1.28,N,2
33.79232,-118.34892,299.23,0.42,0.37,2025-01-28,0951,N,VIIRS,n,2,277.43,0.55,N,0
33.613,-117.8246,312.25,0.43,0.38,2025-01-28,0951,N,VIIRS,n,2,277.83,0.85,N,2
33.49171,-117.61906,301.65,0.44,0.38,2025-01-28,0951,N,VIIRS,n,2,276.5,0.62,N,2
32.85708,-117.03081,301.77,0.47,0.4,2025-01-28,0951,N,VIIRS,n,2,274.62,0.65,N,2
32.85615,-117.14582,300.3,0.47,0.4,2025-01-28,0951,N,VIIRS,n,2,274.65,0.67,N,2
32.37292,-117.06673,300.17,0.48,0.4,2025-01-28,0952,N,VIIRS,n,2,277.85,0.74,N,2
34.1534,-118.19382,325.64,0.48,0.4,2025-01-28,2110,N,VIIRS,n,2,290.97,0.8,D,2
35.19457,-119.02164,330.29,0.46,0.39,2025-01-28,2111,N,VIIRS,n,2,290.11,3.95,D,0
35.19816,-119.02229,340.44,0.46,0.39,2025-01-28,2111,N,VIIRS,n,2,294.03,31.57,D,0
35.49738,-119.43208,325.89,0.44,0.39,2025-01-28,2111,N,VIIRS,n,2,288.3,2.64,D,0
35.85603,-119.25767,330.24,0.45,0.39,2025-01-28,2111,N,VIIRS,n,2,288.69,5.21,D,0
35.85962,-119.25832,334.23,0.45,0.39,2025-01-28,2111,N,VIIRS,n,2,290.78,5.21,D,0
36.24155,-119.68065,331.9,0.44,0.38,2025-01-28,2111,N,VIIRS,n,2,291.52,3.42,D,0
36.3176,-119.23883,325.84,0.46,0.39,2025-01-28,2111,N,VIIRS,n,2,289.42,2.04,D,0
36.39221,-119.68206,330.86,0.44,0.39,2025-01-28,2111,N,VIIRS,n,2,289.04,3.4,D,0
36.53755,-119.49797,331.38,0.45,0.39,2025-01-28,2111,N,VIIRS,n,2,291.27,3.87,D,0
36.90374,-119.89445,331.77,0.44,0.38,2025-01-28,2111,N,VIIRS,n,2,291.38,4.38,D,0
36.72573,-121.27458,333.29,0.4,0.37,2025-01-28,2111,N,VIIRS,n,2,292.61,4.57,D,0
36.98299,-120.17346,328.92,0.43,0.38,2025-01-28,2111,N,VIIRS,n,2,287.87,1.73,D,0
36.99496,-120.13601,345.63,0.43,0.38,2025-01-28,2111,N,VIIRS,n,2,288.86,5.12,D,0
36.99846,-120.13669,339.22,0.43,0.38,2025-01-28,2111,N,VIIRS,n,2,286.97,5.12,D,0
37.00196,-120.13737,330.49,0.43,0.38,2025-01-28,2111,N,VIIRS,n,2,288.62,9.14,D,0
37.00547,-120.13807,325.8,0.43,0.38,2025-01-28,2111,N,VIIRS,n,2,293.42,9.14,D,0
37.00897,-120.13876,330.72,0.43,0.38,2025-01-28,2111,N,VIIRS,n,2,289.52,4.95,D,0
37.02548,-120.20868,330.77,0.43,0.38,2025-01-28,2111,N,VIIRS,n,2,289.36,1.82,D,0
37.08884,-120.07642,326.81,0.44,0.38,2025-01-28,2111,N,VIIRS,n,2,288.77,2.15,D,0
37.12567,-121.01949,326.09,0.41,0.37,2025-01-28,2111,N,VIIRS,n,2,291.27,1.69,D,0
34.43206,-118.64511,304.63,0.43,0.38,2025-01-29,0932,N,VIIRS,n,2,274.75,0.92,N,2
34.42859,-118.64589,296.19,0.43,0.38,2025-01-29,0932,N,VIIRS,n,2,274.29,0.92,N,2
34.29108,-118.80218,315.91,0.43,0.38,2025-01-29,0932,N,VIIRS,n,2,277.33,1.49,N,2
34.04136,-117.82201,297.73,0.4,0.37,2025-01-29,0932,N,VIIRS,n,2,277.3,0.74,N,2
33.85462,-118.3329,298.53,0.41,0.37,2025-01-29,0932,N,VIIRS,n,2,284.68,0.92,N,2
33.82125,-118.24347,297.8,0.41,0.37,2025-01-29,0932,N,VIIRS,n,2,284.69,0.75,N,2
33.81427,-118.2381,298.7,0.41,0.37,2025-01-29,0932,N,VIIRS,n,2,283.31,0.94,N,2
33.71478,-117.71006,302.53,0.4,0.37,2025-01-29,0932,N,VIIRS,n,2,275.25,1.08,N,2
33.61255,-117.82204,309.86,0.4,0.37,2025-01-29,0932,N,VIIRS,n,2,279.24,0.83,N,2
33.49174,-117.61578,304.75,0.4,0.37,2025-01-29,0932,N,VIIRS,n,2,277.49,0.53,N,2
32.85742,-117.14862,301.67,0.39,0.36,2025-01-29,0933,N,VIIRS,n,2,277.88,0.86,N,2
32.42028,-116.92216,303.99,0.39,0.36,2025-01-29,0933,N,VIIRS,n,2,278.34,1.03,N,0
32.37407,-117.06706,296.5,0.39,0.36,2025-01-29,0933,N,VIIRS,n,2,280.21,0.94,N,2
32.37075,-117.06778,301.48,0.39,0.36,2025-01-29,0933,N,VIIRS,n,2,281,1.45,N,2
34.71301,-118.28979,335.25,0.39,0.36,2025-01-29,2052,N,VIIRS,n,2,293.75,2.33,D,0
35.35466,-118.97173,330.3,0.39,0.36,2025-01-29,2052,N,VIIRS,n,2,293.58,3.98,D,0
35.4424,-119.41886,338.95,0.39,0.37,2025-01-29,2052,N,VIIRS,n,2,292.94,1.85,D,0
35.44572,-119.41969,338.94,0.39,0.37,2025-01-29,2052,N,VIIRS,n,2,292.66,2.15,D,0
35.46933,-119.31808,336.94,0.39,0.36,2025-01-29,2052,N,VIIRS,n,2,292.55,2.63,D,0
36.15794,-119.74213,338.93,0.4,0.37,2025-01-29,2052,N,VIIRS,n,2,296.35,3.31,D,0
36.20482,-119.76186,342.26,0.4,0.37,2025-01-29,2052,N,VIIRS,n,2,297.45,5.74,D,0
36.17316,-120.11553,335.11,0.4,0.37,2025-01-29,2052,N,VIIRS,n,2,295.05,5.58,D,0
36.17726,-120.11198,357,0.4,0.37,2025-01-29,2052,N,VIIRS,l,2,293.75,22.68,D,0
36.17651,-120.11639,357,0.4,0.37,2025-01-29,2052,N,VIIRS,l,2,294.03,5.58,D,0
36.18125,-121.02612,334.95,0.42,0.38,2025-01-29,2052,N,VIIRS,n,2,293.48,3.75,D,0
36.39299,-120.10517,342.55,0.4,0.37,2025-01-29,2052,N,VIIRS,n,2,295.92,5.48,D,0
36.39634,-120.10605,356.98,0.4,0.37,2025-01-29,2052,N,VIIRS,l,2,295.11,5.48,D,0
36.51972,-120.12296,339.17,0.4,0.37,2025-01-29,2052,N,VIIRS,n,2,295,3.79,D,0
34.81981,-118.75192,295.67,0.48,0.48,2025-01-30,0913,N,VIIRS,n,2,273.33,0.99,N,2
34.60664,-117.3356,306.03,0.4,0.44,2025-01-30,0913,N,VIIRS,n,2,274.68,0.74,N,2
34.42995,-118.64409,304.26,0.47,0.48,2025-01-30,0913,N,VIIRS,n,2,277.35,1.34,N,2
34.33397,-118.52107,304.59,0.46,0.47,2025-01-30,0913,N,VIIRS,n,2,276.6,0.97,N,2
34.15199,-118.19447,304.32,0.44,0.46,2025-01-30,0913,N,VIIRS,n,2,277.93,1.08,N,2
34.04216,-117.82092,296.03,0.42,0.45,2025-01-30,0913,N,VIIRS,n,2,277.43,0.73,N,2
33.04522,-115.54094,354.71,0.43,0.38,2025-01-30,2032,N,VIIRS,n,2,311.39,16.96,D,0
33.04604,-115.53634,367,0.43,0.38,2025-01-30,2032,N,VIIRS,l,2,327.87,74.1,D,0
33.04951,-115.53722,336.29,0.43,0.38,2025-01-30,2032,N,VIIRS,n,2,296.84,5.93,D,0
33.61194,-116.0943,335.59,0.45,0.39,2025-01-30,2032,N,VIIRS,n,2,299.13,3.41,D,0
36.77968,-118.91683,307.67,0.48,0.64,2025-01-31,0854,N,VIIRS,n,2,269.03,0.91,N,0
34.60807,-117.33716,311.58,0.37,0.58,2025-01-31,0854,N,VIIRS,n,2,276.84,1.03,N,2
34.60663,-117.33959,300.62,0.37,0.58,2025-01-31,0854,N,VIIRS,n,2,275.11,1.28,N,2
34.33348,-118.52055,299.27,0.43,0.62,2025-01-31,0854,N,VIIRS,n,2,275,0.55,N,2
33.85199,-118.33443,300.72,0.42,0.61,2025-01-31,0855,N,VIIRS,n,2,283.99,1.48,N,2
33.81823,-118.24541,297.78,0.41,0.61,2025-01-31,0855,N,VIIRS,n,2,282.37,1.12,N,2
33.81535,-118.23851,295.01,0.41,0.61,2025-01-31,0855,N,VIIRS,n,2,282.27,0.76,N,2
33.61126,-117.82481,295.25,0.39,0.59,2025-01-31,0855,N,VIIRS,n,2,278.24,0.4,N,0
32.85775,-117.02879,297.69,0.34,0.56,2025-01-31,0855,N,VIIRS,n,2,276.26,0.49,N,2
32.49766,-116.79144,298.6,0.33,0.55,2025-01-31,0855,N,VIIRS,n,2,277.75,0.41,N,2
32.49573,-116.83418,313.87,0.33,0.55,2025-01-31,0855,N,VIIRS,n,2,278.89,1,N,0
32.43007,-116.94964,296.48,0.34,0.56,2025-01-31,0855,N,VIIRS,n,2,278.11,0.45,N,0
34.60812,-117.33488,309.77,0.53,0.67,2025-01-31,1035,N,VIIRS,n,2,274.73,2,N,2
34.15452,-118.1903,299.1,0.49,0.65,2025-01-31,1035,N,VIIRS,n,2,275.68,0.43,N,2
34.1535,-118.19128,301.61,0.49,0.65,2025-01-31,1035,N,VIIRS,n,2,275.86,0.79,N,2
34.29337,-118.80027,296.49,0.45,0.63,2025-01-31,1035,N,VIIRS,n,2,275.17,0.6,N,2
33.85392,-118.33224,297.17,0.49,0.65,2025-01-31,1035,N,VIIRS,n,2,283.25,1.48,N,2
33.85237,-118.33426,295.47,0.49,0.65,2025-01-31,1035,N,VIIRS,n,2,281.69,1.25,N,2
34.33585,-118.51974,297.32,0.52,0.5,2025-02-01,1016,N,VIIRS,n,2,275.02,0.67,N,2
34.15465,-118.19047,297.12,0.54,0.51,2025-02-01,1016,N,VIIRS,n,2,275.29,1.01,N,2
32.50061,-116.84237,298.01,0.35,0.57,2025-02-01,1016,N,VIIRS,n,2,275.12,0.48,N,0
37.04604,-119.13001,308.66,0.41,0.37,2025-02-02,0957,N,VIIRS,n,2,275.23,1.07,N,0
37.04188,-119.12646,300.29,0.41,0.37,2025-02-02,0957,N,VIIRS,n,2,274.99,1.07,N,0
37.03512,-119.12816,304.14,0.41,0.37,2025-02-02,0957,N,VIIRS,n,2,276.3,1.05,N,0
37.03017,-119.12012,296.59,0.41,0.37,2025-02-02,0957,N,VIIRS,n,2,276.91,0.73,N,0
37.02451,-120.19525,306.66,0.39,0.36,2025-02-02,0957,N,VIIRS,n,2,274.62,0.56,N,0
36.66266,-120.13301,297.26,0.39,0.36,2025-02-02,0957,N,VIIRS,n,2,277.07,0.57,N,0
34.60832,-117.33444,305.52,0.51,0.41,2025-02-02,0957,N,VIIRS,n,2,282.92,2.05,N,2
34.35414,-116.85178,297.87,0.54,0.42,2025-02-02,0957,N,VIIRS,n,2,281.58,1.18,N,2
34.47858,-118.89375,296.8,0.44,0.38,2025-02-02,0957,N,VIIRS,n,2,281.92,0.32,N,0
34.42865,-118.64378,305.75,0.45,0.39,2025-02-02,0957,N,VIIRS,n,2,280.87,0.88,N,2
34.33419,-118.5172,308.14,0.46,0.39,2025-02-02,0957,N,VIIRS,n,2,282.25,0.76,N,2
34.33357,-118.51991,309.54,0.46,0.39,2025-02-02,0957,N,VIIRS,n,2,281.79,1.13,N,2
34.32108,-118.51286,298.22,0.46,0.39,2025-02-02,0957,N,VIIRS,n,2,281.49,0.31,N,2
34.24413,-118.38232,298.63,0.46,0.39,2025-02-02,0957,N,VIIRS,n,2,281.2,0.47,N,2
34.29302,-118.79915,300.53,0.45,0.39,2025-02-02,0957,N,VIIRS,n,2,281.73,0.47,N,2
34.28949,-118.80002,298.89,0.45,0.39,2025-02-02,0957,N,VIIRS,n,2,281.5,0.49,N,2
34.15466,-118.19166,308.04,0.47,0.4,2025-02-02,0957,N,VIIRS,n,2,282.2,1.07,N,2
34.1552,-118.19342,307.66,0.47,0.4,2025-02-02,0957,N,VIIRS,n,2,282.24,1.96,N,2
34.04198,-117.82237,295.21,0.49,0.4,2025-02-02,0957,N,VIIRS,n,2,282.61,0.57,N,2
34.03596,-118.10726,297.7,0.48,0.4,2025-02-02,0957,N,VIIRS,n,2,282.67,0.55,N,2
34.03654,-118.10322,298.21,0.48,0.4,2025-02-02,0957,N,VIIRS,n,2,282.66,0.43,N,2
33.79381,-117.47674,302.51,0.51,0.41,2025-02-02,0957,N,VIIRS,n,2,281.85,0.63,N,2
33.8536,-118.33364,300.21,0.47,0.4,2025-02-02,0957,N,VIIRS,n,2,288.65,1.27,N,2
33.71545,-117.71284,302.2,0.5,0.41,2025-02-02,0957,N,VIIRS,n,2,282.83,0.87,N,2
33.61485,-117.82076,300.13,0.5,0.41,2025-02-02,0958,N,VIIRS,n,2,282.58,1.13,N,2
33.49236,-117.61728,301.25,0.51,0.41,2025-02-02,0958,N,VIIRS,n,2,282.3,0.9,N,2
33.49345,-117.61802,297.67,0.51,0.41,2025-02-02,0958,N,VIIRS,n,2,282.26,0.81,N,2
32.59756,-117.01133,296.17,0.57,0.43,2025-02-02,0958,N,VIIRS,n,2,282.27,0.85,N,2
32.54025,-116.87231,302.87,0.38,0.43,2025-02-02,0958,N,VIIRS,n,2,282.63,0.54,N,0
32.4984,-116.79091,297.05,0.39,0.44,2025-02-02,0958,N,VIIRS,n,2,282.49,0.54,N,2
37.05973,-119.40308,327.21,0.54,0.42,2025-02-02,2117,N,VIIRS,n,2,281.65,2.67,D,0
34.62152,-117.10093,310.04,0.38,0.36,2025-02-03,0938,N,VIIRS,n,2,284.4,1.07,N,2
34.60771,-117.33693,305,0.38,0.36,2025-02-03,0938,N,VIIRS,n,2,280.83,1.14,N,2
34.35422,-116.85394,303.5,0.39,0.36,2025-02-03,0938,N,VIIRS,n,2,281.62,1.21,N,2
34.43163,-118.64416,307.96,0.39,0.36,2025-02-03,0939,N,VIIRS,n,2,279.94,1.22,N,2
34.4283,-118.64492,304.11,0.39,0.36,2025-02-03,0939,N,VIIRS,n,2,278.23,0.77,N,2
34.33428,-118.52042,312.88,0.39,0.36,2025-02-03,0939,N,VIIRS,n,2,282.39,1.28,N,2
34.31911,-118.51071,300.07,0.39,0.36,2025-02-03,0939,N,VIIRS,n,2,282.88,0.7,N,2
34.14357,-117.42901,295.16,0.38,0.36,2025-02-03,0939,N,VIIRS,n,2,281.94,0.21,N,2
34.24298,-118.38244,302.43,0.39,0.36,2025-02-03,0939,N,VIIRS,n,2,280.94,0.67,N,2
34.29161,-118.80431,298.94,0.39,0.36,2025-02-03,0939,N,VIIRS,n,2,279,0.79,N,2
34.29099,-118.80003,306.04,0.39,0.36,2025-02-03,0939,N,VIIRS,n,2,280.37,0.79,N,2
34.15306,-118.19432,311.97,0.39,0.36,2025-02-03,0939,N,VIIRS,n,2,284.22,1.03,N,2
34.03505,-118.10673,299.92,0.39,0.36,2025-02-03,0939,N,VIIRS,n,2,282.6,0.5,N,2
33.71666,-117.71087,299.02,0.38,0.36,2025-02-03,0939,N,VIIRS,n,2,278.2,0.69,N,2
33.61206,-117.82197,305.46,0.38,0.36,2025-02-03,0939,N,VIIRS,n,2,280.17,0.97,N,2
32.85702,-117.02685,297.45,0.39,0.36,2025-02-03,0939,N,VIIRS,n,2,279.29,0.38,N,2
32.59914,-117.01105,298.18,0.39,0.36,2025-02-03,0939,N,VIIRS,n,2,278.67,0.58,N,2
32.49809,-116.7888,298.28,0.39,0.36,2025-02-03,0939,N,VIIRS,n,2,278.7,0.37,N,2
32.49834,-116.83185,300.72,0.39,0.36,2025-02-03,0939,N,VIIRS,n,2,279.61,0.41,N,0
32.49501,-116.83253,303.28,0.39,0.36,2025-02-03,0939,N,VIIRS,n,2,279.36,0.62,N,0
32.43425,-117.07996,295.42,0.39,0.36,2025-02-03,0939,N,VIIRS,n,2,279.75,0.6,N,0
32.43358,-117.07586,298.07,0.39,0.36,2025-02-03,0939,N,VIIRS,n,2,280.22,0.48,N,0
32.49739,-116.8319,335.48,0.4,0.37,2025-02-03,2057,N,VIIRS,l,2,307.29,7.5,D,0
35.41201,-120.49359,333.67,0.39,0.36,2025-02-03,2058,N,VIIRS,n,2,289.79,3.81,D,0
35.45549,-120.62271,331,0.39,0.36,2025-02-03,2058,N,VIIRS,n,2,287.07,4.5,D,0
36.36053,-119.20081,329.68,0.39,0.36,2025-02-03,2058,N,VIIRS,n,2,277.66,3.9,D,0
35.23267,-118.92973,298.95,0.41,0.45,2025-02-04,0919,N,VIIRS,n,2,278.28,0.64,N,0
34.4283,-118.64625,305.8,0.39,0.44,2025-02-04,0920,N,VIIRS,n,2,278.71,0.83,N,2
34.33314,-118.52292,295.65,0.57,0.43,2025-02-04,0920,N,VIIRS,n,2,280.45,0.47,N,2
34.31925,-118.51408,295.29,0.57,0.43,2025-02-04,0920,N,VIIRS,n,2,280.48,0.5,N,2
34.29308,-118.80207,303.4,0.39,0.44,2025-02-04,0920,N,VIIRS,n,2,279.44,0.85,N,2
33.25024,-115.49384,347.6,0.39,0.36,2025-02-04,2039,N,VIIRS,n,2,307.25,2.64,D,0
33.24955,-115.49803,349.36,0.39,0.36,2025-02-04,2039,N,VIIRS,n,2,307.18,2.64,D,0
33.25357,-115.49459,345.76,0.39,0.36,2025-02-04,2039,N,VIIRS,n,2,306.95,3.49,D,0
33.25288,-115.4988,357.61,0.39,0.36,2025-02-04,2039,N,VIIRS,l,2,307.21,3.49,D,0
33.25621,-115.49957,348.94,0.39,0.36,2025-02-04,2039,N,VIIRS,n,2,306.52,3.49,D,0
33.80659,-115.39229,335.41,0.39,0.36,2025-02-04,2039,N,VIIRS,n,2,302.42,1.56,D,0
33.80592,-115.39647,342.35,0.39,0.36,2025-02-04,2039,N,VIIRS,n,2,302.42,1.56,D,0
33.80991,-115.39307,336.99,0.39,0.36,2025-02-04,2039,N,VIIRS,n,2,302.39,1.56,D,0
33.80924,-115.39723,340.49,0.39,0.36,2025-02-04,2039,N,VIIRS,n,2,302.55,1.56,D,0
33.81188,-115.40218,343.19,0.39,0.36,2025-02-04,2039,N,VIIRS,n,2,302.35,5.48,D,0
33.81587,-115.39878,341.06,0.39,0.36,2025-02-04,2039,N,VIIRS,n,2,302.18,6.07,D,0
33.81919,-115.39953,337.48,0.39,0.36,2025-02-04,2039,N,VIIRS,n,2,302.56,4.78,D,0
35.27212,-116.68377,348.18,0.4,0.37,2025-02-04,2039,N,VIIRS,n,2,297.6,3.17,D,0
35.8661,-119.16082,331.1,0.47,0.4,2025-02-04,2039,N,VIIRS,n,2,292.73,3.29,D,0
35.99,-119.2652,330.16,0.48,0.4,2025-02-04,2039,N,VIIRS,n,2,292.6,2.35,D,0
35.9888,-119.26744,332.02,0.48,0.4,2025-02-04,2039,N,VIIRS,n,2,293.41,3.32,D,0
36.36066,-119.20081,330.5,0.47,0.4,2025-02-04,2040,N,VIIRS,n,2,294.58,1.45,D,0
36.86776,-119.90628,331.71,0.49,0.4,2025-02-04,2040,N,VIIRS,n,2,292.83,2.87,D,0
36.87587,-119.9838,334.47,0.5,0.41,2025-02-04,2040,N,VIIRS,n,2,290.75,4.03,D,0
37.09275,-119.27085,340.51,0.46,0.39,2025-02-04,2040,N,VIIRS,n,2,277,5.86,D,0
37.09177,-119.27605,330.46,0.46,0.39,2025-02-04,2040,N,VIIRS,n,2,278.78,4.67,D,0
37.09638,-119.27151,331.07,0.46,0.39,2025-02-04,2040,N,VIIRS,n,2,277.17,3.89,D,0
34.60666,-117.33585,304.22,0.6,0.53,2025-02-05,0901,N,VIIRS,n,2,280.66,1.22,N,2
34.60609,-117.3351,304.78,0.6,0.53,2025-02-05,0901,N,VIIRS,n,2,280.07,2.05,N,2
32.85743,-117.03008,296.31,0.55,0.51,2025-02-05,0901,N,VIIRS,n,2,278.79,0.81,N,2
32.52812,-116.77964,302.8,0.53,0.5,2025-02-05,0901,N,VIIRS,n,2,280.37,1.42,N,0
32.52613,-116.78197,300.68,0.53,0.5,2025-02-05,0901,N,VIIRS,n,2,279.84,1.58,N,0
32.4519,-116.96261,310.4,0.54,0.51,2025-02-05,0901,N,VIIRS,n,2,280.31,1.54,N,0
32.45124,-116.96287,313.52,0.54,0.51,2025-02-05,0901,N,VIIRS,n,2,280.32,1.84,N,0
34.60809,-117.33425,299.6,0.64,0.72,2025-02-05,1041,N,VIIRS,n,2,278.68,1.42,N,2
36.52523,-120.01942,339.07,0.58,0.52,2025-02-05,2021,N,VIIRS,n,2,291.43,5.97,D,0
36.6419,-119.89178,329.54,0.57,0.52,2025-02-05,2021,N,VIIRS,n,2,290.02,2.26,D,0
36.793,-119.93531,327.29,0.56,0.52,2025-02-05,2021,N,VIIRS,n,2,290.86,4.42,D,0
36.70695,-120.43898,341.28,0.6,0.53,2025-02-05,2021,N,VIIRS,n,2,293.72,4.67,D,0
36.6839,-120.66232,344,0.62,0.54,2025-02-05,2021,N,VIIRS,n,2,293.15,5.94,D,0
36.70151,-120.6763,340.84,0.62,0.54,2025-02-05,2021,N,VIIRS,n,2,289.38,34.38,D,0
36.69989,-120.68295,341.01,0.62,0.54,2025-02-05,2021,N,VIIRS,n,2,295.57,38.97,D,0
36.68457,-120.66383,343.19,0.62,0.54,2025-02-05,2021,N,VIIRS,n,2,292.88,7.35,D,0
36.69732,-120.67597,349.76,0.62,0.54,2025-02-05,2021,N,VIIRS,n,2,294.32,24.44,D,0
36.69568,-120.68257,331.89,0.62,0.54,2025-02-05,2021,N,VIIRS,n,2,295.48,24.44,D,0
37.0713,-120.24808,342.57,0.58,0.52,2025-02-05,2021,N,VIIRS,n,2,288.2,5.35,D,0
37.12187,-120.14307,331.06,0.57,0.52,2025-02-05,2021,N,VIIRS,n,2,289.64,4.54,D,0
36.69711,-120.68356,367,0.6,0.71,2025-02-05,2202,N,VIIRS,h,2,294.11,14.26,D,0
36.69731,-120.67623,338.35,0.6,0.71,2025-02-05,2202,N,VIIRS,n,2,289.99,14.26,D,0
36.74069,-120.0335,325.64,0.65,0.73,2025-02-05,2202,N,VIIRS,n,2,287.98,1.12,D,0
36.7415,-120.03371,327.91,0.65,0.73,2025-02-05,2202,N,VIIRS,n,2,287.57,2,D,0
34.60833,-117.33773,303.03,0.56,0.69,2025-02-06,0842,N,VIIRS,n,2,280.84,1.1,N,2
34.60825,-117.33546,298.33,0.56,0.69,2025-02-06,0842,N,VIIRS,n,2,280.3,1.53,N,2
36.27492,-120.11983,300.62,0.47,0.47,2025-02-06,1022,N,VIIRS,n,2,278.05,1.19,N,0
34.60639,-117.33659,318.47,0.36,0.57,2025-02-06,1022,N,VIIRS,n,2,281.85,1.53,N,2
35.06165,-119.15465,327.58,0.51,0.66,2025-02-06,2002,N,VIIRS,n,2,283.33,4.98,D,0
36.54191,-120.44807,326.73,0.54,0.68,2025-02-06,2002,N,VIIRS,n,2,282.35,7.19,D,0
36.54782,-120.45092,354.89,0.54,0.68,2025-02-06,2002,N,VIIRS,n,2,283.25,7.19,D,0
36.54617,-120.45667,341.08,0.54,0.68,2025-02-06,2002,N,VIIRS,n,2,283.02,7.19,D,0
36.54529,-120.44947,351.68,0.54,0.68,2025-02-06,2002,N,VIIRS,n,2,283.06,16.98,D,0
36.54362,-120.45512,357.11,0.54,0.68,2025-02-06,2002,N,VIIRS,l,2,283.9,14.23,D,0
35.07425,-119.33002,298.26,0.48,0.4,2025-02-07,1003,N,VIIRS,n,2,284.53,1.63,N,0
34.60962,-117.33549,297.59,0.4,0.44,2025-02-07,1003,N,VIIRS,n,2,280.79,0.5,N,2
35.29315,-118.89494,332.47,0.43,0.46,2025-02-07,2123,N,VIIRS,n,2,287.96,4.15,D,0
35.72609,-119.26207,333.46,0.42,0.45,2025-02-07,2123,N,VIIRS,n,2,289.76,3.87,D,0
35.74342,-118.97723,307.18,0.38,0.36,2025-02-08,0944,N,VIIRS,n,2,275.17,0.84,N,0
35.23136,-118.93007,296.5,0.38,0.36,2025-02-08,0945,N,VIIRS,n,2,277.34,0.51,N,0
34.62139,-117.10003,302.11,0.4,0.37,2025-02-08,0945,N,VIIRS,n,2,273.43,1.05,N,2
34.42946,-118.64641,311.03,0.38,0.36,2025-02-08,0945,N,VIIRS,n,2,278.4,1.36,N,2
34.33501,-118.52093,309.87,0.39,0.36,2025-02-08,0945,N,VIIRS,n,2,271.34,0.96,N,2
34.31981,-118.51151,295.72,0.39,0.36,2025-02-08,0945,N,VIIRS,n,2,272.49,0.27,N,2
34.24403,-118.38232,297.12,0.39,0.36,2025-02-08,0945,N,VIIRS,n,2,273.33,0.23,N,2
34.29145,-118.80054,307.03,0.38,0.36,2025-02-08,0945,N,VIIRS,n,2,276.49,0.98,N,2
34.1523,-118.1944,306.44,0.39,0.36,2025-02-08,0945,N,VIIRS,n,2,271.21,0.64,N,2
33.71763,-117.7121,296.84,0.4,0.37,2025-02-08,0945,N,VIIRS,n,2,280.18,0.57,N,2
32.85682,-117.03006,304.17,0.42,0.37,2025-02-08,0945,N,VIIRS,n,2,271.36,0.95,N,2
35.80416,-119.22775,330.53,0.41,0.37,2025-02-08,2104,N,VIIRS,n,2,286.27,2.85,D,0
36.38981,-119.86235,334.86,0.4,0.37,2025-02-08,2105,N,VIIRS,n,2,294.22,9.29,D,0
37.08241,-121.92541,327.79,0.38,0.36,2025-02-08,2105,N,VIIRS,n,2,284.59,1.32,D,0
36.65828,-119.95002,306.43,0.4,0.44,2025-02-09,0925,N,VIIRS,n,2,272,1.17,N,0
36.66889,-120.4873,306.1,0.43,0.46,2025-02-09,0925,N,VIIRS,n,2,274.11,0.84,N,0
36.66978,-120.4883,306.94,0.42,0.46,2025-02-09,0925,N,VIIRS,n,2,274.49,1.01,N,0
36.35704,-120.25786,316.59,0.41,0.45,2025-02-09,0925,N,VIIRS,n,2,276.6,2.38,N,0
34.33577,-118.5181,298.88,0.48,0.4,2025-02-09,0926,N,VIIRS,n,2,265.09,1.08,N,2
34.29306,-118.80212,305.83,0.5,0.41,2025-02-09,0926,N,VIIRS,n,2,280.56,1.47,N,2
34.24236,-118.3836,297.36,0.48,0.4,2025-02-09,0926,N,VIIRS,n,2,277.41,0.64,N,2
34.15179,-118.19163,315.06,0.47,0.39,2025-02-09,0926,N,VIIRS,n,2,281.3,1,N,2
33.79325,-117.47765,299.9,0.44,0.38,2025-02-09,0926,N,VIIRS,n,2,277.49,0.46,N,2
33.82102,-118.2428,296.73,0.46,0.39,2025-02-09,0926,N,VIIRS,n,2,285.71,0.74,N,2
33.81313,-118.23907,295.89,0.46,0.39,2025-02-09,0926,N,VIIRS,n,2,284.8,1.55,N,2
33.71653,-117.71346,300.36,0.44,0.39,2025-02-09,0926,N,VIIRS,n,2,281.24,0.63,N,2
33.61208,-117.8243,306.52,0.45,0.39,2025-02-09,0926,N,VIIRS,n,2,279.7,1.23,N,2
32.49547,-116.83372,326.91,0.39,0.36,2025-02-09,2045,N,VIIRS,n,2,267.22,2.11,D,0
34.03587,-117.89111,326.47,0.4,0.37,2025-02-09,2045,N,VIIRS,n,2,299.94,1.03,D,0
34.15311,-118.19427,329.51,0.41,0.37,2025-02-09,2045,N,VIIRS,n,2,298.16,1.1,D,2
34.29075,-118.80147,328.11,0.42,0.38,2025-02-09,2045,N,VIIRS,n,2,297.31,1.52,D,2
36.63963,-119.88232,326.32,0.43,0.38,2025-02-09,2046,N,VIIRS,n,2,290.03,1.79,D,0
34.33486,-118.51956,299.45,0.57,0.52,2025-02-10,0907,N,VIIRS,n,2,277.3,0.98,N,2
34.29139,-118.8002,300.77,0.59,0.53,2025-02-10,0907,N,VIIRS,n,2,276.93,0.79,N,2
34.15325,-118.19141,299.22,0.54,0.51,2025-02-10,0907,N,VIIRS,n,2,274.68,0.82,N,2
34.03769,-117.89372,296.05,0.52,0.5,2025-02-10,0907,N,VIIRS,n,2,277.18,0.15,N,0
33.79349,-117.47409,296.96,0.49,0.49,2025-02-10,0907,N,VIIRS,n,2,277.52,0.46,N,2
33.85308,-118.33369,300.58,0.55,0.51,2025-02-10,0907,N,VIIRS,n,2,284.92,1.5,N,2
33.79243,-117.47518,297.36,0.49,0.49,2025-02-10,0907,N,VIIRS,n,2,276.57,0.82,N,2
33.85286,-118.33382,300.56,0.55,0.51,2025-02-10,0907,N,VIIRS,n,2,284.79,1.48,N,2
33.61217,-117.82384,298.12,0.51,0.49,2025-02-10,0907,N,VIIRS,n,2,279.81,0.65,N,2
33.61315,-117.82384,296.23,0.51,0.49,2025-02-10,0907,N,VIIRS,n,2,279.58,0.7,N,2
32.59854,-117.01129,297.91,0.45,0.47,2025-02-10,0907,N,VIIRS,n,2,281.34,0.69,N,2
32.49621,-116.83724,303.75,0.44,0.46,2025-02-10,0908,N,VIIRS,n,2,279.01,1.42,N,0
32.49574,-116.83261,308.58,0.44,0.46,2025-02-10,0908,N,VIIRS,n,2,278.95,1.18,N,0
32.37373,-117.06779,296.24,0.45,0.47,2025-02-10,0908,N,VIIRS,n,2,280.51,0.67,N,2
32.36942,-117.06844,295.59,0.45,0.47,2025-02-10,0908,N,VIIRS,n,2,280.77,0.67,N,2
32.37241,-117.06984,308.68,0.45,0.47,2025-02-10,0908,N,VIIRS,n,2,281.34,1.22,N,2
33.85067,-118.32994,295.33,0.72,0.76,2025-02-10,1047,N,VIIRS,n,2,282.03,1.13,N,2
34.41018,-118.958,353.65,0.47,0.48,2025-02-10,2026,N,VIIRS,n,2,292.87,15.3,D,0
36.7466,-118.97832,333.88,0.42,0.45,2025-02-10,2027,N,VIIRS,n,2,278.63,4.82,D,0
36.26712,-121.33352,326.88,0.57,0.52,2025-02-10,2027,N,VIIRS,n,2,289.12,5.38,D,0
36.27177,-121.33517,341.71,0.57,0.52,2025-02-10,2027,N,VIIRS,n,2,291.86,5.38,D,0
36.89726,-121.45997,326.28,0.56,0.51,2025-02-10,2027,N,VIIRS,n,2,291.35,2.01,D,0
33.85183,-118.33143,295.04,0.51,0.66,2025-02-11,0848,N,VIIRS,n,2,282.07,1.86,N,2
35.23373,-118.92757,296.33,0.35,0.56,2025-02-11,1028,N,VIIRS,n,2,271.9,0.42,N,0
33.76535,-117.57635,334.64,0.37,0.58,2025-02-11,2007,N,VIIRS,n,2,283.23,3.59,D,0
34.40445,-118.97116,337.25,0.42,0.61,2025-02-11,2008,N,VIIRS,n,2,283.83,3.78,D,0
35.84417,-119.1527,335.39,0.4,0.6,2025-02-11,2008,N,VIIRS,n,2,287.89,2.71,D,0
35.84345,-119.15197,335.34,0.4,0.6,2025-02-11,2008,N,VIIRS,n,2,288.08,2.56,D,0
35.55873,-120.33203,333.14,0.47,0.64,2025-02-11,2008,N,VIIRS,n,2,292.31,3.84,D,0
37.18741,-120.59866,337.35,0.44,0.62,2025-02-11,2009,N,VIIRS,n,2,288.16,3.65,D,0
35.56638,-120.32986,338.93,0.41,0.61,2025-02-11,2149,N,VIIRS,n,2,273.37,3.04,D,0
35.57203,-120.33032,339.31,0.41,0.61,2025-02-11,2149,N,VIIRS,n,2,273.73,3.04,D,0
35.9271,-119.29627,328.85,0.47,0.39,2025-02-14,0932,N,VIIRS,n,2,281.53,4.65,N,0
34.82009,-118.74866,296.97,0.43,0.38,2025-02-14,0932,N,VIIRS,n,2,277.64,0.51,N,2
32.37129,-117.06849,325.32,0.38,0.36,2025-02-14,2051,N,VIIRS,n,2,293.88,1.91,D,2
33.55609,-114.91344,344.3,0.42,0.38,2025-02-14,2051,N,VIIRS,n,2,303.06,5.64,D,0
36.27632,-120.12128,331.76,0.4,0.37,2025-02-14,2052,N,VIIRS,n,2,286.3,2.71,D,0
36.53169,-119.58403,333.44,0.39,0.36,2025-02-14,2052,N,VIIRS,n,2,279.83,3.04,D,0
34.42856,-118.64772,296.85,0.47,0.48,2025-02-15,0913,N,VIIRS,n,2,274.12,0.45,N,2
34.15115,-118.19358,302.19,0.44,0.46,2025-02-15,0913,N,VIIRS,n,2,273.89,0.65,N,2
34.15372,-118.1944,307.24,0.44,0.46,2025-02-15,0913,N,VIIRS,n,2,273.85,1.01,N,2
33.79348,-117.47432,302.55,0.4,0.44,2025-02-15,0913,N,VIIRS,n,2,278.34,0.73,N,2
33.71577,-117.71067,299.61,0.41,0.45,2025-02-15,0913,N,VIIRS,n,2,278.29,0.77,N,2
33.61224,-117.82542,297.26,0.42,0.45,2025-02-15,0914,N,VIIRS,n,2,277.69,0.54,N,2
33.49281,-117.618,295.58,0.41,0.45,2025-02-15,0914,N,VIIRS,n,2,278.6,0.6,N,2
32.85653,-117.02843,297.88,0.56,0.43,2025-02-15,0914,N,VIIRS,n,2,279.6,1.15,N,2
32.85783,-117.14564,296.6,0.57,0.43,2025-02-15,0914,N,VIIRS,n,2,277.6,0.3,N,2
32.37245,-117.06767,304.68,0.55,0.43,2025-02-15,0914,N,VIIRS,n,2,282.08,1.3,N,2
33.81972,-118.24336,300.36,0.41,0.61,2025-02-16,0855,N,VIIRS,n,2,286,1.43,N,2
33.81375,-118.23929,295.84,0.41,0.61,2025-02-16,0855,N,VIIRS,n,2,285.1,1.09,N,2
33.71808,-117.7111,295.26,0.38,0.59,2025-02-16,0855,N,VIIRS,n,2,281.06,0.47,N,2
32.59716,-117.012,295.23,0.34,0.56,2025-02-16,0855,N,VIIRS,n,2,276.46,0.35,N,2
32.49451,-116.83422,317.67,0.33,0.56,2025-02-16,0855,N,VIIRS,n,2,266.03,1.31,N,0
34.15454,-118.1905,301.01,0.49,0.65,2025-02-16,1035,N,VIIRS,n,2,279.79,1.25,N,2
34.154,-118.19418,295.39,0.49,0.65,2025-02-16,1035,N,VIIRS,n,2,280.22,0.88,N,2
34.29292,-118.79955,296.01,0.45,0.63,2025-02-16,1035,N,VIIRS,n,2,278.08,0.56,N,2
34.31252,-119.26881,295.56,0.42,0.61,2025-02-16,1035,N,VIIRS,n,2,273.09,0.29,N,0
33.85364,-118.33169,297.07,0.49,0.65,2025-02-16,1035,N,VIIRS,n,2,278.29,0.86,N,2
34.42871,-118.64627,295.86,0.5,0.49,2025-02-17,1016,N,VIIRS,n,2,275.29,0.59,N,2
34.33638,-118.5177,298.38,0.51,0.5,2025-02-17,1016,N,VIIRS,n,2,276.5,0.9,N,2
34.29102,-118.80397,299.42,0.5,0.49,2025-02-17,1016,N,VIIRS,n,2,276.41,0.81,N,2
34.1521,-118.19305,302.38,0.54,0.51,2025-02-17,1016,N,VIIRS,n,2,275.92,1.11,N,2
34.31108,-119.2674,296.44,0.47,0.48,2025-02-17,1016,N,VIIRS,n,2,280.75,0.44,N,0
32.85586,-117.02937,301.02,0.33,0.56,2025-02-17,1016,N,VIIRS,n,2,278.26,0.53,N,0
35.82544,-119.15405,302.27,0.42,0.37,2025-02-18,0957,N,VIIRS,n,2,276.94,0.57,N,0
34.6233,-117.10034,299.14,0.51,0.41,2025-02-18,0957,N,VIIRS,n,2,276.7,1.12,N,2
34.42918,-118.64268,304.06,0.45,0.39,2025-02-18,0957,N,VIIRS,n,2,278.69,0.57,N,2
34.33339,-118.51927,303.4,0.45,0.39,2025-02-18,0957,N,VIIRS,n,2,277.77,1.49,N,2
34.32091,-118.51227,298.24,0.45,0.39,2025-02-18,0957,N,VIIRS,n,2,278.92,0.61,N,2
34.24278,-118.37933,295.7,0.46,0.39,2025-02-18,0957,N,VIIRS,n,2,277.02,0.25,N,2
34.29203,-118.80418,297.21,0.44,0.39,2025-02-18,0957,N,VIIRS,n,2,275.47,0.72,N,2
34.29116,-118.7995,299.77,0.44,0.39,2025-02-18,0957,N,VIIRS,n,2,276.93,0.72,N,2
33.61443,-117.82479,298.65,0.5,0.41,2025-02-18,0957,N,VIIRS,n,2,280.81,0.73,N,2
34.62278,-117.09842,298.98,0.38,0.36,2025-02-19,0938,N,VIIRS,n,2,268.19,0.78,N,2
34.42933,-118.64664,308.85,0.39,0.36,2025-02-19,0938,N,VIIRS,n,2,274,1.15,N,2
34.33473,-118.51768,305.51,0.39,0.36,2025-02-19,0938,N,VIIRS,n,2,280.1,0.56,N,2
34.31831,-118.51075,301.71,0.39,0.36,2025-02-19,0938,N,VIIRS,n,2,280.49,0.29,N,2
34.14244,-117.42904,302.67,0.38,0.36,2025-02-19,0938,N,VIIRS,n,2,281.67,0.49,N,2
34.29226,-118.80157,315.56,0.39,0.37,2025-02-19,0938,N,VIIRS,n,2,280.22,1.48,N,2
34.15522,-118.1932,297.12,0.39,0.36,2025-02-19,0938,N,VIIRS,n,2,280.46,0.3,N,2
34.15191,-118.19395,304.77,0.39,0.36,2025-02-19,0938,N,VIIRS,n,2,282.57,0.97,N,2
34.04056,-117.82315,297.48,0.38,0.36,2025-02-19,0938,N,VIIRS,n,2,281.86,0.42,N,2
33.87632,-117.00023,295.17,0.39,0.36,2025-02-19,0938,N,VIIRS,n,2,278.37,0.45,N,2
34.03711,-118.1055,297.25,0.39,0.36,2025-02-19,0939,N,VIIRS,n,2,281.76,0.59,N,2
33.79289,-117.4744,302.77,0.38,0.36,2025-02-19,0939,N,VIIRS,n,2,280.01,0.84,N,2
33.90531,-118.40488,298.13,0.39,0.36,2025-02-19,0939,N,VIIRS,n,2,286.17,0.66,N,2
33.85469,-118.33208,301.37,0.39,0.36,2025-02-19,0939,N,VIIRS,n,2,287.87,0.98,N,2
33.85138,-118.33279,297.67,0.39,0.36,2025-02-19,0939,N,VIIRS,n,2,285.36,0.98,N,2
33.82094,-118.24481,299.19,0.39,0.36,2025-02-19,0939,N,VIIRS,n,2,285.98,1.13,N,2
33.81305,-118.23794,297.6,0.39,0.36,2025-02-19,0939,N,VIIRS,n,2,285.51,1.13,N,2
33.80375,-118.24423,297.42,0.39,0.36,2025-02-19,0939,N,VIIRS,n,2,285.87,0.77,N,0
33.71503,-117.71204,303.46,0.38,0.36,2025-02-19,0939,N,VIIRS,n,2,280.91,0.74,N,2
33.77869,-118.23683,298.7,0.39,0.36,2025-02-19,0939,N,VIIRS,n,2,286.66,0.86,N,2
33.79232,-118.3498,295.3,0.39,0.36,2025-02-19,0939,N,VIIRS,n,2,280.47,0.4,N,2
33.61328,-117.8227,311.07,0.38,0.36,2025-02-19,0939,N,VIIRS,n,2,279.84,0.86,N,2
32.85861,-117.02809,295.99,0.39,0.36,2025-02-19,0939,N,VIIRS,n,2,274.9,0.44,N,2
32.85755,-117.14752,305.29,0.39,0.36,2025-02-19,0939,N,VIIRS,n,2,279.24,0.63,N,2
32.59747,-117.01312,300.28,0.39,0.36,2025-02-19,0939,N,VIIRS,n,2,281.24,0.8,N,2
32.37214,-117.06999,295.26,0.39,0.36,2025-02-19,0939,N,VIIRS,n,2,281.57,0.72,N,2
32.37147,-117.0659,305.59,0.39,0.36,2025-02-19,0939,N,VIIRS,n,2,280.8,0.72,N,2
34.38861,-118.99259,335.19,0.38,0.36,2025-02-19,2058,N,VIIRS,n,2,299.82,1.65,D,0
34.40478,-118.95312,336.3,0.38,0.36,2025-02-19,2058,N,VIIRS,n,2,300.48,12.34,D,0
34.40557,-118.97053,333.66,0.38,0.36,2025-02-19,2058,N,VIIRS,n,2,301.26,11.96,D,0
34.43015,-119.19087,329.56,0.38,0.36,2025-02-19,2058,N,VIIRS,n,2,300,1.64,D,0
35.71962,-120.64158,328.41,0.39,0.36,2025-02-19,2058,N,VIIRS,n,2,299.41,1.79,D,0
36.57362,-119.5843,331.21,0.38,0.36,2025-02-19,2058,N,VIIRS,n,2,294.99,1.38,D,0
36.46538,-121.46764,336.97,0.4,0.37,2025-02-19,2058,N,VIIRS,n,2,291.46,3.17,D,0
36.98474,-120.39969,340.84,0.38,0.36,2025-02-19,2058,N,VIIRS,n,2,289.91,6.41,D,0
34.62276,-117.10223,295.06,0.5,0.41,2025-02-20,0919,N,VIIRS,n,2,276.74,0.74,N,2
34.43013,-118.64549,300.37,0.39,0.44,2025-02-20,0920,N,VIIRS,n,2,269.02,0.6,N,2
34.33487,-118.5193,300.53,0.38,0.44,2025-02-20,0920,N,VIIRS,n,2,269.05,0.7,N,2
34.29081,-118.80073,299.5,0.4,0.44,2025-02-20,0920,N,VIIRS,n,2,267.08,0.45,N,2
34.07917,-117.50013,298.43,0.51,0.41,2025-02-20,0920,N,VIIRS,n,2,278.94,0.96,N,2
34.15258,-118.19585,308.25,0.55,0.43,2025-02-20,0920,N,VIIRS,n,2,275.33,1.35,N,2
34.08065,-117.5006,297.79,0.51,0.41,2025-02-20,0920,N,VIIRS,n,2,279.04,1.03,N,2
34.15409,-118.19565,308.1,0.55,0.43,2025-02-20,0920,N,VIIRS,n,2,274.81,1.16,N,2
33.79324,-117.47283,295.93,0.51,0.41,2025-02-20,0920,N,VIIRS,n,2,281.52,1.1,N,2
33.85499,-118.33426,296.58,0.56,0.43,2025-02-20,0920,N,VIIRS,n,2,285.72,0.87,N,2
33.85201,-118.33022,299.28,0.56,0.43,2025-02-20,0920,N,VIIRS,n,2,286.24,2.01,N,2
33.81808,-118.24381,297.83,0.55,0.43,2025-02-20,0920,N,VIIRS,n,2,285.06,1.38,N,2
33.81347,-118.23849,296.73,0.55,0.43,2025-02-20,0920,N,VIIRS,n,2,284.4,1.59,N,2
33.7774,-118.2383,295.48,0.55,0.43,2025-02-20,0920,N,VIIRS,n,2,284.32,0.76,N,2
33.61206,-117.82603,299.58,0.52,0.42,2025-02-20,0920,N,VIIRS,n,2,280.01,0.56,N,2
32.85855,-117.0302,303.16,0.47,0.4,2025-02-20,0920,N,VIIRS,n,2,280.18,1.08,N,2
32.59687,-117.01053,303.58,0.47,0.4,2025-02-20,0920,N,VIIRS,n,2,281.81,0.87,N,0
32.49854,-116.78935,305.02,0.46,0.39,2025-02-20,0920,N,VIIRS,n,2,281.85,0.6,N,2
32.37064,-117.06934,304.07,0.47,0.4,2025-02-20,0920,N,VIIRS,n,2,283.91,1.14,N,2
33.04325,-115.62765,350.3,0.4,0.37,2025-02-20,2038,N,VIIRS,n,2,306.77,4.93,D,0
35.73525,-120.57199,332.65,0.55,0.43,2025-02-20,2039,N,VIIRS,n,2,297.56,3.26,D,0
36.25087,-121.21655,340.23,0.39,0.44,2025-02-20,2040,N,VIIRS,n,2,295.83,3.77,D,0
36.44478,-121.44479,325.37,0.39,0.44,2025-02-20,2040,N,VIIRS,n,2,292.13,1.33,D,0
36.46568,-121.46491,328.29,0.39,0.44,2025-02-20,2040,N,VIIRS,n,2,295.57,2.09,D,0
36.79314,-120.20184,329.92,0.51,0.41,2025-02-20,2040,N,VIIRS,n,2,292.85,5.83,D,0
34.42979,-118.64611,304.57,0.36,0.57,2025-02-21,0901,N,VIIRS,n,2,282.17,0.77,N,2
34.33535,-118.52055,308.2,0.35,0.57,2025-02-21,0901,N,VIIRS,n,2,282.42,0.41,N,2
34.32061,-118.51286,297.97,0.35,0.57,2025-02-21,0901,N,VIIRS,n,2,282.28,0.18,N,2
34.29237,-118.80121,303.9,0.37,0.58,2025-02-21,0901,N,VIIRS,n,2,285.11,0.61,N,2
34.15466,-118.19249,301.94,0.34,0.56,2025-02-21,0901,N,VIIRS,n,2,281.73,0.68,N,2
33.97866,-117.40395,299.11,0.6,0.53,2025-02-21,0901,N,VIIRS,n,2,282.35,1.14,N,0
33.97371,-117.40449,312.68,0.6,0.53,2025-02-21,0901,N,VIIRS,n,2,280.89,1.14,N,0
33.71578,-117.71379,296.73,0.63,0.54,2025-02-21,0901,N,VIIRS,n,2,281.12,0.81,N,2
33.71635,-117.71329,296.45,0.63,0.54,2025-02-21,0901,N,VIIRS,n,2,281.19,0.64,N,2
34.33594,-118.51714,296.59,0.56,0.69,2025-02-21,1041,N,VIIRS,n,2,281.31,0.53,N,2
34.29325,-118.80128,299.45,0.54,0.68,2025-02-21,1041,N,VIIRS,n,2,283.95,0.67,N,2
34.28957,-118.80283,298.04,0.55,0.68,2025-02-21,1041,N,VIIRS,n,2,284.69,0.67,N,2
33.70564,-115.43369,336.76,0.38,0.44,2025-02-21,2020,N,VIIRS,n,2,304.33,1.39,D,0
34.84139,-119.46092,343.89,0.6,0.53,2025-02-21,2020,N,VIIRS,n,2,286.61,14.81,D,0
34.84357,-119.46173,339.88,0.6,0.53,2025-02-21,2020,N,VIIRS,n,2,285.19,9.89,D,0
34.84183,-119.46893,338.15,0.6,0.53,2025-02-21,2020,N,VIIRS,n,2,285.93,6.64,D,0
34.79407,-120.18495,326.49,0.33,0.55,2025-02-21,2020,N,VIIRS,n,2,292.34,1.05,D,0
36.25386,-121.22488,347.85,0.34,0.56,2025-02-21,2021,N,VIIRS,n,2,281.33,6.11,D,0
36.4321,-121.42168,337.46,0.35,0.56,2025-02-21,2021,N,VIIRS,n,2,287.24,2.84,D,0
36.4417,-121.44951,331.47,0.35,0.57,2025-02-21,2021,N,VIIRS,n,2,284.95,1.84,D,0
36.4424,-121.44998,332.2,0.35,0.57,2025-02-21,2021,N,VIIRS,n,2,285.24,1.69,D,0
33.85066,-118.33382,298.93,0.64,0.72,2025-02-22,0842,N,VIIRS,n,2,284.97,1.64,N,2
36.68177,-120.47134,309.31,0.44,0.46,2025-02-22,1022,N,VIIRS,n,2,272.53,1.34,N,0
34.62138,-117.09943,303.5,0.37,0.58,2025-02-22,1022,N,VIIRS,n,2,278.88,1.49,N,2
34.35272,-116.85201,295.83,0.38,0.59,2025-02-22,1022,N,VIIRS,n,2,275.28,1.11,N,2
34.43006,-118.64256,299.59,0.61,0.53,2025-02-22,1022,N,VIIRS,n,2,278.2,0.69,N,2
34.33593,-118.5158,297.92,0.62,0.54,2025-02-22,1022,N,VIIRS,n,2,281.93,0.67,N,2
34.15131,-118.19164,312.26,0.33,0.55,2025-02-22,1022,N,VIIRS,n,2,283.59,1.2,N,2
34.29416,-118.80347,295.21,0.6,0.53,2025-02-22,1022,N,VIIRS,n,2,281.01,0.73,N,2
33.79493,-117.47369,299.44,0.37,0.58,2025-02-22,1022,N,VIIRS,n,2,281.69,0.55,N,2
33.71717,-117.71015,300.72,0.36,0.57,2025-02-22,1022,N,VIIRS,n,2,279.93,0.43,N,2
33.85396,-118.33224,305.62,0.33,0.55,2025-02-22,1022,N,VIIRS,n,2,288.82,1.28,N,2
33.61174,-117.82236,302.65,0.35,0.57,2025-02-22,1022,N,VIIRS,n,2,280.57,0.5,N,2
33.49244,-117.61593,295.38,0.37,0.58,2025-02-22,1022,N,VIIRS,n,2,281.7,0.29,N,2
32.50428,-116.948,314.03,0.42,0.61,2025-02-22,1023,N,VIIRS,n,2,282.8,1.04,N,0
34.45649,-117.04077,367,0.41,0.6,2025-02-22,2001,N,VIIRS,h,2,303.48,5.87,D,0
34.4557,-117.03972,339.6,0.41,0.6,2025-02-22,2001,N,VIIRS,n,2,302.42,6.76,D,0
36.71355,-121.76736,295.95,0.39,0.36,2025-02-23,1003,N,VIIRS,n,2,279.22,0.4,N,0
35.23211,-118.92724,301.61,0.49,0.4,2025-02-23,1003,N,VIIRS,n,2,277.96,0.82,N,0
34.62138,-117.10283,300.22,0.41,0.45,2025-02-23,1003,N,VIIRS,n,2,278.93,1.18,N,2
34.62047,-117.09858,301.33,0.41,0.45,2025-02-23,1003,N,VIIRS,n,2,278.98,1.18,N,2
34.35529,-116.85051,300.22,0.43,0.46,2025-02-23,1003,N,VIIRS,n,2,279.89,0.49,N,2
34.43164,-118.64423,300.57,0.52,0.41,2025-02-23,1003,N,VIIRS,n,2,279.09,0.81,N,2
34.33475,-118.51965,309.21,0.53,0.42,2025-02-23,1003,N,VIIRS,n,2,282.55,1.48,N,2
34.33681,-118.5201,303.57,0.53,0.42,2025-02-23,1003,N,VIIRS,n,2,282.71,0.83,N,2
34.31936,-118.51284,299.94,0.53,0.42,2025-02-23,1003,N,VIIRS,n,2,283,0.29,N,2
34.29369,-118.80196,297.98,0.51,0.41,2025-02-23,1003,N,VIIRS,n,2,281.11,0.63,N,2
34.28993,-118.80293,296.47,0.51,0.41,2025-02-23,1003,N,VIIRS,n,2,281.52,0.63,N,2
34.15335,-118.19387,310.92,0.55,0.43,2025-02-23,1003,N,VIIRS,n,2,283.18,1.77,N,2
34.15417,-118.19431,315.86,0.55,0.43,2025-02-23,1004,N,VIIRS,n,2,282.97,1.62,N,2
34.04121,-117.82315,296.52,0.38,0.44,2025-02-23,1004,N,VIIRS,n,2,282.69,0.51,N,2
34.03411,-118.10408,295.07,0.56,0.43,2025-02-23,1004,N,VIIRS,n,2,281.64,0.56,N,2
33.79394,-117.47405,306.45,0.4,0.45,2025-02-23,1004,N,VIIRS,n,2,281.35,0.87,N,2
33.85242,-118.33279,301.67,0.55,0.43,2025-02-23,1004,N,VIIRS,n,2,287.9,1.55,N,2
33.85263,-118.33362,303.91,0.55,0.43,2025-02-23,1004,N,VIIRS,n,2,288.32,1.81,N,2
33.71702,-117.70906,304.73,0.4,0.44,2025-02-23,1004,N,VIIRS,n,2,282.71,0.44,N,2
33.81817,-118.24388,296.19,0.56,0.43,2025-02-23,1004,N,VIIRS,n,2,285.92,1.49,N,2
33.61383,-117.8218,305,0.39,0.44,2025-02-23,1004,N,VIIRS,n,2,282.81,0.86,N,2
33.49069,-117.61559,302.46,0.4,0.44,2025-02-23,1004,N,VIIRS,n,2,280.9,0.68,N,2
32.49498,-116.83035,342.78,0.52,0.5,2025-02-23,2122,N,VIIRS,n,2,308.37,17.23,D,0
32.49763,-116.83391,349.81,0.52,0.5,2025-02-23,2122,N,VIIRS,n,2,315.2,35.97,D,0
33.20113,-115.54649,343.02,0.63,0.54,2025-02-23,2122,N,VIIRS,n,2,306.23,15.88,D,0
33.20059,-115.55331,340.45,0.63,0.54,2025-02-23,2122,N,VIIRS,n,2,313.73,15.88,D,0
33.20563,-115.55385,343.26,0.63,0.54,2025-02-23,2122,N,VIIRS,n,2,311.55,12.96,D,0
36.93367,-121.36589,328.17,0.51,0.41,2025-02-23,2124,N,VIIRS,n,2,295.02,0.85,D,0
34.62153,-117.1011,320.03,0.4,0.37,2025-02-24,0945,N,VIIRS,n,2,286.02,2.2,N,2
34.35354,-116.85305,307.73,0.41,0.37,2025-02-24,0945,N,VIIRS,n,2,283.12,1.33,N,2
34.56584,-118.15281,296.61,0.39,0.36,2025-02-24,0945,N,VIIRS,n,2,277.54,0.22,N,0
34.431,-118.64324,304.1,0.38,0.36,2025-02-24,0945,N,VIIRS,n,2,282.89,0.46,N,2
34.33593,-118.51907,306.38,0.38,0.36,2025-02-24,0945,N,VIIRS,n,2,285.7,0.75,N,2
34.33263,-118.51984,295.83,0.38,0.36,2025-02-24,0945,N,VIIRS,n,2,284.81,0.26,N,2
34.14315,-117.42899,307.17,0.4,0.37,2025-02-24,0945,N,VIIRS,n,2,283.1,0.63,N,2
34.3187,-118.51273,297.66,0.39,0.36,2025-02-24,0945,N,VIIRS,n,2,283.41,0.43,N,2
34.24246,-118.37954,296.32,0.39,0.36,2025-02-24,0945,N,VIIRS,n,2,282.16,0.44,N,2
34.28999,-118.80319,300.36,0.38,0.36,2025-02-24,0945,N,VIIRS,n,2,282.02,0.72,N,2
34.48224,-120.13049,295.54,0.39,0.36,2025-02-24,0945,N,VIIRS,n,2,283.16,0.21,N,0
34.11347,-117.92334,295.35,0.39,0.36,2025-02-24,0945,N,VIIRS,n,2,283.55,0.44,N,2
34.1543,-118.19209,305.06,0.39,0.36,2025-02-24,0945,N,VIIRS,n,2,283.74,0.59,N,2
34.31231,-119.26964,303.46,0.38,0.36,2025-02-24,0945,N,VIIRS,n,2,282.47,0.5,N,0
34.0354,-117.56036,295.68,0.4,0.37,2025-02-24,0945,N,VIIRS,n,2,281.12,0.29,N,0
34.04153,-117.82277,298.29,0.39,0.36,2025-02-24,0945,N,VIIRS,n,2,283.45,0.48,N,2
33.87604,-117.00037,298.94,0.41,0.37,2025-02-24,0945,N,VIIRS,n,2,282.12,0.49,N,2
34.035,-118.10564,305.14,0.39,0.36,2025-02-24,0945,N,VIIRS,n,2,283.22,0.5,N,2
33.79251,-117.47449,309.09,0.4,0.37,2025-02-24,0945,N,VIIRS,n,2,282.35,0.87,N,2
33.90737,-118.41068,298.61,0.39,0.36,2025-02-24,0945,N,VIIRS,n,2,287.59,0.7,N,0
33.90601,-118.40238,297.31,0.39,0.36,2025-02-24,0945,N,VIIRS,n,2,287,0.92,N,0
33.85107,-118.3317,304.11,0.39,0.36,2025-02-24,0945,N,VIIRS,n,2,287.68,1.45,N,2
33.81958,-118.24416,303.15,0.39,0.36,2025-02-24,0945,N,VIIRS,n,2,288.19,1.37,N,2
33.81491,-118.23661,299.83,0.39,0.36,2025-02-24,0945,N,VIIRS,n,2,287.63,0.78,N,2
33.71709,-117.71162,305.37,0.39,0.37,2025-02-24,0945,N,VIIRS,n,2,283.94,1.15,N,2
33.77717,-118.23687,299.33,0.39,0.36,2025-02-24,0945,N,VIIRS,n,2,288.19,0.62,N,2
33.79232,-118.34991,301.24,0.39,0.36,2025-02-24,0945,N,VIIRS,n,2,282.12,0.48,N,2
33.73568,-118.27162,295.01,0.39,0.36,2025-02-24,0945,N,VIIRS,n,2,284.29,0.29,N,0
33.61295,-117.82333,308.72,0.39,0.36,2025-02-24,0945,N,VIIRS,n,2,282.47,1.12,N,2
32.8569,-117.02813,306.35,0.41,0.37,2025-02-24,0945,N,VIIRS,n,2,280.24,1.03,N,2
32.85644,-117.14667,299.48,0.41,0.37,2025-02-24,0945,N,VIIRS,n,2,276.95,0.87,N,2
32.52628,-116.7783,328.06,0.42,0.38,2025-02-24,0945,N,VIIRS,n,2,280.03,2.59,N,0
32.37038,-117.06673,306.77,0.42,0.37,2025-02-24,0945,N,VIIRS,n,2,278.19,1.12,N,0
34.1539,-118.19256,332.53,0.42,0.38,2025-02-24,2104,N,VIIRS,n,2,304.45,2.47,D,2
34.29055,-118.80093,331.7,0.4,0.37,2025-02-24,2104,N,VIIRS,n,2,304.58,1.43,D,2
34.29087,-118.79983,333.04,0.4,0.37,2025-02-24,2104,N,VIIRS,l,2,303.44,2.54,D,2
34.33557,-118.51862,333.23,0.41,0.37,2025-02-24,2104,N,VIIRS,n,2,306.27,1.65,D,2
34.28083,-118.95022,335.11,0.4,0.37,2025-02-24,2104,N,VIIRS,n,2,301.89,5.43,D,0
34.62212,-117.10044,331.49,0.46,0.39,2025-02-24,2104,N,VIIRS,l,2,305.35,2.21,D,2
34.68315,-120.11899,333.01,0.39,0.36,2025-02-24,2104,N,VIIRS,n,2,302.94,1.63,D,0
34.82953,-119.45863,342.51,0.4,0.37,2025-02-24,2104,N,VIIRS,n,2,306.23,4.35,D,0
34.82893,-119.46289,335.58,0.39,0.37,2025-02-24,2104,N,VIIRS,l,2,305.87,4.93,D,0
34.83288,-119.45933,336.88,0.4,0.37,2025-02-24,2104,N,VIIRS,n,2,305.32,4.35,D,0
34.78517,-120.41749,335.95,0.39,0.36,2025-02-24,2104,N,VIIRS,n,2,300.91,8.74,D,0
35.50299,-120.22299,333.48,0.39,0.36,2025-02-24,2104,N,VIIRS,n,2,302,2.01,D,0
35.57182,-120.36102,346.1,0.39,0.36,2025-02-24,2104,N,VIIRS,n,2,299.28,7.19,D,0
35.74471,-120.63431,332.26,0.39,0.36,2025-02-24,2104,N,VIIRS,n,2,305.46,1.76,D,0
36.25107,-121.23034,330.33,0.38,0.36,2025-02-24,2105,N,VIIRS,n,2,291.54,1.83,D,0
36.25436,-121.2311,341.36,0.38,0.36,2025-02-24,2105,N,VIIRS,n,2,295.98,9.06,D,0
36.25831,-121.22761,334.03,0.38,0.36,2025-02-24,2105,N,VIIRS,n,2,297.05,9.06,D,0
36.25766,-121.23187,349.19,0.38,0.36,2025-02-24,2105,N,VIIRS,n,2,297.22,9.06,D,0
36.26096,-121.23264,340.71,0.38,0.36,2025-02-24,2105,N,VIIRS,n,2,291.13,4.4,D,0
36.26031,-121.23689,347.89,0.38,0.36,2025-02-24,2105,N,VIIRS,n,2,290.21,5.51,D,0
36.26426,-121.2334,328.2,0.38,0.36,2025-02-24,2105,N,VIIRS,n,2,290.78,4.4,D,0
36.26361,-121.23765,349.07,0.38,0.36,2025-02-24,2105,N,VIIRS,n,2,297.23,5.51,D,0
36.67252,-121.2446,335.71,0.38,0.36,2025-02-24,2105,N,VIIRS,n,2,278.12,4.42,D,0
34.62282,-117.09918,308.62,0.43,0.38,2025-02-25,0926,N,VIIRS,n,2,284.7,1.77,N,2
34.71687,-118.80055,300.79,0.51,0.41,2025-02-25,0926,N,VIIRS,n,2,281.21,1.41,N,0
34.71786,-118.80214,296.19,0.51,0.41,2025-02-25,0926,N,VIIRS,n,2,280.87,1.06,N,0
34.3554,-116.85252,301.42,0.42,0.38,2025-02-25,0926,N,VIIRS,n,2,285.13,0.85,N,2
34.43083,-118.64626,311.58,0.49,0.41,2025-02-25,0926,N,VIIRS,n,2,285.36,1.38,N,2
34.33469,-118.52129,314.2,0.49,0.4,2025-02-25,0926,N,VIIRS,n,2,285.43,1.58,N,2
34.31861,-118.51366,301.48,0.49,0.4,2025-02-25,0926,N,VIIRS,n,2,286.31,0.64,N,2
34.1414,-117.42844,301.51,0.44,0.38,2025-02-25,0926,N,VIIRS,n,2,283.56,0.74,N,2
34.29182,-118.79977,305.61,0.5,0.41,2025-02-25,0926,N,VIIRS,n,2,283.18,1.29,N,2
34.24249,-118.38363,299.7,0.48,0.4,2025-02-25,0926,N,VIIRS,n,2,282.92,0.41,N,2
34.15329,-118.1946,315.52,0.47,0.4,2025-02-25,0926,N,VIIRS,n,2,284.27,1.77,N,2
34.11573,-117.9245,297.15,0.46,0.39,2025-02-25,0926,N,VIIRS,n,2,283.78,0.62,N,2
34.03448,-118.10602,299.54,0.46,0.39,2025-02-25,0926,N,VIIRS,n,2,283.96,0.56,N,2
33.87639,-117.00036,297.8,0.42,0.38,2025-02-25,0926,N,VIIRS,n,2,281.81,0.48,N,2
33.79576,-117.47636,302.84,0.44,0.38,2025-02-25,0926,N,VIIRS,n,2,283.87,0.67,N,2
33.79225,-117.4771,298.09,0.44,0.38,2025-02-25,0926,N,VIIRS,n,2,283.16,0.67,N,2
33.79218,-117.47446,302.89,0.44,0.38,2025-02-25,0926,N,VIIRS,n,2,282.61,1.17,N,2
33.90523,-118.40411,297.85,0.48,0.4,2025-02-25,0926,N,VIIRS,n,2,287.2,0.79,N,2
33.85103,-118.32986,296.47,0.47,0.4,2025-02-25,0926,N,VIIRS,n,2,286.46,0.87,N,2
33.81351,-118.2378,298.7,0.47,0.4,2025-02-25,0926,N,VIIRS,n,2,287.88,1.35,N,2
33.71413,-117.70956,308.08,0.45,0.39,2025-02-25,0926,N,VIIRS,n,2,283.04,1.32,N,2
33.71595,-117.71084,313.26,0.45,0.39,2025-02-25,0926,N,VIIRS,n,2,283.89,1.32,N,2
33.61172,-117.82207,307.42,0.45,0.39,2025-02-25,0926,N,VIIRS,n,2,282.22,1.22,N,2
33.49089,-117.61918,302.69,0.44,0.38,2025-02-25,0926,N,VIIRS,n,2,282.36,0.65,N,2
33.49155,-117.61604,303.3,0.44,0.38,2025-02-25,0926,N,VIIRS,n,2,282.48,0.96,N,2
32.85802,-117.02917,306.41,0.42,0.37,2025-02-25,0926,N,VIIRS,n,2,282.17,0.97,N,2
32.85686,-117.14867,306.27,0.42,0.38,2025-02-25,0926,N,VIIRS,n,2,280.87,0.54,N,2
32.35034,-116.59275,313.41,0.4,0.37,2025-02-25,0926,N,VIIRS,n,2,284.01,1.39,N,0
33.21101,-117.17688,349.04,0.4,0.37,2025-02-25,2045,N,VIIRS,n,2,304.72,3.93,D,0
33.71607,-116.1463,345.68,0.38,0.36,2025-02-25,2045,N,VIIRS,n,2,318.7,3.94,D,0
33.96655,-117.65837,335.17,0.4,0.37,2025-02-25,2045,N,VIIRS,l,2,307.77,2.28,D,0
34.17604,-117.34699,335.89,0.39,0.37,2025-02-25,2045,N,VIIRS,n,2,308.53,1.4,D,0
34.43335,-117.37839,335.88,0.39,0.36,2025-02-25,2045,N,VIIRS,n,2,304.6,1.16,D,0
34.50935,-117.3872,341.74,0.39,0.36,2025-02-25,2045,N,VIIRS,n,2,307.33,1.99,D,0
34.51268,-117.388,342.13,0.39,0.36,2025-02-25,2045,N,VIIRS,n,2,306.91,1.99,D,0
34.55,-117.46682,349.65,0.39,0.37,2025-02-25,2045,N,VIIRS,n,2,308.09,2.44,D,0
34.92513,-118.32716,342.2,0.41,0.37,2025-02-25,2045,N,VIIRS,n,2,307.1,3.09,D,0
34.92438,-118.33158,356.47,0.41,0.37,2025-02-25,2045,N,VIIRS,n,2,307.35,3.09,D,0
34.92363,-118.33601,335.91,0.41,0.37,2025-02-25,2045,N,VIIRS,l,2,307.06,3.04,D,0
34.92852,-118.328,347.43,0.41,0.37,2025-02-25,2045,N,VIIRS,n,2,306.68,3.09,D,0
34.92777,-118.33241,354.48,0.41,0.37,2025-02-25,2045,N,VIIRS,n,2,306.46,3.09,D,0
34.92824,-118.32685,344.69,0.41,0.37,2025-02-25,2045,N,VIIRS,n,2,307.07,10.61,D,0
34.92596,-118.34009,336.48,0.41,0.37,2025-02-25,2045,N,VIIRS,n,2,305.63,5.73,D,0
34.92748,-118.33127,356.78,0.41,0.37,2025-02-25,2045,N,VIIRS,l,2,307.49,10.61,D,0
34.92672,-118.33568,356.76,0.41,0.37,2025-02-25,2045,N,VIIRS,l,2,306.09,5.73,D,0
34.93163,-118.32767,349.93,0.41,0.37,2025-02-25,2045,N,VIIRS,n,2,307.74,10.61,D,0
34.92935,-118.3409,343,0.41,0.37,2025-02-25,2045,N,VIIRS,n,2,306.27,5.73,D,0
34.92859,-118.34532,334.94,0.41,0.37,2025-02-25,2045,N,VIIRS,l,2,306.89,2.31,D,0
34.93087,-118.3321,356.93,0.41,0.37,2025-02-25,2045,N,VIIRS,l,2,307.89,10.61,D,0
34.93349,-118.33732,350,0.41,0.37,2025-02-25,2045,N,VIIRS,n,2,305.01,3.59,D,0
34.93839,-118.32934,342.24,0.41,0.37,2025-02-25,2045,N,VIIRS,n,2,311.46,91.33,D,0
34.93687,-118.33813,337.85,0.41,0.37,2025-02-25,2045,N,VIIRS,n,2,306.44,3.59,D,0
34.94177,-118.33015,343,0.41,0.37,2025-02-25,2045,N,VIIRS,n,2,311.12,19.53,D,0
34.94101,-118.33456,346.08,0.41,0.37,2025-02-25,2045,N,VIIRS,n,2,307.23,19.53,D,0
34.94026,-118.33896,335.29,0.41,0.37,2025-02-25,2045,N,VIIRS,l,2,306.75,2.78,D,0
34.9444,-118.33538,337.59,0.41,0.37,2025-02-25,2045,N,VIIRS,n,2,306.56,19.53,D,0
35.57755,-120.35995,335.04,0.47,0.39,2025-02-25,2045,N,VIIRS,n,2,294.79,4.01,D,0
36.26106,-121.22151,350.73,0.49,0.41,2025-02-25,2046,N,VIIRS,n,2,304.48,20.11,D,0
36.26004,-121.22688,346.41,0.49,0.41,2025-02-25,2046,N,VIIRS,n,2,302.68,20.11,D,0
36.26472,-121.22268,347.11,0.49,0.41,2025-02-25,2046,N,VIIRS,n,2,299.76,20.11,D,0
36.25825,-121.22294,329.1,0.49,0.41,2025-02-25,2046,N,VIIRS,n,2,297.96,1.83,D,0
36.26295,-121.21876,331.35,0.49,0.4,2025-02-25,2046,N,VIIRS,n,2,296.31,28.4,D,0
36.2619,-121.2241,351.21,0.49,0.41,2025-02-25,2046,N,VIIRS,n,2,309.78,28.4,D,0
37.17517,-120.78221,345.02,0.46,0.39,2025-02-25,2046,N,VIIRS,n,2,299.99,17.58,D,0
37.17421,-120.78732,340.48,0.46,0.39,2025-02-25,2046,N,VIIRS,n,2,315.39,34.48,D,0
37.17777,-120.78836,356.64,0.46,0.39,2025-02-25,2046,N,VIIRS,n,2,300.44,34.48,D,0
34.6209,-117.1015,299.11,0.48,0.48,2025-02-26,0907,N,VIIRS,n,2,282.62,1.06,N,2
34.43013,-118.64565,299.38,0.59,0.53,2025-02-26,0907,N,VIIRS,n,2,282.35,1.21,N,2
34.33623,-118.51808,300.95,0.58,0.52,2025-02-26,0907,N,VIIRS,n,2,284.81,1.07,N,2
34.29243,-118.8019,300.48,0.6,0.53,2025-02-26,0907,N,VIIRS,n,2,283.91,0.82,N,2
34.14178,-117.42647,297.38,0.5,0.49,2025-02-26,0907,N,VIIRS,n,2,283.05,0.4,N,2
34.15525,-118.19223,300.01,0.55,0.51,2025-02-26,0907,N,VIIRS,n,2,282.95,0.69,N,2
34.15057,-118.19354,298.81,0.55,0.51,2025-02-26,0907,N,VIIRS,n,2,284.13,0.82,N,2
34.03971,-117.8233,295.86,0.52,0.5,2025-02-26,0907,N,VIIRS,n,2,282.61,0.47,N,2
33.79458,-117.47427,300.79,0.5,0.49,2025-02-26,0907,N,VIIRS,n,2,284.48,1.09,N,2
33.71472,-117.70901,296.52,0.51,0.49,2025-02-26,0907,N,VIIRS,n,2,282.66,0.96,N,2
33.71542,-117.7093,302.17,0.51,0.49,2025-02-26,0907,N,VIIRS,n,2,282.79,0.66,N,2
33.61436,-117.82553,297.57,0.52,0.5,2025-02-26,0907,N,VIIRS,n,2,280.83,0.52,N,2
32.52818,-116.77994,334.43,0.44,0.46,2025-02-26,0907,N,VIIRS,n,2,283.93,2.16,N,0
32.52393,-116.78069,301.67,0.44,0.46,2025-02-26,0907,N,VIIRS,n,2,282.32,2.16,N,0
32.50969,-116.76868,323.84,0.44,0.46,2025-02-26,0907,N,VIIRS,n,2,281.81,2.29,N,2
32.49453,-116.83299,300.32,0.44,0.46,2025-02-26,0907,N,VIIRS,n,2,282.69,0.67,N,0
32.3507,-116.59532,308.78,0.43,0.46,2025-02-26,0907,N,VIIRS,n,2,283.89,0.96,N,0
33.20625,-115.5596,367,0.5,0.41,2025-02-26,2026,N,VIIRS,h,2,325.23,27.25,D,0
33.20727,-115.55428,348.75,0.5,0.41,2025-02-26,2026,N,VIIRS,n,2,320.08,30.62,D,0
33.21099,-115.55527,354.33,0.5,0.41,2025-02-26,2026,N,VIIRS,l,2,330.25,30.62,D,0
33.20996,-115.56062,350.63,0.5,0.41,2025-02-26,2026,N,VIIRS,l,2,327.2,27.25,D,0
33.21368,-115.56161,349.67,0.5,0.41,2025-02-26,2026,N,VIIRS,n,2,314.96,6.84,D,0
34.76386,-119.42838,330.37,0.49,0.49,2025-02-26,2026,N,VIIRS,l,2,301.75,2.45,D,0
35.20223,-119.93554,340.97,0.51,0.49,2025-02-26,2027,N,VIIRS,n,2,304.02,8.17,D,0
35.20397,-119.93111,335.91,0.51,0.49,2025-02-26,2027,N,VIIRS,n,2,301.08,4.26,D,0
36.74526,-118.97213,333.88,0.42,0.45,2025-02-26,2027,N,VIIRS,n,2,288.19,3.55,D,0
36.66643,-121.26525,330.53,0.56,0.51,2025-02-26,2027,N,VIIRS,n,2,299.91,3.73,D,0
36.66726,-121.26736,334.64,0.56,0.51,2025-02-26,2027,N,VIIRS,n,2,299.34,4.03,D,0
36.70386,-121.38706,343.53,0.56,0.52,2025-02-26,2027,N,VIIRS,n,2,301.08,34.99,D,0
34.7821,-120.41588,345.55,0.73,0.76,2025-02-26,2207,N,VIIRS,n,2,303.86,12.27,D,0
34.78456,-120.41749,352.6,0.73,0.76,2025-02-26,2207,N,VIIRS,n,2,304.68,9.79,D,0
36.70335,-121.38623,367,0.66,0.73,2025-02-26,2208,N,VIIRS,h,2,298.73,12.13,D,0
34.30989,-119.26762,304.99,0.59,0.7,2025-02-27,0848,N,VIIRS,n,2,290.86,0.41,N,0
34.15337,-118.19778,297.91,0.51,0.66,2025-02-27,0848,N,VIIRS,n,2,287.18,0.48,N,2
33.85151,-118.33543,300.68,0.52,0.67,2025-02-27,0848,N,VIIRS,n,2,286.92,1.53,N,2
33.85387,-118.33572,298.34,0.52,0.67,2025-02-27,0848,N,VIIRS,n,2,287.29,1.3,N,2
33.81826,-118.2458,298.52,0.51,0.66,2025-02-27,0848,N,VIIRS,n,2,286.71,1.04,N,2
32.49981,-116.79062,301.92,0.41,0.61,2025-02-27,0848,N,VIIRS,n,2,285.96,0.53,N,2
35.28421,-118.82787,306.84,0.35,0.56,2025-02-27,1028,N,VIIRS,n,2,280.12,0.57,N,0
34.6222,-117.09933,301.13,0.45,0.63,2025-02-27,1028,N,VIIRS,n,2,283.63,1.16,N,2
34.42741,-118.64561,298.08,0.37,0.58,2025-02-27,1028,N,VIIRS,n,2,278.19,0.77,N,2
34.332,-118.51893,298.65,0.38,0.59,2025-02-27,1028,N,VIIRS,n,2,285.3,0.41,N,2
34.15239,-118.19081,304.81,0.4,0.6,2025-02-27,1028,N,VIIRS,n,2,287.22,0.67,N,2
34.29321,-118.80077,305.74,0.37,0.58,2025-02-27,1028,N,VIIRS,n,2,289.44,1.1,N,2
33.79583,-117.4753,295.04,0.45,0.63,2025-02-27,1028,N,VIIRS,n,2,283.73,0.92,N,2
33.8513,-118.33476,297.83,0.4,0.6,2025-02-27,1029,N,VIIRS,n,2,286.26,0.96,N,2
33.82144,-118.24314,298.07,0.4,0.6,2025-02-27,1029,N,VIIRS,n,2,287.68,0.67,N,2
33.61139,-117.82429,295.26,0.43,0.62,2025-02-27,1029,N,VIIRS,n,2,284.18,0.46,N,0
32.35458,-116.95881,336.04,0.37,0.58,2025-02-27,2007,N,VIIRS,n,2,300.95,2.26,D,0
32.49656,-116.83456,367,0.36,0.58,2025-02-27,2007,N,VIIRS,h,2,308.53,7.56,D,0
36.66627,-121.25445,342.98,0.37,0.58,2025-02-27,2149,N,VIIRS,n,2,306.44,3.68,D,0
36.66604,-121.25854,336.29,0.37,0.58,2025-02-27,2149,N,VIIRS,n,2,303.94,3.68,D,0
37.17985,-119.70311,303.57,0.49,0.4,2025-02-28,1009,N,VIIRS,n,2,279.65,0.66,N,0
36.75011,-118.98064,297.07,0.54,0.42,2025-02-28,1009,N,VIIRS,n,2,277.53,1.26,N,0
34.81931,-118.75111,295.19,0.4,0.44,2025-02-28,1010,N,VIIRS,n,2,277.24,0.62,N,2
34.48112,-118.89194,296.07,0.4,0.44,2025-02-28,1010,N,VIIRS,n,2,285.11,0.35,N,0
34.42904,-118.64476,307.49,0.41,0.45,2025-02-28,1010,N,VIIRS,n,2,280.11,1.37,N,2
34.33702,-118.51917,297.23,0.42,0.45,2025-02-28,1010,N,VIIRS,n,2,280.39,0.5,N,2
34.33294,-118.52041,295.12,0.42,0.45,2025-02-28,1010,N,VIIRS,n,2,278.61,0.5,N,2
34.29242,-118.802,313.19,0.41,0.45,2025-02-28,1010,N,VIIRS,n,2,286.51,1.04,N,2
34.04012,-117.82085,295.15,0.46,0.47,2025-02-28,1010,N,VIIRS,n,2,283.26,0.49,N,2
33.79321,-117.47547,297.33,0.49,0.49,2025-02-28,1010,N,VIIRS,n,2,279.44,0.83,N,2
33.71659,-117.7089,297.18,0.48,0.48,2025-02-28,1010,N,VIIRS,n,2,278.83,0.7,N,2
33.81786,-118.24374,297.64,0.44,0.46,2025-02-28,1010,N,VIIRS,n,2,284.36,0.98,N,2
32.59769,-117.00999,297.73,0.55,0.51,2025-02-28,1010,N,VIIRS,n,2,283.74,1,N,2
32.47928,-116.86854,296.39,0.56,0.52,2025-02-28,1010,N,VIIRS,n,2,279.69,0.5,N,0
36.78455,-120.35605,328.63,0.45,0.47,2025-02-28,2130,N,VIIRS,n,2,295.5,1.05,D,0
37.18275,-121.67852,296.85,0.4,0.37,2025-03-01,0950,N,VIIRS,n,2,279.2,0.51,N,2
36.96775,-120.25294,328.01,0.39,0.36,2025-03-01,0950,N,VIIRS,n,2,269.2,2.66,N,0
36.51014,-119.92474,303.7,0.38,0.36,2025-03-01,0950,N,VIIRS,n,2,280.71,0.51,N,0
34.35254,-116.8532,303.81,0.45,0.39,2025-03-01,0951,N,VIIRS,n,2,280.72,1.14,N,2
35.07999,-118.93686,335.34,0.45,0.39,2025-03-01,2110,N,VIIRS,n,2,304.15,3.3,D,0
35.07074,-119.0717,347.86,0.45,0.39,2025-03-01,2110,N,VIIRS,n,2,311.91,8.22,D,0
35.07493,-119.0674,341.75,0.45,0.39,2025-03-01,2110,N,VIIRS,n,2,309.68,12.63,D,0
35.07431,-119.07233,348.9,0.45,0.39,2025-03-01,2110,N,VIIRS,n,2,321.34,41.89,D,0
35.50484,-119.30305,332.58,0.44,0.39,2025-03-01,2110,N,VIIRS,l,2,305.98,2.64,D,0
35.48896,-120.23373,332.96,0.41,0.37,2025-03-01,2110,N,VIIRS,n,2,298.73,2.12,D,0
35.73786,-120.58134,346.36,0.41,0.37,2025-03-01,2111,N,VIIRS,n,2,302.1,3.93,D,0
36.32524,-120.27065,335.56,0.42,0.38,2025-03-01,2111,N,VIIRS,n,2,305.69,1.25,D,0
36.62326,-119.73557,334.81,0.44,0.38,2025-03-01,2111,N,VIIRS,n,2,301.49,1.25,D,0
36.78626,-120.00697,332.58,0.43,0.38,2025-03-01,2111,N,VIIRS,l,2,305.17,2.43,D,0
36.9055,-119.99868,334.22,0.43,0.38,2025-03-01,2111,N,VIIRS,n,2,303.59,2.54,D,0
36.94474,-120.17271,331.13,0.43,0.38,2025-03-01,2111,N,VIIRS,l,2,302.01,4.17,D,0
