latitude,longitude,brightness,scan,track,acq_date,acq_time,satellite,instrument,confidence,version,bright_t31,frp,daynight
34.35443,-116.85309,303.3,0.39,0.36,2025-01-01,0932,N21,VIIRS,n,2.0NRT,277.12,1.4,N
34.4299,-118.64671,297.1,0.43,0.38,2025-01-01,0932,N21,VIIRS,n,2.0NRT,264.7,0.56,N
34.14202,-117.42586,306.28,0.4,0.37,2025-01-01,0932,N21,VIIRS,n,2.0NRT,281.2,0.58,N
34.2437,-118.38141,296.45,0.42,0.38,2025-01-01,0932,N21,VIIRS,n,2.0NRT,269.38,0.57,N
34.29257,-118.80392,295.67,0.43,0.38,2025-01-01,0932,N21,VIIRS,n,2.0NRT,264.76,0.36,N
34.15178,-118.19499,310.09,0.41,0.37,2025-01-01,0932,N21,VIIRS,n,2.0NRT,280.81,1.01,N
34.07676,-118.544,296.21,0.42,0.38,2025-01-01,0932,N21,VIIRS,n,2.0NRT,280.79,0.81,N
34.07334,-118.54476,329.76,0.42,0.38,2025-01-01,0932,N21,VIIRS,n,2.0NRT,309.22,50.07,N
34.07396,-118.54937,299.47,0.42,0.38,2025-01-01,0932,N21,VIIRS,n,2.0NRT,278.89,4.16,N
34.06992,-118.54556,299.75,0.42,0.38,2025-01-01,0932,N21,VIIRS,n,2.0NRT,281,50.07,N
33.58456,-116.02528,295.56,0.38,0.36,2025-01-01,0932,N21,VIIRS,n,2.0NRT,280.28,0.71,N
33.79534,-117.47569,297.79,0.4,0.37,2025-01-01,0932,N21,VIIRS,n,2.0NRT,275.99,1.4,N
33.71655,-117.70934,300.22,0.4,0.37,2025-01-01,0934,N21,VIIRS,n,2.0NRT,274.66,0.61,N
33.10213,-116.12675,297.21,0.38,0.36,2025-01-01,0934,N21,VIIRS,n,2.0NRT,277.96,0.6,N
32.85916,-117.03027,295.96,0.39,0.36,2025-01-01,0934,N21,VIIRS,n,2.0NRT,279.54,0.65,N
32.59726,-117.01036,302.85,0.39,0.36,2025-01-01,0934,N21,VIIRS,n,2.0NRT,278.56,0.53,N
32.50963,-116.76872,310.12,0.38,0.36,2025-01-01,0934,N21,VIIRS,n,2.0NRT,277.02,0.79,N
32.4719,-116.81023,296.57,0.38,0.36,2025-01-01,0934,N21,VIIRS,n,2.0NRT,278.45,0.75,N
34.33519,-118.51933,329.86,0.39,0.36,2025-01-01,2053,N21,VIIRS,n,2.0NRT,301.65,1.66,D
34.29337,-118.8006,330.58,0.39,0.36,2025-01-01,2053,N21,VIIRS,n,2.0NRT,299.96,2.26,D
34.4315,-118.644,327.5,0.39,0.36,2025-01-01,2053,N21,VIIRS,l,2.0NRT,301.33,1.92,D
32.06999,-116.63242,333.56,0.38,0.36,2025-01-01,2053,N21,VIIRS,n,2.0NRT,302.01,2.23,D
34.33606,-118.52146,295.46,0.47,0.48,2025-01-02,0913,N21,VIIRS,n,2.0NRT,272.07,0.85,N
34.2907,-118.80236,298.8,0.48,0.48,2025-01-02,0913,N21,VIIRS,n,2.0NRT,273.13,1.05,N
34.29126,-118.79994,297.93,0.48,0.48,2025-01-02,0913,N21,VIIRS,n,2.0NRT,272.99,0.83,N
34.14033,-117.42835,295.33,0.4,0.45,2025-01-02,0913,N21,VIIRS,n,2.0NRT,279.81,0.65,N
34.03999,-117.8203,298.24,0.42,0.45,2025-01-02,0913,N21,VIIRS,n,2.0NRT,279.24,0.29,N
33.90531,-118.4039,296.06,0.45,0.47,2025-01-02,0913,N21,VIIRS,n,2.0NRT,283.63,0.96,N
33.79412,-117.47604,305.99,0.4,0.44,2025-01-02,0913,N21,VIIRS,n,2.0NRT,276.94,0.82,N
33.85476,-118.33191,296.43,0.45,0.47,2025-01-02,0913,N21,VIIRS,n,2.0NRT,283.45,1.01,N
33.82032,-118.2439,301.29,0.44,0.46,2025-01-02,0913,N21,VIIRS,n,2.0NRT,283.99,1.27,N
33.7775,-118.23768,298.17,0.44,0.46,2025-01-02,0913,N21,VIIRS,n,2.0NRT,283.99,0.97,N
33.71546,-117.71051,297.67,0.41,0.45,2025-01-02,0913,N21,VIIRS,n,2.0NRT,274.2,0.94,N
33.6114,-117.82378,300.99,0.42,0.45,2025-01-02,0913,N21,VIIRS,n,2.0NRT,279.24,0.75,N
33.49101,-117.61593,301.86,0.41,0.45,2025-01-02,0913,N21,VIIRS,n,2.0NRT,279.19,0.87,N
32.85785,-117.02716,297.12,0.56,0.43,2025-01-02,0913,N21,VIIRS,n,2.0NRT,277.73,1.03,N
32.59726,-117.01228,302.59,0.55,0.43,2025-01-02,0913,N21,VIIRS,n,2.0NRT,278.01,1.09,N
32.49692,-116.7906,303.1,0.54,0.42,2025-01-02,0913,N21,VIIRS,n,2.0NRT,280.13,0.97,N
32.49813,-116.83652,298.87,0.54,0.42,2025-01-02,0913,N21,VIIRS,n,2.0NRT,283.91,2.15,N
32.49749,-116.83083,311.37,0.54,0.42,2025-01-02,0913,N21,VIIRS,n,2.0NRT,282.81,2.41,N
32.50491,-116.7489,335.73,0.49,0.41,2025-01-02,2031,N21,VIIRS,n,2.0NRT,306.97,2.64,D
34.29167,-118.80069,327.14,0.39,0.44,2025-01-02,2033,N21,VIIRS,n,2.0NRT,300.63,1.97,D
35.88718,-120.4645,325.81,0.44,0.46,2025-01-02,2033,N21,VIIRS,n,2.0NRT,288.71,2.61,D
34.43035,-118.64549,295.27,0.45,0.63,2025-01-03,0856,N21,VIIRS,n,2.0NRT,274.77,0.76,N
34.29287,-118.80256,297.15,0.46,0.63,2025-01-03,0856,N21,VIIRS,n,2.0NRT,274.14,0.95,N
34.2898,-118.80109,297.6,0.46,0.64,2025-01-03,1036,N21,VIIRS,n,2.0NRT,275.18,1.01,N
35.56101,-120.54137,337.94,0.41,0.6,2025-01-03,2014,N21,VIIRS,n,2.0NRT,291.24,4.43,D
35.64425,-120.3784,333.37,0.4,0.6,2025-01-03,2014,N21,VIIRS,n,2.0NRT,292.78,5.77,D
34.60524,-117.33961,298.25,0.72,0.75,2025-01-04,0834,N21,VIIRS,n,2.0NRT,277.36,1.54,N
34.60591,-117.33818,301.26,0.72,0.75,2025-01-04,0834,N21,VIIRS,n,2.0NRT,278.03,2.19,N
34.3355,-118.52049,306.16,0.52,0.5,2025-01-04,1017,N21,VIIRS,n,2.0NRT,279.52,1.28,N
34.29226,-118.80014,299.01,0.5,0.49,2025-01-04,1017,N21,VIIRS,n,2.0NRT,271.69,1.05,N
33.85373,-118.33222,300.36,0.55,0.51,2025-01-04,1017,N21,VIIRS,n,2.0NRT,286.14,1.69,N
33.81905,-118.24485,295.82,0.55,0.51,2025-01-04,1017,N21,VIIRS,n,2.0NRT,285.24,2.42,N
32.42372,-116.92384,295.84,0.35,0.57,2025-01-04,1017,N21,VIIRS,n,2.0NRT,278.34,0.58,N
37.02581,-120.19563,301.26,0.39,0.36,2025-01-05,0958,N21,VIIRS,n,2.0NRT,273.89,0.87,N
34.62171,-117.09798,299.3,0.52,0.41,2025-01-05,0958,N21,VIIRS,n,2.0NRT,275.03,0.82,N
34.60629,-117.33669,311.35,0.51,0.41,2025-01-05,0958,N21,VIIRS,n,2.0NRT,274.13,2.51,N
34.35291,-116.85509,297.49,0.54,0.42,2025-01-05,0958,N21,VIIRS,n,2.0NRT,274.63,0.93,N
34.43184,-118.64561,298.29,0.45,0.39,2025-01-05,0958,N21,VIIRS,n,2.0NRT,274.37,0.81,N
34.42833,-118.64648,300.81,0.45,0.39,2025-01-05,0958,N21,VIIRS,n,2.0NRT,274.41,0.86,N
34.33504,-118.51842,309.73,0.46,0.39,2025-01-05,0958,N21,VIIRS,n,2.0NRT,279.85,1.51,N
34.31912,-118.51236,297.74,0.46,0.39,2025-01-05,0958,N21,VIIRS,n,2.0NRT,280.33,0.71,N
34.24276,-118.38293,298.51,0.46,0.39,2025-01-05,0958,N21,VIIRS,n,2.0NRT,275.56,0.49,N
34.29218,-118.80285,314.07,0.45,0.39,2025-01-05,0958,N21,VIIRS,n,2.0NRT,279.99,1.26,N
34.15216,-118.19037,300.62,0.47,0.4,2025-01-05,0958,N21,VIIRS,n,2.0NRT,275.32,0.92,N
33.79404,-117.47615,300.1,0.51,0.41,2025-01-05,0958,N21,VIIRS,n,2.0NRT,277.36,1.02,N
33.85201,-118.3296,295.36,0.47,0.4,2025-01-05,0958,N21,VIIRS,n,2.0NRT,278.62,1.69,N
33.82061,-118.24333,298.48,0.48,0.4,2025-01-05,0958,N21,VIIRS,n,2.0NRT,283.06,1.16,N
33.81511,-118.23425,295.43,0.48,0.4,2025-01-05,0958,N21,VIIRS,n,2.0NRT,279.55,1.75,N
33.71379,-117.70872,297.49,0.5,0.41,2025-01-05,0958,N21,VIIRS,n,2.0NRT,273.41,0.87,N
33.6138,-117.82133,301.33,0.5,0.41,2025-01-05,0958,N21,VIIRS,n,2.0NRT,277.85,1.21,N
33.49084,-117.61639,295.32,0.51,0.41,2025-01-05,0958,N21,VIIRS,n,2.0NRT,275.59,0.91,N
32.59805,-117.00886,295.51,0.57,0.43,2025-01-05,0958,N21,VIIRS,n,2.0NRT,277.7,0.75,N
32.49767,-116.83266,309.12,0.39,0.44,2025-01-05,0958,N21,VIIRS,n,2.0NRT,279.82,1.7,N
32.39236,-116.51988,351.23,0.44,0.46,2025-01-05,2116,N21,VIIRS,n,2.0NRT,292.2,9.97,D
32.39705,-116.51613,344.28,0.44,0.46,2025-01-05,2116,N21,VIIRS,n,2.0NRT,289.14,9.04,D
32.39661,-116.52055,347.32,0.44,0.46,2025-01-05,2116,N21,VIIRS,n,2.0NRT,294.87,44.16,D
37.02523,-120.19408,299.48,0.45,0.39,2025-01-06,0938,N21,VIIRS,n,2.0NRT,277.02,1.03,N
34.62222,-117.09855,312.37,0.38,0.36,2025-01-06,0938,N21,VIIRS,n,2.0NRT,278.95,1.03,N
34.82006,-118.74828,299.33,0.4,0.37,2025-01-06,0938,N21,VIIRS,n,2.0NRT,278.49,0.53,N
34.60886,-117.33714,302.78,0.38,0.36,2025-01-06,0938,N21,VIIRS,n,2.0NRT,277.38,1.19,N
34.43155,-118.64622,301.53,0.39,0.36,2025-01-06,0938,N21,VIIRS,n,2.0NRT,279.63,0.66,N
34.42824,-118.64696,297.77,0.39,0.36,2025-01-06,0938,N21,VIIRS,n,2.0NRT,278.75,0.66,N
34.33435,-118.51862,315.97,0.39,0.36,2025-01-06,0938,N21,VIIRS,n,2.0NRT,283.57,1.68,N
34.3199,-118.51305,305.76,0.39,0.36,2025-01-06,0938,N21,VIIRS,n,2.0NRT,282.99,0.31,N
34.24277,-118.38135,305.71,0.39,0.36,2025-01-06,0941,N21,VIIRS,n,2.0NRT,280.17,0.78,N
34.29055,-118.80098,318.23,0.39,0.37,2025-01-06,0941,N21,VIIRS,n,2.0NRT,284.35,1.48,N
34.15368,-118.19399,311.68,0.39,0.36,2025-01-06,0941,N21,VIIRS,n,2.0NRT,281.7,1.39,N
34.03893,-117.82045,296.02,0.38,0.36,2025-01-06,0941,N21,VIIRS,n,2.0NRT,280.24,0.19,N
34.10146,-118.32417,296.79,0.39,0.36,2025-01-06,0941,N21,VIIRS,n,2.0NRT,283.26,0.45,N
34.035,-118.10714,301.15,0.39,0.36,2025-01-06,0941,N21,VIIRS,n,2.0NRT,281.06,0.38,N
33.90541,-118.4025,298.24,0.39,0.36,2025-01-06,0941,N21,VIIRS,n,2.0NRT,285.73,0.75,N
33.85411,-118.3321,301.97,0.39,0.36,2025-01-06,0941,N21,VIIRS,n,2.0NRT,287.1,1.22,N
33.85082,-118.33279,299.51,0.39,0.36,2025-01-06,0941,N21,VIIRS,n,2.0NRT,285.97,1.22,N
33.82032,-118.24399,305.43,0.39,0.36,2025-01-06,0941,N21,VIIRS,n,2.0NRT,287.56,1.59,N
33.81578,-118.23643,298.1,0.39,0.36,2025-01-06,0941,N21,VIIRS,n,2.0NRT,283.84,1.13,N
33.71493,-117.71017,302.46,0.38,0.36,2025-01-06,0941,N21,VIIRS,n,2.0NRT,279.98,0.8,N
33.77835,-118.23595,303.29,0.39,0.36,2025-01-06,0941,N21,VIIRS,n,2.0NRT,287.79,1.4,N
33.7918,-118.34824,296.77,0.39,0.36,2025-01-06,0941,N21,VIIRS,n,2.0NRT,281.27,0.35,N
32.85771,-117.14655,299.32,0.39,0.36,2025-01-06,0941,N21,VIIRS,n,2.0NRT,277.88,0.8,N
32.5968,-117.0124,301.26,0.39,0.36,2025-01-06,0941,N21,VIIRS,n,2.0NRT,279.9,0.73,N
32.52845,-116.86671,316.24,0.39,0.36,2025-01-06,0941,N21,VIIRS,n,2.0NRT,280.69,1.13,N
32.50883,-116.76908,298.05,0.39,0.36,2025-01-06,0941,N21,VIIRS,n,2.0NRT,278.64,0.58,N
32.49606,-116.83536,295.03,0.39,0.36,2025-01-06,0941,N21,VIIRS,n,2.0NRT,283.83,0.55,N
32.40232,-116.51904,301.76,0.4,0.37,2025-01-06,0941,N21,VIIRS,n,2.0NRT,283.26,1.29,N
32.3936,-116.50814,338.44,0.4,0.37,2025-01-06,0941,N21,VIIRS,n,2.0NRT,284.56,5.11,N
32.39028,-116.50887,304.55,0.4,0.37,2025-01-06,0941,N21,VIIRS,n,2.0NRT,281.2,1.02,N
32.43631,-117.07648,325.44,0.39,0.36,2025-01-06,0941,N21,VIIRS,n,2.0NRT,283.3,2.97,N
32.34523,-116.51102,344.01,0.41,0.37,2025-01-06,2057,N21,VIIRS,n,2.0NRT,302.82,7.36,D
32.3492,-116.50735,331.15,0.41,0.37,2025-01-06,2057,N21,VIIRS,n,2.0NRT,302.72,6.08,D
32.34861,-116.51173,355.13,0.41,0.37,2025-01-06,2057,N21,VIIRS,n,2.0NRT,311.01,15.82,D
35.64069,-120.3809,346.27,0.39,0.36,2025-01-06,2057,N21,VIIRS,n,2.0NRT,295.03,7.55,D
36.14774,-121.07147,346.96,0.39,0.36,2025-01-06,2057,N21,VIIRS,n,2.0NRT,290.41,9.5,D
36.15104,-121.0723,367,0.39,0.36,2025-01-06,2057,N21,VIIRS,h,2.0NRT,292.02,9.5,D
36.24496,-121.12566,328.61,0.39,0.36,2025-01-06,2057,N21,VIIRS,n,2.0NRT,284.58,2.32,D
36.36601,-121.3268,348.43,0.4,0.37,2025-01-06,2057,N21,VIIRS,n,2.0NRT,293.74,6.83,D
36.36529,-121.33112,330.67,0.4,0.37,2025-01-06,2057,N21,VIIRS,n,2.0NRT,292.71,6.83,D
34.60601,-117.3363,305.76,0.51,0.41,2025-01-07,0919,N21,VIIRS,n,2.0NRT,277.04,2.75,N
34.43101,-118.64373,310.95,0.39,0.44,2025-01-07,0919,N21,VIIRS,n,2.0NRT,281.9,1.62,N
34.33463,-118.51827,308.19,0.39,0.44,2025-01-07,0919,N21,VIIRS,n,2.0NRT,281.31,1.44,N
34.31782,-118.51277,296.3,0.38,0.44,2025-01-07,0919,N21,VIIRS,n,2.0NRT,281.54,0.64,N
34.29038,-118.80176,311.21,0.4,0.44,2025-01-07,0919,N21,VIIRS,n,2.0NRT,283.28,1.73,N
34.15189,-118.19356,313.26,0.55,0.43,2025-01-07,0919,N21,VIIRS,n,2.0NRT,281.07,2.12,N
33.97066,-117.5022,325.03,0.51,0.41,2025-01-07,0919,N21,VIIRS,n,2.0NRT,276.02,3.77,N
33.8522,-118.33243,300.4,0.56,0.43,2025-01-07,0919,N21,VIIRS,n,2.0NRT,288.03,1.84,N
33.81832,-118.24255,297.76,0.55,0.43,2025-01-07,0919,N21,VIIRS,n,2.0NRT,286.58,1.56,N
33.81374,-118.23725,296.36,0.55,0.43,2025-01-07,0919,N21,VIIRS,n,2.0NRT,286.19,1.9,N
33.77792,-118.23687,299.38,0.55,0.43,2025-01-07,0919,N21,VIIRS,n,2.0NRT,287.79,1.18,N
33.71413,-117.71339,301.68,0.52,0.41,2025-01-07,0919,N21,VIIRS,n,2.0NRT,279.32,0.78,N
33.61125,-117.82282,296.73,0.52,0.42,2025-01-07,0919,N21,VIIRS,n,2.0NRT,281.88,0.85,N
33.49123,-117.61852,297.45,0.51,0.41,2025-01-07,0919,N21,VIIRS,n,2.0NRT,279.4,0.96,N
32.85769,-117.03003,301.22,0.47,0.4,2025-01-07,0919,N21,VIIRS,n,2.0NRT,274.63,1.11,N
32.85742,-117.14909,295.53,0.48,0.4,2025-01-07,0919,N21,VIIRS,n,2.0NRT,273.78,0.43,N
32.59877,-117.01342,303.79,0.47,0.4,2025-01-07,0919,N21,VIIRS,n,2.0NRT,280.91,0.71,N
32.50811,-116.76961,295.11,0.46,0.39,2025-01-07,0919,N21,VIIRS,n,2.0NRT,278.45,0.48,N
32.49244,-116.68797,329.15,0.43,0.38,2025-01-07,2038,N21,VIIRS,l,2.0NRT,299.29,2.96,D
34.03789,-118.55386,341.67,0.48,0.4,2025-01-07,2040,N21,VIIRS,n,2.0NRT,286.91,10.09,D
34.0369,-118.55901,344.56,0.48,0.4,2025-01-07,2040,N21,VIIRS,n,2.0NRT,285.94,6.99,D
34.04351,-118.54434,325.4,0.48,0.4,2025-01-07,2040,N21,VIIRS,n,2.0NRT,289.66,4.36,D
34.04251,-118.54955,350.66,0.48,0.4,2025-01-07,2040,N21,VIIRS,n,2.0NRT,288.44,10.09,D
34.04055,-118.55983,353.46,0.48,0.4,2025-01-07,2040,N21,VIIRS,n,2.0NRT,291.59,6.99,D
34.03955,-118.56501,327.67,0.48,0.4,2025-01-07,2040,N21,VIIRS,n,2.0NRT,287.19,6.99,D
34.04154,-118.55464,355.57,0.48,0.4,2025-01-07,2040,N21,VIIRS,l,2.0NRT,289.75,10.09,D
34.04617,-118.55029,367,0.48,0.4,2025-01-07,2040,N21,VIIRS,h,2.0NRT,291.93,272.67,D
34.0491,-118.53491,341.36,0.48,0.4,2025-01-07,2040,N21,VIIRS,n,2.0NRT,293,3.05,D
34.04813,-118.53999,325.17,0.48,0.4,2025-01-07,2040,N21,VIIRS,n,2.0NRT,291.26,4.68,D
34.04715,-118.54517,338.07,0.48,0.4,2025-01-07,2040,N21,VIIRS,n,2.0NRT,290.28,4.68,D
34.04321,-118.56579,328.79,0.48,0.4,2025-01-07,2040,N21,VIIRS,n,2.0NRT,289.74,404.27,D
34.0452,-118.55537,367,0.48,0.4,2025-01-07,2040,N21,VIIRS,l,2.0NRT,327.89,272.67,D
34.04981,-118.55112,367,0.48,0.4,2025-01-07,2040,N21,VIIRS,h,2.0NRT,334.38,272.67,D
34.04882,-118.55629,367,0.48,0.4,2025-01-07,2040,N21,VIIRS,h,2.0NRT,357.84,272.67,D
34.05275,-118.53572,335.37,0.48,0.4,2025-01-07,2040,N21,VIIRS,n,2.0NRT,293.17,3.05,D
34.05178,-118.54077,342.6,0.48,0.4,2025-01-07,2040,N21,VIIRS,n,2.0NRT,291.57,4.68,D
34.05079,-118.54598,340.68,0.48,0.4,2025-01-07,2040,N21,VIIRS,n,2.0NRT,291.07,4.68,D
34.04689,-118.56643,337.71,0.48,0.4,2025-01-07,2040,N21,VIIRS,n,2.0NRT,290.89,404.27,D
34.04786,-118.56132,367,0.48,0.4,2025-01-07,2040,N21,VIIRS,l,2.0NRT,362.53,404.27,D
34.05347,-118.55186,367,0.48,0.4,2025-01-07,2040,N21,VIIRS,h,2.0NRT,348.54,256.73,D
34.05155,-118.56195,367,0.48,0.4,2025-01-07,2040,N21,VIIRS,h,2.0NRT,333.2,284.83,D
34.05737,-118.53133,332.72,0.48,0.4,2025-01-07,2040,N21,VIIRS,n,2.0NRT,292.67,0,D
34.05639,-118.5365,340.4,0.48,0.4,2025-01-07,2040,N21,VIIRS,n,2.0NRT,310.28,0,D
34.05543,-118.54155,353.38,0.48,0.4,2025-01-07,2040,N21,VIIRS,n,2.0NRT,296.71,71.15,D
34.05445,-118.5467,344.22,0.48,0.4,2025-01-07,2040,N21,VIIRS,n,2.0NRT,292.58,71.15,D
34.05056,-118.56711,326.1,0.48,0.4,2025-01-07,2040,N21,VIIRS,n,2.0NRT,290.66,284.83,D
34.05248,-118.55703,367,0.48,0.4,2025-01-07,2040,N21,VIIRS,l,2.0NRT,361.66,256.73,D
34.05809,-118.54749,367,0.48,0.4,2025-01-07,2040,N21,VIIRS,h,2.0NRT,299.47,71.15,D
34.06103,-118.53204,341.9,0.48,0.4,2025-01-07,2040,N21,VIIRS,n,2.0NRT,294.28,0,D
34.05909,-118.54225,340.62,0.48,0.4,2025-01-07,2040,N21,VIIRS,n,2.0NRT,304.49,71.15,D
34.05614,-118.55772,342.17,0.48,0.4,2025-01-07,2040,N21,VIIRS,n,2.0NRT,292.7,256.73,D
34.05521,-118.56264,340.62,0.48,0.4,2025-01-07,2040,N21,VIIRS,n,2.0NRT,291.56,284.83,D
34.06006,-118.53717,367,0.48,0.4,2025-01-07,2040,N21,VIIRS,l,2.0NRT,371.8,0,D
34.05711,-118.55264,306.4,0.48,0.4,2025-01-07,2040,N21,VIIRS,l,2.0NRT,315.25,256.73,D
34.06372,-118.53786,367,0.48,0.4,2025-01-07,2040,N21,VIIRS,h,2.0NRT,351.04,370.83,D
34.06469,-118.53273,332.8,0.48,0.4,2025-01-07,2040,N21,VIIRS,n,2.0NRT,293.54,370.83,D
34.06175,-118.54822,355.1,0.48,0.4,2025-01-07,2040,N21,VIIRS,n,2.0NRT,308.94,165.13,D
34.06076,-118.5534,325.31,0.48,0.4,2025-01-07,2040,N21,VIIRS,n,2.0NRT,290.89,18.06,D
34.06274,-118.54298,367,0.48,0.4,2025-01-07,2040,N21,VIIRS,l,2.0NRT,333.3,165.13,D
34.06641,-118.54366,367,0.48,0.4,2025-01-07,2040,N21,VIIRS,h,2.0NRT,356.01,165.13,D
34.06541,-118.54896,367,0.48,0.4,2025-01-07,2040,N21,VIIRS,h,2.0NRT,351.69,165.13,D
34.06738,-118.53856,367,0.48,0.4,2025-01-07,2040,N21,VIIRS,l,2.0NRT,332.89,370.83,D
34.07007,-118.54438,367,0.48,0.4,2025-01-07,2040,N21,VIIRS,h,2.0NRT,362.08,161.41,D
34.07104,-118.53928,341.44,0.48,0.4,2025-01-07,2040,N21,VIIRS,n,2.0NRT,307.66,91.21,D
34.06907,-118.54967,298.71,0.48,0.4,2025-01-07,2040,N21,VIIRS,l,2.0NRT,322.92,161.41,D
34.07373,-118.54512,367,0.48,0.4,2025-01-07,2040,N21,VIIRS,h,2.0NRT,334.29,161.41,D
34.07469,-118.54004,334.18,0.48,0.4,2025-01-07,2040,N21,VIIRS,n,2.0NRT,294.1,91.21,D
35.64153,-120.3828,325.32,0.55,0.43,2025-01-07,2040,N21,VIIRS,n,2.0NRT,293.06,5.21,D
35.64036,-120.38869,328.71,0.55,0.43,2025-01-07,2040,N21,VIIRS,n,2.0NRT,292.58,5.04,D
36.14956,-121.06764,367,0.39,0.44,2025-01-07,2040,N21,VIIRS,h,2.0NRT,298.93,18.97,D
36.36406,-121.31253,348.6,0.39,0.44,2025-01-07,2040,N21,VIIRS,n,2.0NRT,296.87,6.4,D
36.93516,-121.391,337.36,0.39,0.44,2025-01-07,2040,N21,VIIRS,n,2.0NRT,293.06,3.75,D
36.96431,-121.53189,328.4,0.39,0.44,2025-01-07,2040,N21,VIIRS,n,2.0NRT,291.17,5.47,D
36.96343,-121.53618,342.82,0.39,0.44,2025-01-07,2040,N21,VIIRS,n,2.0NRT,292.55,5.47,D
36.96554,-121.53543,338.57,0.39,0.44,2025-01-07,2040,N21,VIIRS,n,2.0NRT,292.46,6.25,D
34.06954,-118.49969,305.26,0.35,0.57,2025-01-08,0902,N21,VIIRS,n,2.0NRT,283.35,1.59,N
34.60881,-117.33642,300.86,0.62,0.54,2025-01-08,0902,N21,VIIRS,n,2.0NRT,275.27,2.47,N
34.60704,-117.33697,300.6,0.61,0.54,2025-01-08,0902,N21,VIIRS,n,2.0NRT,276.1,2.02,N
34.42846,-118.64544,305.48,0.36,0.58,2025-01-08,0902,N21,VIIRS,n,2.0NRT,281.46,0.73,N
34.33834,-118.48504,346.65,0.36,0.57,2025-01-08,0902,N21,VIIRS,n,2.0NRT,281.43,33.87,N
34.33804,-118.48067,332.16,0.36,0.57,2025-01-08,0902,N21,VIIRS,n,2.0NRT,316.79,33.87,N
34.33778,-118.47691,367,0.36,0.57,2025-01-08,0902,N21,VIIRS,h,2.0NRT,291.78,28.5,N
34.33867,-118.48974,300.08,0.36,0.57,2025-01-08,0902,N21,VIIRS,n,2.0NRT,280.11,5.79,N
34.33754,-118.47354,312.82,0.36,0.57,2025-01-08,0902,N21,VIIRS,n,2.0NRT,280.9,28.5,N
34.33352,-118.49172,339.65,0.36,0.57,2025-01-08,0902,N21,VIIRS,n,2.0NRT,283.98,5.79,N
34.33322,-118.48746,367,0.36,0.57,2025-01-08,0902,N21,VIIRS,h,2.0NRT,285.78,33.87,N
34.33293,-118.48328,367,0.36,0.57,2025-01-08,0902,N21,VIIRS,h,2.0NRT,289.59,33.87,N
34.33265,-118.47926,367,0.36,0.57,2025-01-08,0902,N21,VIIRS,h,2.0NRT,301.56,28.5,N
34.33241,-118.47567,343.73,0.36,0.57,2025-01-08,0902,N21,VIIRS,n,2.0NRT,287.84,28.5,N
34.33216,-118.47218,332.27,0.36,0.57,2025-01-08,0902,N21,VIIRS,n,2.0NRT,283.3,6.68,N
34.32727,-118.4778,339.6,0.36,0.57,2025-01-08,0902,N21,VIIRS,n,2.0NRT,284.54,4.12,N
34.327,-118.47401,367,0.36,0.57,2025-01-08,0902,N21,VIIRS,h,2.0NRT,292.48,16.55,N
34.32675,-118.47025,341.4,0.36,0.57,2025-01-08,0902,N21,VIIRS,n,2.0NRT,288.8,16.55,N
34.32834,-118.49348,308.12,0.36,0.57,2025-01-08,0902,N21,VIIRS,n,2.0NRT,282.26,1.63,N
34.32808,-118.48963,315.08,0.36,0.57,2025-01-08,0902,N21,VIIRS,n,2.0NRT,282.54,1.79,N
34.32781,-118.48568,299.49,0.36,0.57,2025-01-08,0902,N21,VIIRS,n,2.0NRT,281.58,1.79,N
34.32753,-118.4817,306.09,0.36,0.57,2025-01-08,0902,N21,VIIRS,n,2.0NRT,282.48,4.12,N
34.32181,-118.47536,340.42,0.36,0.57,2025-01-08,0902,N21,VIIRS,n,2.0NRT,283.38,16.55,N
34.32234,-118.48306,310.05,0.36,0.57,2025-01-08,0902,N21,VIIRS,n,2.0NRT,282.32,4.12,N
34.22003,-118.09161,314.09,0.34,0.56,2025-01-08,0902,N21,VIIRS,n,2.0NRT,277.44,1.3,N
34.21981,-118.08858,307.48,0.34,0.56,2025-01-08,0902,N21,VIIRS,n,2.0NRT,278.15,1.38,N
34.21227,-118.12659,320.05,0.34,0.56,2025-01-08,0902,N21,VIIRS,n,2.0NRT,281.57,41.69,N
34.21194,-118.12225,354.21,0.34,0.56,2025-01-08,0902,N21,VIIRS,n,2.0NRT,317.43,194.84,N
34.2113,-118.11348,323.25,0.34,0.56,2025-01-08,0902,N21,VIIRS,n,2.0NRT,281.04,63.75,N
34.21096,-118.10873,367,0.34,0.56,2025-01-08,0902,N21,VIIRS,h,2.0NRT,298.77,63.75,N
34.21037,-118.10068,352.87,0.34,0.56,2025-01-08,0902,N21,VIIRS,n,2.0NRT,283.48,162.26,N
34.21013,-118.09743,336.83,0.34,0.56,2025-01-08,0902,N21,VIIRS,n,2.0NRT,280.25,7.2,N
34.2099,-118.09438,344.71,0.34,0.56,2025-01-08,0902,N21,VIIRS,n,2.0NRT,281.22,7.2,N
34.20968,-118.09129,318.13,0.34,0.56,2025-01-08,0902,N21,VIIRS,n,2.0NRT,280,3,N
34.20944,-118.08803,305.83,0.34,0.56,2025-01-08,0902,N21,VIIRS,n,2.0NRT,280.03,3,N
34.20702,-118.12563,367,0.34,0.56,2025-01-08,0902,N21,VIIRS,h,2.0NRT,301.12,77.28,N
34.20639,-118.11695,342.4,0.34,0.56,2025-01-08,0902,N21,VIIRS,n,2.0NRT,308.98,67.71,N
34.20604,-118.11225,344.77,0.34,0.56,2025-01-08,0902,N21,VIIRS,n,2.0NRT,326.54,67.71,N
34.20545,-118.10415,340.03,0.34,0.56,2025-01-08,0902,N21,VIIRS,n,2.0NRT,312.56,101.78,N
34.20521,-118.10078,367,0.34,0.56,2025-01-08,0902,N21,VIIRS,h,2.0NRT,359.6,347.07,N
34.20443,-118.09005,337.82,0.34,0.56,2025-01-08,0902,N21,VIIRS,n,2.0NRT,291.95,148.36,N
34.20412,-118.0858,346.3,0.34,0.56,2025-01-08,0902,N21,VIIRS,n,2.0NRT,283.27,126.57,N
34.20376,-118.08083,353.24,0.34,0.56,2025-01-08,0902,N21,VIIRS,n,2.0NRT,281.32,126.57,N
34.20732,-118.12976,314.75,0.34,0.56,2025-01-08,0902,N21,VIIRS,n,2.0NRT,282.73,9.43,N
34.20203,-118.12812,367,0.34,0.56,2025-01-08,0902,N21,VIIRS,h,2.0NRT,286.84,77.28,N
34.20174,-118.1242,350.6,0.34,0.56,2025-01-08,0902,N21,VIIRS,n,2.0NRT,293.15,77.28,N
34.20145,-118.12017,350.19,0.34,0.56,2025-01-08,0902,N21,VIIRS,n,2.0NRT,294.12,67.71,N
34.20112,-118.11564,328.45,0.34,0.56,2025-01-08,0902,N21,VIIRS,n,2.0NRT,284.66,67.71,N
34.20081,-118.11143,323.85,0.34,0.56,2025-01-08,0902,N21,VIIRS,n,2.0NRT,284.82,101.78,N
34.20054,-118.10763,334.33,0.34,0.56,2025-01-08,0902,N21,VIIRS,n,2.0NRT,286.37,101.78,N
34.20027,-118.10393,342.7,0.34,0.56,2025-01-08,0902,N21,VIIRS,n,2.0NRT,285.53,347.07,N
34.19999,-118.10001,346.76,0.34,0.56,2025-01-08,0902,N21,VIIRS,n,2.0NRT,286.88,347.07,N
34.19969,-118.09587,367,0.34,0.56,2025-01-08,0902,N21,VIIRS,h,2.0NRT,293.72,148.36,N
34.19936,-118.09145,367,0.34,0.56,2025-01-08,0902,N21,VIIRS,h,2.0NRT,288.36,148.36,N
34.19903,-118.08676,367,0.34,0.56,2025-01-08,0902,N21,VIIRS,h,2.0NRT,353.55,126.57,N
34.19776,-118.06942,367,0.34,0.56,2025-01-08,0902,N21,VIIRS,h,2.0NRT,285.29,72.24,N
34.20231,-118.13206,308.89,0.34,0.56,2025-01-08,0902,N21,VIIRS,n,2.0NRT,281.97,9.43,N
34.19834,-118.07735,310.27,0.34,0.56,2025-01-08,0902,N21,VIIRS,n,2.0NRT,278.32,7.74,N
34.19806,-118.07346,301.91,0.34,0.56,2025-01-08,0902,N21,VIIRS,n,2.0NRT,278.5,7.74,N
34.19669,-118.12589,334.64,0.34,0.56,2025-01-08,0902,N21,VIIRS,n,2.0NRT,285.32,9.41,N
34.19643,-118.12222,367,0.34,0.56,2025-01-08,0902,N21,VIIRS,h,2.0NRT,304.39,39.09,N
34.19614,-118.11829,344.89,0.34,0.56,2025-01-08,0902,N21,VIIRS,n,2.0NRT,291.98,39.09,N
34.19585,-118.1143,342.72,0.34,0.56,2025-01-08,0902,N21,VIIRS,n,2.0NRT,291.34,28.23,N
34.19559,-118.11061,341.64,0.34,0.56,2025-01-08,0902,N21,VIIRS,n,2.0NRT,283.38,28.23,N
34.19533,-118.10707,322.28,0.34,0.56,2025-01-08,0902,N21,VIIRS,n,2.0NRT,283.97,8.76,N
34.1947,-118.0984,329.94,0.34,0.56,2025-01-08,0902,N21,VIIRS,n,2.0NRT,284.4,4.8,N
34.19435,-118.09347,331.04,0.34,0.56,2025-01-08,0902,N21,VIIRS,n,2.0NRT,283.24,4.8,N
34.19401,-118.08878,367,0.34,0.56,2025-01-08,0902,N21,VIIRS,h,2.0NRT,285.95,9.04,N
34.19366,-118.08401,345.46,0.34,0.56,2025-01-08,0902,N21,VIIRS,n,2.0NRT,281.89,9.04,N
34.19335,-118.07965,333.87,0.34,0.56,2025-01-08,0902,N21,VIIRS,n,2.0NRT,280.29,6.86,N
34.19307,-118.07576,355.22,0.34,0.56,2025-01-08,0902,N21,VIIRS,n,2.0NRT,286.58,6.86,N
34.1928,-118.07207,367,0.34,0.56,2025-01-08,0902,N21,VIIRS,h,2.0NRT,285.57,8.15,N
34.19249,-118.06789,367,0.34,0.56,2025-01-08,0902,N21,VIIRS,h,2.0NRT,286.53,8.15,N
34.19218,-118.06361,343.85,0.34,0.56,2025-01-08,0902,N21,VIIRS,n,2.0NRT,287.34,6.58,N
34.19192,-118.05993,338.18,0.34,0.56,2025-01-08,0902,N21,VIIRS,n,2.0NRT,284.9,6.58,N
34.19167,-118.05658,330.13,0.34,0.56,2025-01-08,0902,N21,VIIRS,n,2.0NRT,283.06,15.57,N
34.19144,-118.0534,322.6,0.34,0.56,2025-01-08,0902,N21,VIIRS,n,2.0NRT,280.97,15.57,N
34.19696,-118.12962,308.02,0.34,0.56,2025-01-08,0902,N21,VIIRS,n,2.0NRT,283.83,9.41,N
34.19506,-118.10323,318,0.34,0.56,2025-01-08,0902,N21,VIIRS,n,2.0NRT,284.62,8.76,N
34.19043,-118.03936,297.08,0.33,0.56,2025-01-08,0902,N21,VIIRS,n,2.0NRT,280.28,0.6,N
34.19134,-118.12352,367,0.34,0.56,2025-01-08,0902,N21,VIIRS,h,2.0NRT,293.01,39.09,N
34.19108,-118.11982,355.58,0.34,0.56,2025-01-08,0902,N21,VIIRS,n,2.0NRT,290.7,39.09,N
34.19081,-118.11607,367,0.34,0.56,2025-01-08,0902,N21,VIIRS,h,2.0NRT,292.88,28.23,N
34.19055,-118.11241,348.58,0.34,0.56,2025-01-08,0902,N21,VIIRS,n,2.0NRT,290.02,28.23,N
34.1903,-118.10887,367,0.34,0.56,2025-01-08,0902,N21,VIIRS,h,2.0NRT,287.61,8.76,N
34.19004,-118.10528,367,0.34,0.56,2025-01-08,0902,N21,VIIRS,h,2.0NRT,286.2,8.76,N
34.18723,-118.06648,322.39,0.34,0.56,2025-01-08,0902,N21,VIIRS,n,2.0NRT,284.04,6.58,N
34.18694,-118.0624,343.22,0.34,0.56,2025-01-08,0902,N21,VIIRS,n,2.0NRT,287.09,6.58,N
34.18666,-118.05846,367,0.34,0.56,2025-01-08,0902,N21,VIIRS,h,2.0NRT,293.85,15.57,N
34.18639,-118.05478,346.68,0.34,0.56,2025-01-08,0902,N21,VIIRS,n,2.0NRT,307.12,15.57,N
34.1916,-118.12718,303.77,0.34,0.56,2025-01-08,0902,N21,VIIRS,n,2.0NRT,284.64,9.41,N
34.18975,-118.1013,312.7,0.34,0.56,2025-01-08,0902,N21,VIIRS,n,2.0NRT,283.18,4.8,N
34.18816,-118.07922,303.01,0.34,0.56,2025-01-08,0902,N21,VIIRS,n,2.0NRT,281.47,6.86,N
34.18785,-118.07501,317.51,0.34,0.56,2025-01-08,0902,N21,VIIRS,n,2.0NRT,282.99,8.15,N
34.18755,-118.07078,312.33,0.34,0.56,2025-01-08,0902,N21,VIIRS,n,2.0NRT,282.2,8.15,N
34.18618,-118.05179,313.73,0.34,0.56,2025-01-08,0902,N21,VIIRS,n,2.0NRT,281.25,13.2,N
34.18599,-118.121,327.03,0.34,0.56,2025-01-08,0902,N21,VIIRS,n,2.0NRT,283.02,3.57,N
34.18573,-118.11737,367,0.34,0.56,2025-01-08,0902,N21,VIIRS,h,2.0NRT,286.49,15.35,N
34.18547,-118.11378,367,0.34,0.56,2025-01-08,0902,N21,VIIRS,h,2.0NRT,292,15.35,N
34.18496,-118.10665,367,0.34,0.56,2025-01-08,0902,N21,VIIRS,h,2.0NRT,286.57,6.79,N
34.1847,-118.10297,367,0.34,0.56,2025-01-08,0902,N21,VIIRS,h,2.0NRT,288.13,8.07,N
34.18177,-118.0621,332.08,0.34,0.56,2025-01-08,0902,N21,VIIRS,n,2.0NRT,285.7,6.54,N
34.18149,-118.05824,354.44,0.34,0.56,2025-01-08,0902,N21,VIIRS,n,2.0NRT,293.18,6.54,N
34.18123,-118.05463,367,0.34,0.56,2025-01-08,0902,N21,VIIRS,h,2.0NRT,291.23,19.3,N
34.181,-118.05135,367,0.34,0.56,2025-01-08,0902,N21,VIIRS,h,2.0NRT,295.89,19.3,N
34.18077,-118.04826,367,0.33,0.56,2025-01-08,0902,N21,VIIRS,h,2.0NRT,288.13,87.11,N
34.18651,-118.12831,299.38,0.34,0.56,2025-01-08,0902,N21,VIIRS,n,2.0NRT,283.11,1.53,N
34.18625,-118.12465,309.2,0.34,0.56,2025-01-08,0902,N21,VIIRS,n,2.0NRT,283.21,3.57,N
34.18521,-118.1102,313.8,0.34,0.56,2025-01-08,0902,N21,VIIRS,n,2.0NRT,284.44,6.79,N
34.18442,-118.09908,312.3,0.34,0.56,2025-01-08,0902,N21,VIIRS,n,2.0NRT,284.52,8.07,N
34.18413,-118.09501,302.93,0.34,0.56,2025-01-08,0902,N21,VIIRS,n,2.0NRT,284.01,1.67,N
34.18263,-118.0741,299.52,0.34,0.56,2025-01-08,0902,N21,VIIRS,n,2.0NRT,282.3,1.94,N
34.18233,-118.06998,305.16,0.34,0.56,2025-01-08,0902,N21,VIIRS,n,2.0NRT,283.4,3.59,N
34.18205,-118.06599,315.74,0.34,0.56,2025-01-08,0902,N21,VIIRS,n,2.0NRT,283.72,3.59,N
34.18054,-118.04498,302.59,0.33,0.56,2025-01-08,0902,N21,VIIRS,n,2.0NRT,282.92,87.11,N
34.17852,-118.08887,341.92,0.34,0.56,2025-01-08,0902,N21,VIIRS,n,2.0NRT,285.57,5.07,N
34.17738,-118.07289,347.71,0.34,0.56,2025-01-08,0902,N21,VIIRS,n,2.0NRT,285.76,3.59,N
34.1771,-118.06898,338.29,0.34,0.56,2025-01-08,0902,N21,VIIRS,n,2.0NRT,285.66,3.59,N
34.17683,-118.0652,334.03,0.34,0.56,2025-01-08,0902,N21,VIIRS,n,2.0NRT,284.53,6.54,N
34.17657,-118.06147,329.76,0.34,0.56,2025-01-08,0902,N21,VIIRS,n,2.0NRT,286.5,6.54,N
34.17629,-118.05769,367,0.34,0.56,2025-01-08,0902,N21,VIIRS,h,2.0NRT,291.45,19.3,N
34.17604,-118.05414,367,0.34,0.56,2025-01-08,0902,N21,VIIRS,h,2.0NRT,292.44,19.3,N
34.1758,-118.0508,355.49,0.33,0.56,2025-01-08,0902,N21,VIIRS,n,2.0NRT,320.33,87.11,N
34.13488,-117.49783,336.67,0.62,0.54,2025-01-08,0902,N21,VIIRS,n,2.0NRT,284.04,30.75,N
34.17986,-118.10759,307.58,0.34,0.56,2025-01-08,0902,N21,VIIRS,n,2.0NRT,284.1,6.79,N
34.17909,-118.09681,317.05,0.34,0.56,2025-01-08,0902,N21,VIIRS,n,2.0NRT,284.68,1.67,N
34.17882,-118.09299,312.43,0.34,0.56,2025-01-08,0902,N21,VIIRS,n,2.0NRT,284.58,1.67,N
34.17768,-118.07698,309.24,0.34,0.56,2025-01-08,0902,N21,VIIRS,n,2.0NRT,283.77,1.94,N
34.17532,-118.0441,311.04,0.33,0.56,2025-01-08,0902,N21,VIIRS,n,2.0NRT,284.53,22.55,N
34.13437,-117.49107,307.7,0.62,0.54,2025-01-08,0902,N21,VIIRS,n,2.0NRT,285.69,31.47,N
34.174,-118.09781,344.73,0.34,0.56,2025-01-08,0902,N21,VIIRS,n,2.0NRT,288.01,10.97,N
34.17373,-118.09412,327.8,0.34,0.56,2025-01-08,0902,N21,VIIRS,n,2.0NRT,285.61,10.97,N
34.17263,-118.07868,331.72,0.34,0.56,2025-01-08,0902,N21,VIIRS,n,2.0NRT,284.15,3.35,N
34.17236,-118.07487,367,0.34,0.56,2025-01-08,0902,N21,VIIRS,h,2.0NRT,291.59,18.42,N
34.1721,-118.07117,355.23,0.34,0.56,2025-01-08,0902,N21,VIIRS,n,2.0NRT,303.87,18.42,N
34.17184,-118.06751,347.74,0.34,0.56,2025-01-08,0902,N21,VIIRS,n,2.0NRT,291.9,11.4,N
34.17159,-118.06397,367,0.34,0.56,2025-01-08,0902,N21,VIIRS,h,2.0NRT,287.33,11.4,N
34.17133,-118.06036,367,0.34,0.56,2025-01-08,0902,N21,VIIRS,h,2.0NRT,287.27,5.45,N
34.17108,-118.0568,339.26,0.34,0.56,2025-01-08,0902,N21,VIIRS,n,2.0NRT,286.63,5.45,N
34.17083,-118.05328,367,0.33,0.56,2025-01-08,0902,N21,VIIRS,h,2.0NRT,293.36,6.95,N
34.17058,-118.04989,331.06,0.33,0.56,2025-01-08,0902,N21,VIIRS,n,2.0NRT,286.22,6.95,N
34.17345,-118.09023,304.69,0.34,0.56,2025-01-08,0902,N21,VIIRS,n,2.0NRT,283.6,2.34,N
34.17291,-118.08253,300.97,0.34,0.56,2025-01-08,0902,N21,VIIRS,n,2.0NRT,282.84,3.35,N
34.16888,-118.0986,367,0.34,0.56,2025-01-08,0902,N21,VIIRS,h,2.0NRT,294.22,10.97,N
34.16863,-118.09502,344.09,0.34,0.56,2025-01-08,0902,N21,VIIRS,n,2.0NRT,289.38,10.97,N
34.16577,-118.05471,332.06,0.33,0.56,2025-01-08,0902,N21,VIIRS,n,2.0NRT,285.43,6.95,N
34.16914,-118.10214,310.03,0.34,0.56,2025-01-08,0902,N21,VIIRS,n,2.0NRT,283.73,8.35,N
34.16837,-118.09128,306.62,0.34,0.56,2025-01-08,0902,N21,VIIRS,n,2.0NRT,283.2,2.34,N
34.1681,-118.08755,304.43,0.34,0.56,2025-01-08,0902,N21,VIIRS,n,2.0NRT,282.68,2.34,N
34.16784,-118.08376,301.27,0.34,0.56,2025-01-08,0902,N21,VIIRS,n,2.0NRT,283.06,3.35,N
34.16756,-118.07998,313.98,0.34,0.56,2025-01-08,0902,N21,VIIRS,n,2.0NRT,283.73,3.35,N
34.1673,-118.07623,305.83,0.34,0.56,2025-01-08,0902,N21,VIIRS,n,2.0NRT,283.77,18.42,N
34.16704,-118.07253,313.67,0.34,0.56,2025-01-08,0902,N21,VIIRS,n,2.0NRT,283.88,18.42,N
34.16678,-118.06892,303.95,0.34,0.56,2025-01-08,0902,N21,VIIRS,n,2.0NRT,283.82,11.4,N
34.16653,-118.06532,298.34,0.34,0.56,2025-01-08,0902,N21,VIIRS,n,2.0NRT,283.93,11.4,N
34.16627,-118.06178,298.22,0.34,0.56,2025-01-08,0902,N21,VIIRS,n,2.0NRT,284.39,5.45,N
34.16602,-118.05822,315.12,0.34,0.56,2025-01-08,0902,N21,VIIRS,n,2.0NRT,284.83,5.45,N
34.16402,-118.10285,324.69,0.34,0.56,2025-01-08,0902,N21,VIIRS,n,2.0NRT,281.34,3.54,N
34.16376,-118.09933,315.67,0.34,0.56,2025-01-08,0902,N21,VIIRS,n,2.0NRT,280.9,1.99,N
34.16352,-118.09579,307.31,0.34,0.56,2025-01-08,0902,N21,VIIRS,n,2.0NRT,281.15,1.99,N
34.16327,-118.09218,298.81,0.34,0.56,2025-01-08,0902,N21,VIIRS,n,2.0NRT,280.7,0.79,N
34.16301,-118.08855,298.73,0.34,0.56,2025-01-08,0902,N21,VIIRS,n,2.0NRT,280.52,0.79,N
34.16275,-118.08485,300.77,0.34,0.56,2025-01-08,0902,N21,VIIRS,n,2.0NRT,281.19,1.27,N
34.15486,-118.19466,299.18,0.34,0.56,2025-01-08,0902,N21,VIIRS,n,2.0NRT,278.47,0.63,N
34.15256,-118.19263,296.42,0.34,0.56,2025-01-08,0902,N21,VIIRS,n,2.0NRT,278.9,0.82,N
34.14832,-118.72215,295.13,0.37,0.58,2025-01-08,0902,N21,VIIRS,n,2.0NRT,281.48,0.21,N
34.09271,-118.52998,339.68,0.36,0.57,2025-01-08,0902,N21,VIIRS,n,2.0NRT,283.46,2.21,N
34.09246,-118.52627,324.71,0.36,0.57,2025-01-08,0902,N21,VIIRS,n,2.0NRT,282.73,2.21,N
34.09383,-118.54655,297.87,0.36,0.57,2025-01-08,0902,N21,VIIRS,n,2.0NRT,281.95,0.99,N
34.0936,-118.54315,300.93,0.36,0.57,2025-01-08,0902,N21,VIIRS,n,2.0NRT,282.01,1.03,N
34.09338,-118.5399,310.06,0.36,0.57,2025-01-08,0902,N21,VIIRS,n,2.0NRT,282.29,1.03,N
34.09316,-118.53665,307.76,0.36,0.57,2025-01-08,0902,N21,VIIRS,n,2.0NRT,282.64,1.55,N
34.09294,-118.53334,312.86,0.36,0.57,2025-01-08,0902,N21,VIIRS,n,2.0NRT,282.97,1.55,N
34.09219,-118.52228,299.7,0.36,0.57,2025-01-08,0902,N21,VIIRS,n,2.0NRT,282.83,0.98,N
34.09191,-118.51811,298.63,0.36,0.57,2025-01-08,0902,N21,VIIRS,n,2.0NRT,282.58,0.98,N
34.09163,-118.51396,297.64,0.36,0.57,2025-01-08,0902,N21,VIIRS,n,2.0NRT,281.92,1.37,N
34.08767,-118.53377,323.5,0.36,0.57,2025-01-08,0902,N21,VIIRS,n,2.0NRT,283.19,47.07,N
34.08746,-118.53052,325.55,0.36,0.57,2025-01-08,0902,N21,VIIRS,n,2.0NRT,283.87,37.52,N
34.08915,-118.55582,295.99,0.36,0.57,2025-01-08,0902,N21,VIIRS,n,2.0NRT,282.28,1.06,N
34.08886,-118.55138,301.15,0.36,0.57,2025-01-08,0902,N21,VIIRS,n,2.0NRT,281.91,7.53,N
34.08859,-118.5474,307.22,0.36,0.57,2025-01-08,0902,N21,VIIRS,n,2.0NRT,282.19,7.53,N
34.08834,-118.54374,314.57,0.36,0.57,2025-01-08,0902,N21,VIIRS,n,2.0NRT,282.68,37.71,N
34.08811,-118.5403,318.41,0.36,0.57,2025-01-08,0902,N21,VIIRS,n,2.0NRT,282.71,37.71,N
34.08789,-118.53695,319.16,0.36,0.57,2025-01-08,0902,N21,VIIRS,n,2.0NRT,282.97,47.07,N
34.08722,-118.52706,316.31,0.36,0.57,2025-01-08,0902,N21,VIIRS,n,2.0NRT,283.52,37.52,N
34.08697,-118.52332,312.09,0.36,0.57,2025-01-08,0902,N21,VIIRS,n,2.0NRT,283.11,3.42,N
34.08671,-118.51946,310.54,0.36,0.57,2025-01-08,0902,N21,VIIRS,n,2.0NRT,283.04,3.42,N
34.08644,-118.5154,308.67,0.36,0.57,2025-01-08,0902,N21,VIIRS,n,2.0NRT,282.87,1.69,N
34.08618,-118.51153,306.1,0.36,0.57,2025-01-08,0902,N21,VIIRS,n,2.0NRT,282.66,1.69,N
34.08594,-118.5079,301.7,0.36,0.57,2025-01-08,0902,N21,VIIRS,n,2.0NRT,282.63,0.86,N
34.08569,-118.50425,298.11,0.36,0.57,2025-01-08,0902,N21,VIIRS,n,2.0NRT,282.9,0.86,N
34.08894,-118.63244,332.04,0.36,0.57,2025-01-08,0902,N21,VIIRS,n,2.0NRT,282.24,1.84,N
34.08872,-118.62924,325.88,0.36,0.57,2025-01-08,0902,N21,VIIRS,n,2.0NRT,282.51,2.21,N
34.08335,-118.54836,346.98,0.36,0.57,2025-01-08,0902,N21,VIIRS,n,2.0NRT,284.54,7.53,N
34.0831,-118.54441,346.22,0.36,0.57,2025-01-08,0902,N21,VIIRS,n,2.0NRT,296.19,37.71,N
34.08285,-118.5408,349.35,0.36,0.57,2025-01-08,0902,N21,VIIRS,n,2.0NRT,300.22,37.71,N
34.08261,-118.53725,344.64,0.36,0.57,2025-01-08,0902,N21,VIIRS,n,2.0NRT,298.06,47.07,N
34.08239,-118.53378,348.92,0.36,0.57,2025-01-08,0902,N21,VIIRS,n,2.0NRT,297.48,47.07,N
34.08193,-118.52701,367,0.36,0.57,2025-01-08,0902,N21,VIIRS,h,2.0NRT,285.15,37.52,N
34.08171,-118.52374,340.07,0.36,0.57,2025-01-08,0902,N21,VIIRS,n,2.0NRT,284.7,3.42,N
34.08149,-118.52039,330.21,0.36,0.57,2025-01-08,0902,N21,VIIRS,n,2.0NRT,284.11,3.42,N
34.08124,-118.51668,321,0.36,0.57,2025-01-08,0902,N21,VIIRS,n,2.0NRT,283.42,1.69,N
34.08429,-118.56242,299.67,0.36,0.57,2025-01-08,0902,N21,VIIRS,n,2.0NRT,283.42,1.06,N
34.08396,-118.55746,307.6,0.36,0.57,2025-01-08,0902,N21,VIIRS,n,2.0NRT,282.96,1.06,N
34.08364,-118.5526,319.53,0.36,0.57,2025-01-08,0902,N21,VIIRS,n,2.0NRT,283.13,7.53,N
34.08099,-118.51288,314.49,0.36,0.57,2025-01-08,0902,N21,VIIRS,n,2.0NRT,283.29,1.69,N
34.08073,-118.50909,313.13,0.36,0.57,2025-01-08,0902,N21,VIIRS,n,2.0NRT,282.55,0.86,N
34.08048,-118.50536,305.03,0.36,0.57,2025-01-08,0902,N21,VIIRS,n,2.0NRT,283.01,0.86,N
34.08022,-118.50147,301.08,0.35,0.57,2025-01-08,0902,N21,VIIRS,n,2.0NRT,282.89,0.99,N
34.07996,-118.49755,298.39,0.35,0.57,2025-01-08,0902,N21,VIIRS,n,2.0NRT,282.52,0.99,N
34.07844,-118.55409,367,0.36,0.57,2025-01-08,0902,N21,VIIRS,h,2.0NRT,297.74,33.7,N
34.07814,-118.54951,325.23,0.36,0.57,2025-01-08,0902,N21,VIIRS,n,2.0NRT,304.73,33.7,N
34.07785,-118.5453,348.72,0.36,0.57,2025-01-08,0902,N21,VIIRS,n,2.0NRT,321.78,95.8,N
34.07737,-118.53796,350.17,0.36,0.57,2025-01-08,0902,N21,VIIRS,n,2.0NRT,299.5,514.61,N
34.07645,-118.52402,367,0.36,0.57,2025-01-08,0902,N21,VIIRS,h,2.0NRT,288.78,20.96,N
34.07623,-118.52086,354.05,0.36,0.57,2025-01-08,0902,N21,VIIRS,n,2.0NRT,286.04,20.96,N
34.076,-118.51742,337.27,0.36,0.57,2025-01-08,0902,N21,VIIRS,n,2.0NRT,284.58,60.67,N
34.07576,-118.51381,326.43,0.36,0.57,2025-01-08,0902,N21,VIIRS,n,2.0NRT,284.03,60.67,N
34.08464,-118.64803,295.68,0.36,0.58,2025-01-08,0902,N21,VIIRS,n,2.0NRT,281.41,1.47,N
34.08436,-118.64384,298.72,0.36,0.58,2025-01-08,0902,N21,VIIRS,n,2.0NRT,280.7,4.53,N
34.08408,-118.63944,302.03,0.36,0.58,2025-01-08,0902,N21,VIIRS,n,2.0NRT,279.95,4.53,N
34.08382,-118.63557,305.92,0.36,0.58,2025-01-08,0902,N21,VIIRS,n,2.0NRT,280.51,87.83,N
34.08359,-118.63205,313.57,0.36,0.57,2025-01-08,0902,N21,VIIRS,n,2.0NRT,281.21,87.83,N
34.08336,-118.62853,306.42,0.36,0.57,2025-01-08,0902,N21,VIIRS,n,2.0NRT,281.19,11.71,N
34.08314,-118.62515,298.78,0.36,0.57,2025-01-08,0902,N21,VIIRS,n,2.0NRT,281.46,11.71,N
34.08291,-118.62181,296.24,0.36,0.57,2025-01-08,0902,N21,VIIRS,n,2.0NRT,281.96,1.29,N
34.08003,-118.57806,296.64,0.36,0.57,2025-01-08,0902,N21,VIIRS,n,2.0NRT,283.5,0.63,N
34.07935,-118.56773,300.97,0.36,0.57,2025-01-08,0902,N21,VIIRS,n,2.0NRT,283.75,1.03,N
34.07908,-118.56368,308.54,0.36,0.57,2025-01-08,0902,N21,VIIRS,n,2.0NRT,283.35,3.88,N
34.07877,-118.55907,318.61,0.36,0.57,2025-01-08,0902,N21,VIIRS,n,2.0NRT,283.84,3.88,N
34.07551,-118.51011,317.78,0.36,0.57,2025-01-08,0902,N21,VIIRS,n,2.0NRT,283.78,42.76,N
34.07526,-118.50629,310.59,0.36,0.57,2025-01-08,0902,N21,VIIRS,n,2.0NRT,282.41,42.76,N
34.075,-118.50249,305.77,0.35,0.57,2025-01-08,0902,N21,VIIRS,n,2.0NRT,282.87,1.59,N
34.07475,-118.49869,301.99,0.35,0.57,2025-01-08,0902,N21,VIIRS,n,2.0NRT,282.66,1.59,N
34.0745,-118.4949,299.09,0.35,0.57,2025-01-08,0902,N21,VIIRS,n,2.0NRT,282.78,0.71,N
34.07425,-118.49115,297.39,0.35,0.57,2025-01-08,0902,N21,VIIRS,n,2.0NRT,282.41,0.71,N
34.074,-118.48744,296.39,0.35,0.57,2025-01-08,0902,N21,VIIRS,n,2.0NRT,281.91,0.84,N
34.07904,-118.64391,325.97,0.36,0.58,2025-01-08,0902,N21,VIIRS,n,2.0NRT,280.6,4.53,N
34.07879,-118.63998,343.63,0.36,0.58,2025-01-08,0902,N21,VIIRS,n,2.0NRT,281.91,4.53,N
34.07854,-118.63626,367,0.36,0.58,2025-01-08,0902,N21,VIIRS,h,2.0NRT,286.11,87.83,N
34.07801,-118.62807,350.86,0.36,0.57,2025-01-08,0902,N21,VIIRS,n,2.0NRT,282.58,11.71,N
34.0778,-118.62482,325.77,0.36,0.57,2025-01-08,0902,N21,VIIRS,n,2.0NRT,281.82,11.71,N
34.07325,-118.5557,321.3,0.36,0.57,2025-01-08,0902,N21,VIIRS,n,2.0NRT,283.49,33.7,N
34.07294,-118.55105,367,0.36,0.57,2025-01-08,0902,N21,VIIRS,h,2.0NRT,291.84,33.7,N
34.07265,-118.54668,353.66,0.36,0.57,2025-01-08,0902,N21,VIIRS,n,2.0NRT,285.93,95.8,N
34.0724,-118.54279,342.06,0.36,0.57,2025-01-08,0902,N21,VIIRS,n,2.0NRT,285.66,95.8,N
34.07215,-118.53918,352.62,0.36,0.57,2025-01-08,0902,N21,VIIRS,n,2.0NRT,286.71,514.61,N
34.0719,-118.53536,367,0.36,0.57,2025-01-08,0902,N21,VIIRS,h,2.0NRT,290.91,514.61,N
34.07164,-118.53144,367,0.36,0.57,2025-01-08,0902,N21,VIIRS,h,2.0NRT,288.5,0,N
34.0714,-118.52777,353.37,0.36,0.57,2025-01-08,0902,N21,VIIRS,n,2.0NRT,286.5,0,N
34.07118,-118.52444,351.07,0.36,0.57,2025-01-08,0902,N21,VIIRS,n,2.0NRT,288.41,20.96,N
34.07096,-118.52117,367,0.36,0.57,2025-01-08,0902,N21,VIIRS,h,2.0NRT,299.27,20.96,N
34.07074,-118.51781,340.75,0.36,0.57,2025-01-08,0902,N21,VIIRS,n,2.0NRT,319.37,60.67,N
34.07052,-118.51443,345.16,0.36,0.57,2025-01-08,0902,N21,VIIRS,n,2.0NRT,315.66,60.67,N
34.07003,-118.50714,344.16,0.36,0.57,2025-01-08,0902,N21,VIIRS,n,2.0NRT,285.8,42.76,N
34.07977,-118.65496,297,0.36,0.58,2025-01-08,0902,N21,VIIRS,n,2.0NRT,280.36,1.36,N
34.07952,-118.65123,304.29,0.36,0.58,2025-01-08,0902,N21,VIIRS,n,2.0NRT,280.36,1.47,N
34.07928,-118.64761,313.81,0.36,0.58,2025-01-08,0902,N21,VIIRS,n,2.0NRT,280.65,1.47,N
34.07757,-118.62141,312.8,0.36,0.57,2025-01-08,0902,N21,VIIRS,n,2.0NRT,281.81,1.29,N
34.07735,-118.61796,303.71,0.36,0.57,2025-01-08,0902,N21,VIIRS,n,2.0NRT,281.33,1.29,N
34.07712,-118.61449,298.43,0.36,0.57,2025-01-08,0902,N21,VIIRS,n,2.0NRT,281.38,0.77,N
34.0769,-118.61117,295.21,0.36,0.57,2025-01-08,0902,N21,VIIRS,n,2.0NRT,282.06,0.77,N
34.07558,-118.59109,297.25,0.36,0.57,2025-01-08,0902,N21,VIIRS,n,2.0NRT,284.44,1.92,N
34.07533,-118.5873,299.27,0.36,0.57,2025-01-08,0902,N21,VIIRS,n,2.0NRT,284.34,1.07,N
34.07502,-118.58267,299.91,0.36,0.57,2025-01-08,0902,N21,VIIRS,n,2.0NRT,283.83,1.07,N
34.07475,-118.57841,297.12,0.36,0.57,2025-01-08,0902,N21,VIIRS,n,2.0NRT,282.96,0.63,N
34.07452,-118.57495,296.6,0.36,0.57,2025-01-08,0902,N21,VIIRS,n,2.0NRT,283.73,0.63,N
34.0743,-118.57162,298.33,0.36,0.57,2025-01-08,0902,N21,VIIRS,n,2.0NRT,283.86,1.03,N
34.07407,-118.56814,300.7,0.36,0.57,2025-01-08,0902,N21,VIIRS,n,2.0NRT,283.5,1.03,N
34.07383,-118.56456,303.9,0.36,0.57,2025-01-08,0902,N21,VIIRS,n,2.0NRT,283.44,3.88,N
34.07357,-118.56052,308.48,0.36,0.57,2025-01-08,0902,N21,VIIRS,n,2.0NRT,283.07,3.88,N
34.06978,-118.5034,313.54,0.35,0.57,2025-01-08,0902,N21,VIIRS,n,2.0NRT,283.62,1.59,N
34.06929,-118.49599,301.04,0.35,0.57,2025-01-08,0902,N21,VIIRS,n,2.0NRT,283.2,0.71,N
34.06904,-118.49219,298.68,0.35,0.57,2025-01-08,0902,N21,VIIRS,n,2.0NRT,282.87,0.71,N
34.06879,-118.48848,297.22,0.35,0.57,2025-01-08,0902,N21,VIIRS,n,2.0NRT,282.05,0.84,N
34.07407,-118.64939,323.73,0.36,0.58,2025-01-08,0902,N21,VIIRS,n,2.0NRT,281.15,2.69,N
34.07385,-118.64594,340,0.36,0.58,2025-01-08,0902,N21,VIIRS,n,2.0NRT,282.04,28.37,N
34.07362,-118.64245,367,0.36,0.58,2025-01-08,0902,N21,VIIRS,h,2.0NRT,286.35,28.37,N
34.07339,-118.63884,351.35,0.36,0.58,2025-01-08,0902,N21,VIIRS,n,2.0NRT,337.85,0,N
34.07253,-118.62565,355.31,0.36,0.57,2025-01-08,0902,N21,VIIRS,n,2.0NRT,299.93,223.92,N
34.07228,-118.6219,353.99,0.36,0.57,2025-01-08,0902,N21,VIIRS,n,2.0NRT,288.01,11.85,N
34.07205,-118.61823,324.65,0.36,0.57,2025-01-08,0902,N21,VIIRS,n,2.0NRT,281.93,11.85,N
34.0703,-118.59148,330.9,0.36,0.57,2025-01-08,0902,N21,VIIRS,n,2.0NRT,286.17,12.03,N
34.07009,-118.58834,367,0.36,0.57,2025-01-08,0902,N21,VIIRS,h,2.0NRT,306.02,47.16,N
34.0698,-118.58385,332.97,0.36,0.57,2025-01-08,0902,N21,VIIRS,n,2.0NRT,328.48,47.16,N
34.06923,-118.57521,333.95,0.36,0.57,2025-01-08,0902,N21,VIIRS,n,2.0NRT,285.18,20.16,N
34.069,-118.57159,325.64,0.36,0.57,2025-01-08,0902,N21,VIIRS,n,2.0NRT,284.83,35.09,N
34.06877,-118.56816,320.16,0.36,0.57,2025-01-08,0902,N21,VIIRS,n,2.0NRT,284.71,35.09,N
34.06854,-118.56474,338.68,0.36,0.57,2025-01-08,0902,N21,VIIRS,n,2.0NRT,285.91,56.28,N
34.06831,-118.56111,367,0.36,0.57,2025-01-08,0902,N21,VIIRS,h,2.0NRT,294.46,56.28,N
34.06802,-118.55681,352.3,0.36,0.57,2025-01-08,0902,N21,VIIRS,n,2.0NRT,292.35,14.72,N
34.06775,-118.55262,323.56,0.36,0.57,2025-01-08,0902,N21,VIIRS,n,2.0NRT,284.99,14.72,N
34.0672,-118.54435,321.89,0.36,0.57,2025-01-08,0902,N21,VIIRS,n,2.0NRT,283.85,6.75,N
34.06696,-118.54061,325.6,0.36,0.57,2025-01-08,0902,N21,VIIRS,n,2.0NRT,284.54,4.18,N
34.06671,-118.53688,327.21,0.36,0.57,2025-01-08,0902,N21,VIIRS,n,2.0NRT,285.27,4.18,N
34.06646,-118.5331,330,0.36,0.57,2025-01-08,0902,N21,VIIRS,n,2.0NRT,285.06,3.7,N
34.06622,-118.52941,328.75,0.36,0.57,2025-01-08,0902,N21,VIIRS,n,2.0NRT,284.52,3.7,N
34.06598,-118.52579,330.05,0.36,0.57,2025-01-08,0902,N21,VIIRS,n,2.0NRT,284.35,4.06,N
34.06575,-118.52221,334.41,0.36,0.57,2025-01-08,0902,N21,VIIRS,n,2.0NRT,285.32,4.06,N
34.06551,-118.51865,343.18,0.36,0.57,2025-01-08,0902,N21,VIIRS,n,2.0NRT,286.38,9.93,N
34.06527,-118.51509,367,0.36,0.57,2025-01-08,0902,N21,VIIRS,h,2.0NRT,296.28,9.93,N
34.06504,-118.51149,347.27,0.36,0.57,2025-01-08,0902,N21,VIIRS,n,2.0NRT,300.18,12.08,N
34.06479,-118.50781,367,0.36,0.57,2025-01-08,0902,N21,VIIRS,h,2.0NRT,303.7,12.08,N
34.06455,-118.50412,342.38,0.35,0.57,2025-01-08,0902,N21,VIIRS,n,2.0NRT,286.7,6.05,N
34.07476,-118.65989,296.91,0.36,0.58,2025-01-08,0902,N21,VIIRS,n,2.0NRT,280.03,0.87,N
34.07453,-118.65636,304,0.36,0.58,2025-01-08,0902,N21,VIIRS,n,2.0NRT,280.41,0.87,N
34.0743,-118.65285,312.94,0.36,0.58,2025-01-08,0902,N21,VIIRS,n,2.0NRT,281.26,2.69,N
34.07182,-118.61468,305.74,0.36,0.57,2025-01-08,0902,N21,VIIRS,n,2.0NRT,281.56,6.93,N
34.07159,-118.61119,300.26,0.36,0.57,2025-01-08,0902,N21,VIIRS,n,2.0NRT,282.07,6.93,N
34.07137,-118.6078,296.76,0.36,0.57,2025-01-08,0902,N21,VIIRS,n,2.0NRT,282.09,2.73,N
34.07114,-118.6044,296.24,0.36,0.57,2025-01-08,0902,N21,VIIRS,n,2.0NRT,281.93,2.73,N
34.07093,-118.60106,296.36,0.36,0.57,2025-01-08,0902,N21,VIIRS,n,2.0NRT,282.09,7.38,N
34.07071,-118.59776,299.41,0.36,0.57,2025-01-08,0902,N21,VIIRS,n,2.0NRT,283.33,7.38,N
34.0705,-118.59454,304.67,0.36,0.57,2025-01-08,0902,N21,VIIRS,n,2.0NRT,283.78,12.03,N
34.06948,-118.57906,314.06,0.36,0.57,2025-01-08,0902,N21,VIIRS,n,2.0NRT,289.38,20.16,N
34.06747,-118.54837,318.26,0.36,0.57,2025-01-08,0902,N21,VIIRS,n,2.0NRT,284.92,6.75,N
34.06431,-118.50049,306.86,0.35,0.57,2025-01-08,0902,N21,VIIRS,n,2.0NRT,283.47,6.05,N
34.06407,-118.49687,301.52,0.35,0.57,2025-01-08,0902,N21,VIIRS,n,2.0NRT,283.49,0.77,N
34.06382,-118.49307,299,0.35,0.57,2025-01-08,0902,N21,VIIRS,n,2.0NRT,282.94,0.77,N
34.06864,-118.64772,331.02,0.36,0.58,2025-01-08,0902,N21,VIIRS,n,2.0NRT,283.35,28.37,N
34.06841,-118.6442,353.24,0.36,0.58,2025-01-08,0902,N21,VIIRS,n,2.0NRT,286.56,28.37,N
34.0682,-118.64095,367,0.36,0.58,2025-01-08,0902,N21,VIIRS,h,2.0NRT,288.1,0,N
34.06796,-118.63723,367,0.36,0.57,2025-01-08,0902,N21,VIIRS,h,2.0NRT,295.03,0,N
34.06765,-118.63249,337.06,0.36,0.57,2025-01-08,0902,N21,VIIRS,n,2.0NRT,312.27,223.92,N
34.06735,-118.62776,354.24,0.36,0.57,2025-01-08,0902,N21,VIIRS,n,2.0NRT,305,223.92,N
34.06709,-118.62368,367,0.36,0.57,2025-01-08,0902,N21,VIIRS,h,2.0NRT,301.83,11.85,N
34.06683,-118.61979,367,0.36,0.57,2025-01-08,0902,N21,VIIRS,h,2.0NRT,297.11,11.85,N
34.06658,-118.61588,367,0.36,0.57,2025-01-08,0902,N21,VIIRS,h,2.0NRT,293.3,6.93,N
34.06633,-118.61211,346.18,0.36,0.57,2025-01-08,0902,N21,VIIRS,n,2.0NRT,287.93,6.93,N
34.0661,-118.60849,331.9,0.36,0.57,2025-01-08,0902,N21,VIIRS,n,2.0NRT,285.3,2.73,N
34.06586,-118.6049,336.99,0.36,0.57,2025-01-08,0902,N21,VIIRS,n,2.0NRT,289.29,2.73,N
34.06563,-118.6013,326.49,0.36,0.57,2025-01-08,0902,N21,VIIRS,n,2.0NRT,284.23,7.38,N
34.0654,-118.59776,367,0.36,0.57,2025-01-08,0902,N21,VIIRS,h,2.0NRT,295.17,7.38,N
34.06519,-118.59454,353.07,0.36,0.57,2025-01-08,0902,N21,VIIRS,n,2.0NRT,294.06,12.03,N
34.06501,-118.59169,341.41,0.36,0.57,2025-01-08,0902,N21,VIIRS,n,2.0NRT,292.61,12.03,N
34.06482,-118.58883,367,0.36,0.57,2025-01-08,0902,N21,VIIRS,h,2.0NRT,295.31,47.16,N
34.06456,-118.58495,355.75,0.36,0.57,2025-01-08,0902,N21,VIIRS,n,2.0NRT,292.83,47.16,N
34.06425,-118.58015,324.08,0.36,0.57,2025-01-08,0902,N21,VIIRS,n,2.0NRT,286.59,20.16,N
34.06396,-118.57568,334.46,0.36,0.57,2025-01-08,0902,N21,VIIRS,n,2.0NRT,286.36,20.16,N
34.06367,-118.57128,367,0.36,0.57,2025-01-08,0902,N21,VIIRS,h,2.0NRT,302.12,35.09,N
34.06345,-118.56774,354.57,0.36,0.57,2025-01-08,0902,N21,VIIRS,n,2.0NRT,310.4,35.09,N
34.063,-118.56102,349.26,0.36,0.57,2025-01-08,0902,N21,VIIRS,n,2.0NRT,309.33,56.28,N
34.06277,-118.55746,367,0.36,0.57,2025-01-08,0902,N21,VIIRS,h,2.0NRT,296.63,14.72,N
34.06254,-118.55392,367,0.36,0.57,2025-01-08,0902,N21,VIIRS,h,2.0NRT,288.59,14.72,N
34.06228,-118.55,367,0.36,0.57,2025-01-08,0902,N21,VIIRS,h,2.0NRT,285.63,6.75,N
34.06202,-118.54605,337.64,0.36,0.57,2025-01-08,0902,N21,VIIRS,n,2.0NRT,283.85,6.75,N
34.06177,-118.54221,339.96,0.36,0.57,2025-01-08,0902,N21,VIIRS,n,2.0NRT,284.62,4.18,N
34.06152,-118.53842,329.33,0.36,0.57,2025-01-08,0902,N21,VIIRS,n,2.0NRT,285.31,4.18,N
34.06128,-118.53475,328.08,0.36,0.57,2025-01-08,0902,N21,VIIRS,n,2.0NRT,285.63,3.7,N
34.06104,-118.53109,325.37,0.36,0.57,2025-01-08,0902,N21,VIIRS,n,2.0NRT,284.82,3.7,N
34.0608,-118.5274,327.74,0.36,0.57,2025-01-08,0902,N21,VIIRS,n,2.0NRT,284.42,4.06,N
34.06054,-118.52352,329.2,0.36,0.57,2025-01-08,0902,N21,VIIRS,n,2.0NRT,284.87,4.06,N
34.0603,-118.51975,331.33,0.36,0.57,2025-01-08,0902,N21,VIIRS,n,2.0NRT,285.15,9.93,N
34.06005,-118.51609,333.61,0.36,0.57,2025-01-08,0902,N21,VIIRS,n,2.0NRT,285.5,9.93,N
34.05981,-118.51237,329.16,0.36,0.57,2025-01-08,0902,N21,VIIRS,n,2.0NRT,286.06,12.08,N
34.05957,-118.50871,330,0.36,0.57,2025-01-08,0902,N21,VIIRS,n,2.0NRT,287.27,12.08,N
34.05933,-118.50504,367,0.35,0.57,2025-01-08,0902,N21,VIIRS,h,2.0NRT,289.6,6.05,N
34.06955,-118.66168,297.87,0.36,0.58,2025-01-08,0902,N21,VIIRS,n,2.0NRT,281.32,0.87,N
34.06932,-118.65821,303.48,0.36,0.58,2025-01-08,0902,N21,VIIRS,n,2.0NRT,281.93,0.87,N
34.0691,-118.6548,310.12,0.36,0.58,2025-01-08,0902,N21,VIIRS,n,2.0NRT,281.92,2.69,N
34.06887,-118.65128,318.19,0.36,0.58,2025-01-08,0902,N21,VIIRS,n,2.0NRT,282.13,2.69,N
34.05908,-118.50132,308.52,0.35,0.57,2025-01-08,0902,N21,VIIRS,n,2.0NRT,283.11,6.05,N
34.05885,-118.4977,302.79,0.35,0.57,2025-01-08,0902,N21,VIIRS,n,2.0NRT,283.05,0.77,N
34.05859,-118.49389,299.27,0.35,0.57,2025-01-08,0902,N21,VIIRS,n,2.0NRT,282.52,0.77,N
34.0789,-118.55807,321.54,0.36,0.57,2025-01-08,0902,N21,VIIRS,n,2.0NRT,283.86,5.27,N
34.07854,-118.55321,367,0.36,0.57,2025-01-08,0902,N21,VIIRS,h,2.0NRT,304.07,42.26,N
34.07821,-118.54865,346.33,0.36,0.57,2025-01-08,0902,N21,VIIRS,n,2.0NRT,304.82,42.26,N
34.07792,-118.54459,340,0.36,0.57,2025-01-08,0902,N21,VIIRS,n,2.0NRT,331.77,110.76,N
34.07738,-118.53729,352.96,0.36,0.57,2025-01-08,0902,N21,VIIRS,n,2.0NRT,301.64,0,N
34.07639,-118.52349,367,0.36,0.57,2025-01-08,0902,N21,VIIRS,h,2.0NRT,288.65,22.43,N
34.07615,-118.52027,350.27,0.36,0.57,2025-01-08,0902,N21,VIIRS,n,2.0NRT,285.8,22.43,N
34.0759,-118.51677,335.42,0.36,0.57,2025-01-08,0902,N21,VIIRS,n,2.0NRT,284.39,63.6,N
34.07563,-118.51314,325.45,0.36,0.57,2025-01-08,0902,N21,VIIRS,n,2.0NRT,284.06,63.6,N
34.08471,-118.63851,299.97,0.36,0.57,2025-01-08,0902,N21,VIIRS,n,2.0NRT,280.29,4.48,N
34.08444,-118.63473,304.67,0.36,0.57,2025-01-08,0902,N21,VIIRS,n,2.0NRT,280.78,29.94,N
34.0842,-118.63136,308.42,0.36,0.57,2025-01-08,0902,N21,VIIRS,n,2.0NRT,281.59,29.94,N
34.08395,-118.62793,301.92,0.36,0.57,2025-01-08,0902,N21,VIIRS,n,2.0NRT,281.48,6.15,N
34.07956,-118.56698,302.09,0.36,0.57,2025-01-08,0902,N21,VIIRS,n,2.0NRT,284.15,2.08,N
34.07925,-118.56282,309.29,0.36,0.57,2025-01-08,0902,N21,VIIRS,n,2.0NRT,283.27,5.27,N
34.07536,-118.50942,316.49,0.35,0.57,2025-01-08,0902,N21,VIIRS,n,2.0NRT,283.41,36.74,N
34.07508,-118.50564,309.6,0.35,0.57,2025-01-08,0902,N21,VIIRS,n,2.0NRT,282.43,36.74,N
34.07481,-118.50183,305.34,0.35,0.57,2025-01-08,0902,N21,VIIRS,n,2.0NRT,282.82,1.81,N
34.0797,-118.64291,323.87,0.36,0.58,2025-01-08,0902,N21,VIIRS,n,2.0NRT,280.59,4.48,N
34.07942,-118.63895,339.81,0.36,0.57,2025-01-08,0902,N21,VIIRS,n,2.0NRT,281.59,4.48,N
34.07914,-118.63509,367,0.36,0.57,2025-01-08,0902,N21,VIIRS,h,2.0NRT,284.27,29.94,N
34.07859,-118.62736,334.71,0.36,0.57,2025-01-08,0902,N21,VIIRS,n,2.0NRT,281.99,6.15,N
34.07336,-118.55478,330.56,0.36,0.57,2025-01-08,0902,N21,VIIRS,n,2.0NRT,283.82,42.26,N
34.07303,-118.55017,367,0.36,0.57,2025-01-08,0902,N21,VIIRS,h,2.0NRT,292.44,42.26,N
34.07272,-118.5459,346.46,0.36,0.57,2025-01-08,0902,N21,VIIRS,n,2.0NRT,285.38,110.76,N
34.07244,-118.54211,345.16,0.36,0.57,2025-01-08,0902,N21,VIIRS,n,2.0NRT,285.82,110.76,N
34.07218,-118.53849,354.84,0.36,0.57,2025-01-08,0902,N21,VIIRS,n,2.0NRT,287.16,0,N
34.0719,-118.53461,367,0.36,0.57,2025-01-08,0902,N21,VIIRS,h,2.0NRT,290.74,0,N
34.07162,-118.53076,367,0.36,0.57,2025-01-08,0902,N21,VIIRS,h,2.0NRT,287.82,767.38,N
34.07136,-118.52715,352.93,0.36,0.57,2025-01-08,0902,N21,VIIRS,n,2.0NRT,286.49,767.38,N
34.07112,-118.52385,352.73,0.36,0.57,2025-01-08,0902,N21,VIIRS,n,2.0NRT,288.9,22.43,N
34.07088,-118.52055,367,0.36,0.57,2025-01-08,0902,N21,VIIRS,h,2.0NRT,301.5,22.43,N
34.07064,-118.51721,334.68,0.36,0.57,2025-01-08,0902,N21,VIIRS,n,2.0NRT,317.22,63.6,N
34.07039,-118.51381,341.53,0.36,0.57,2025-01-08,0902,N21,VIIRS,n,2.0NRT,320.71,63.6,N
34.06986,-118.50646,337.03,0.35,0.57,2025-01-08,0902,N21,VIIRS,n,2.0NRT,285.43,36.74,N
34.08023,-118.65038,303.91,0.36,0.58,2025-01-08,0902,N21,VIIRS,n,2.0NRT,280.44,1.86,N
34.07998,-118.64668,313.12,0.36,0.58,2025-01-08,0902,N21,VIIRS,n,2.0NRT,280.28,1.86,N
34.07835,-118.62405,319.32,0.36,0.57,2025-01-08,0902,N21,VIIRS,n,2.0NRT,281.94,6.15,N
34.07811,-118.62066,308.21,0.36,0.57,2025-01-08,0902,N21,VIIRS,n,2.0NRT,281.6,1.66,N
34.07786,-118.6172,301.37,0.36,0.57,2025-01-08,0902,N21,VIIRS,n,2.0NRT,281.54,1.66,N
34.07429,-118.56744,301.11,0.36,0.57,2025-01-08,0902,N21,VIIRS,n,2.0NRT,283.33,2.08,N
34.07402,-118.5638,303.98,0.36,0.57,2025-01-08,0902,N21,VIIRS,n,2.0NRT,283.43,5.27,N
34.07372,-118.5596,309.46,0.36,0.57,2025-01-08,0902,N21,VIIRS,n,2.0NRT,283.33,5.27,N
34.06959,-118.50273,311.62,0.35,0.57,2025-01-08,0902,N21,VIIRS,n,2.0NRT,283.67,1.81,N
34.06932,-118.49903,303.89,0.35,0.57,2025-01-08,0902,N21,VIIRS,n,2.0NRT,283.18,1.81,N
34.07476,-118.64831,325.96,0.36,0.58,2025-01-08,0902,N21,VIIRS,n,2.0NRT,281.06,2.97,N
34.07452,-118.64483,343.98,0.36,0.58,2025-01-08,0902,N21,VIIRS,n,2.0NRT,281.64,53.83,N
34.07427,-118.64131,367,0.36,0.57,2025-01-08,0902,N21,VIIRS,h,2.0NRT,287.49,53.83,N
34.07401,-118.63757,342.55,0.36,0.57,2025-01-08,0902,N21,VIIRS,n,2.0NRT,374.37,0,N
34.07308,-118.62469,367,0.36,0.57,2025-01-08,0902,N21,VIIRS,h,2.0NRT,297.17,168.79,N
34.07281,-118.62102,338.13,0.36,0.57,2025-01-08,0902,N21,VIIRS,n,2.0NRT,283.92,12.83,N
34.07066,-118.59078,333.97,0.36,0.57,2025-01-08,0902,N21,VIIRS,n,2.0NRT,286.16,12.44,N
34.07042,-118.58743,367,0.36,0.57,2025-01-08,0902,N21,VIIRS,h,2.0NRT,306.94,49.02,N
34.07008,-118.58278,334.79,0.36,0.57,2025-01-08,0902,N21,VIIRS,n,2.0NRT,329.29,49.02,N
34.06976,-118.57823,348.44,0.36,0.57,2025-01-08,0902,N21,VIIRS,n,2.0NRT,286.82,18.5,N
34.06874,-118.56408,327.69,0.36,0.57,2025-01-08,0902,N21,VIIRS,n,2.0NRT,285.91,53.93,N
34.06847,-118.56038,367,0.36,0.57,2025-01-08,0902,N21,VIIRS,h,2.0NRT,292.72,53.93,N
34.06816,-118.55598,353.95,0.36,0.57,2025-01-08,0902,N21,VIIRS,n,2.0NRT,289.65,12.85,N
34.06785,-118.55176,322.53,0.36,0.57,2025-01-08,0902,N21,VIIRS,n,2.0NRT,285.24,12.85,N
34.06726,-118.5436,322.49,0.36,0.57,2025-01-08,0902,N21,VIIRS,n,2.0NRT,283.73,5.01,N
34.06699,-118.5399,325.94,0.36,0.57,2025-01-08,0902,N21,VIIRS,n,2.0NRT,284.65,3.83,N
34.06672,-118.53616,328.66,0.36,0.57,2025-01-08,0902,N21,VIIRS,n,2.0NRT,285.39,3.83,N
34.06645,-118.5324,330.24,0.36,0.57,2025-01-08,0902,N21,VIIRS,n,2.0NRT,285.38,3.56,N
34.06618,-118.52872,328.89,0.36,0.57,2025-01-08,0902,N21,VIIRS,n,2.0NRT,284.95,3.56,N
34.06593,-118.52512,330.32,0.36,0.57,2025-01-08,0902,N21,VIIRS,n,2.0NRT,284.7,4,N
34.06567,-118.52154,335.36,0.36,0.57,2025-01-08,0902,N21,VIIRS,n,2.0NRT,285.19,4,N
34.06541,-118.51799,345.29,0.36,0.57,2025-01-08,0902,N21,VIIRS,n,2.0NRT,286.48,9.33,N
34.06515,-118.51443,367,0.36,0.57,2025-01-08,0902,N21,VIIRS,h,2.0NRT,296.2,9.33,N
34.06489,-118.5108,353.9,0.35,0.57,2025-01-08,0902,N21,VIIRS,n,2.0NRT,298.85,13.12,N
34.06462,-118.50713,367,0.35,0.57,2025-01-08,0902,N21,VIIRS,h,2.0NRT,303.4,13.12,N
34.06436,-118.50349,334.07,0.35,0.57,2025-01-08,0902,N21,VIIRS,n,2.0NRT,285.86,5.06,N
34.07526,-118.65525,304.49,0.36,0.58,2025-01-08,0902,N21,VIIRS,n,2.0NRT,280.66,1.2,N
34.07501,-118.65174,314.08,0.36,0.58,2025-01-08,0902,N21,VIIRS,n,2.0NRT,280.99,2.97,N
34.07256,-118.61741,312.43,0.36,0.57,2025-01-08,0902,N21,VIIRS,n,2.0NRT,281.16,12.83,N
34.07231,-118.61385,303.62,0.36,0.57,2025-01-08,0902,N21,VIIRS,n,2.0NRT,281.54,8.06,N
34.07088,-118.59391,304.85,0.36,0.57,2025-01-08,0902,N21,VIIRS,n,2.0NRT,283.87,12.44,N
34.06949,-118.57449,316.77,0.36,0.57,2025-01-08,0902,N21,VIIRS,n,2.0NRT,284.76,18.5,N
34.06923,-118.57091,314.55,0.36,0.57,2025-01-08,0902,N21,VIIRS,n,2.0NRT,284.55,37.55,N
34.06899,-118.56752,318.62,0.36,0.57,2025-01-08,0902,N21,VIIRS,n,2.0NRT,284.76,37.55,N
34.06755,-118.54755,317.9,0.36,0.57,2025-01-08,0902,N21,VIIRS,n,2.0NRT,284.6,5.01,N
34.0641,-118.49982,305.51,0.35,0.57,2025-01-08,0902,N21,VIIRS,n,2.0NRT,283.29,5.06,N
34.06384,-118.4962,300.73,0.35,0.57,2025-01-08,0902,N21,VIIRS,n,2.0NRT,283.18,1.02,N
34.06958,-118.65022,321.31,0.36,0.58,2025-01-08,0902,N21,VIIRS,n,2.0NRT,281.83,2.97,N
34.06934,-118.64672,336.75,0.36,0.58,2025-01-08,0902,N21,VIIRS,n,2.0NRT,283.74,53.83,N
34.06909,-118.64326,367,0.36,0.57,2025-01-08,0902,N21,VIIRS,h,2.0NRT,287.45,53.83,N
34.06886,-118.63991,367,0.36,0.57,2025-01-08,0902,N21,VIIRS,h,2.0NRT,289.02,0,N
34.06858,-118.63604,367,0.36,0.57,2025-01-08,0902,N21,VIIRS,h,2.0NRT,304.76,0,N
34.06821,-118.63097,343.04,0.36,0.57,2025-01-08,0902,N21,VIIRS,n,2.0NRT,311.19,168.79,N
34.06789,-118.62655,367,0.36,0.57,2025-01-08,0902,N21,VIIRS,h,2.0NRT,303.29,168.79,N
34.06761,-118.62254,367,0.36,0.57,2025-01-08,0902,N21,VIIRS,h,2.0NRT,301.21,12.83,N
34.06733,-118.61869,367,0.36,0.57,2025-01-08,0902,N21,VIIRS,h,2.0NRT,295.86,12.83,N
34.06707,-118.61488,367,0.36,0.57,2025-01-08,0902,N21,VIIRS,h,2.0NRT,292.12,8.06,N
34.0668,-118.61117,339.34,0.36,0.57,2025-01-08,0902,N21,VIIRS,n,2.0NRT,286.88,8.06,N
34.06654,-118.60763,330.88,0.36,0.57,2025-01-08,0902,N21,VIIRS,n,2.0NRT,285.23,4.89,N
34.0663,-118.60406,332.63,0.36,0.57,2025-01-08,0902,N21,VIIRS,n,2.0NRT,287.68,4.89,N
34.06604,-118.60051,325.94,0.36,0.57,2025-01-08,0902,N21,VIIRS,n,2.0NRT,283.93,15.38,N
34.06579,-118.59702,367,0.36,0.57,2025-01-08,0902,N21,VIIRS,h,2.0NRT,298.33,15.38,N
34.06557,-118.59391,355.87,0.36,0.57,2025-01-08,0902,N21,VIIRS,n,2.0NRT,292.3,12.44,N
34.06537,-118.59106,346.34,0.36,0.57,2025-01-08,0902,N21,VIIRS,n,2.0NRT,292.94,12.44,N
34.06516,-118.58805,367,0.36,0.57,2025-01-08,0902,N21,VIIRS,h,2.0NRT,296,49.02,N
34.06487,-118.58395,367,0.36,0.57,2025-01-08,0902,N21,VIIRS,h,2.0NRT,292.99,49.02,N
34.06451,-118.57909,323.54,0.36,0.57,2025-01-08,0902,N21,VIIRS,n,2.0NRT,285.51,18.5,N
34.0642,-118.57475,354.5,0.36,0.57,2025-01-08,0902,N21,VIIRS,n,2.0NRT,288.98,18.5,N
34.0639,-118.57056,367,0.36,0.57,2025-01-08,0902,N21,VIIRS,h,2.0NRT,303.85,37.55,N
34.06365,-118.5671,354.59,0.36,0.57,2025-01-08,0902,N21,VIIRS,n,2.0NRT,316.83,37.55,N
34.06317,-118.56033,336.65,0.36,0.57,2025-01-08,0902,N21,VIIRS,n,2.0NRT,308.78,53.93,N
34.06292,-118.55677,367,0.36,0.57,2025-01-08,0902,N21,VIIRS,h,2.0NRT,295.7,12.85,N
34.06266,-118.55314,367,0.36,0.57,2025-01-08,0902,N21,VIIRS,h,2.0NRT,287.49,12.85,N
34.06237,-118.5492,347.38,0.36,0.57,2025-01-08,0902,N21,VIIRS,n,2.0NRT,284.84,5.01,N
34.06209,-118.54528,335.8,0.36,0.57,2025-01-08,0902,N21,VIIRS,n,2.0NRT,284.02,5.01,N
34.06182,-118.54146,335.64,0.36,0.57,2025-01-08,0902,N21,VIIRS,n,2.0NRT,284.84,3.83,N
34.06155,-118.53771,327.78,0.36,0.57,2025-01-08,0902,N21,VIIRS,n,2.0NRT,285.27,3.83,N
34.06128,-118.53405,326.27,0.36,0.57,2025-01-08,0902,N21,VIIRS,n,2.0NRT,285.46,3.56,N
34.06102,-118.5304,325.03,0.36,0.57,2025-01-08,0902,N21,VIIRS,n,2.0NRT,284.79,3.56,N
34.06075,-118.52666,328.17,0.36,0.57,2025-01-08,0902,N21,VIIRS,n,2.0NRT,284.27,4,N
34.06047,-118.5228,328.85,0.36,0.57,2025-01-08,0902,N21,VIIRS,n,2.0NRT,284.89,4,N
34.0602,-118.51905,330.38,0.36,0.57,2025-01-08,0902,N21,VIIRS,n,2.0NRT,285.18,9.33,N
34.05994,-118.51538,331.94,0.36,0.57,2025-01-08,0902,N21,VIIRS,n,2.0NRT,285.94,9.33,N
34.05967,-118.51168,327.37,0.35,0.57,2025-01-08,0902,N21,VIIRS,n,2.0NRT,285.94,13.12,N
34.05941,-118.50802,333.43,0.35,0.57,2025-01-08,0902,N21,VIIRS,n,2.0NRT,288.01,13.12,N
34.05914,-118.50436,367,0.35,0.57,2025-01-08,0902,N21,VIIRS,h,2.0NRT,287.77,5.06,N
34.07031,-118.66056,299.01,0.36,0.58,2025-01-08,0902,N21,VIIRS,n,2.0NRT,281.1,1.2,N
34.07007,-118.65714,304.62,0.36,0.58,2025-01-08,0902,N21,VIIRS,n,2.0NRT,281.63,1.2,N
34.06983,-118.6537,312.42,0.36,0.58,2025-01-08,0902,N21,VIIRS,n,2.0NRT,281.84,2.97,N
34.05888,-118.50064,306.57,0.35,0.57,2025-01-08,0902,N21,VIIRS,n,2.0NRT,282.81,5.06,N
34.05862,-118.49702,301.83,0.35,0.57,2025-01-08,0902,N21,VIIRS,n,2.0NRT,283.21,1.02,N
34.0641,-118.64796,320.75,0.36,0.58,2025-01-08,0902,N21,VIIRS,n,2.0NRT,282.61,18.61,N
34.06385,-118.64439,327.86,0.36,0.57,2025-01-08,0902,N21,VIIRS,n,2.0NRT,284.06,18.61,N
34.06363,-118.6413,336.31,0.36,0.57,2025-01-08,0902,N21,VIIRS,n,2.0NRT,284.96,42.03,N
34.0634,-118.63799,367,0.36,0.57,2025-01-08,0902,N21,VIIRS,h,2.0NRT,288.11,42.03,N
34.0631,-118.63383,352.43,0.36,0.57,2025-01-08,0902,N21,VIIRS,n,2.0NRT,312.58,25.75,N
34.06276,-118.62909,367,0.36,0.57,2025-01-08,0902,N21,VIIRS,h,2.0NRT,305.84,25.75,N
34.06247,-118.62486,353.85,0.36,0.57,2025-01-08,0902,N21,VIIRS,n,2.0NRT,299.41,13.24,N
34.06216,-118.62069,367,0.36,0.57,2025-01-08,0902,N21,VIIRS,h,2.0NRT,301.68,13.24,N
34.06187,-118.61649,367,0.36,0.57,2025-01-08,0902,N21,VIIRS,h,2.0NRT,290.35,8.32,N
34.06157,-118.61238,367,0.36,0.57,2025-01-08,0902,N21,VIIRS,h,2.0NRT,290.08,8.32,N
34.0613,-118.60857,336.99,0.36,0.57,2025-01-08,0902,N21,VIIRS,n,2.0NRT,290.49,2.93,N
34.06029,-118.59428,337.73,0.36,0.57,2025-01-08,0902,N21,VIIRS,n,2.0NRT,291.44,4.13,N
34.06009,-118.59143,345.02,0.36,0.57,2025-01-08,0902,N21,VIIRS,n,2.0NRT,294.05,4.13,N
34.05988,-118.58846,349.45,0.36,0.57,2025-01-08,0902,N21,VIIRS,n,2.0NRT,294.5,5.92,N
34.05962,-118.58485,367,0.36,0.57,2025-01-08,0902,N21,VIIRS,h,2.0NRT,295.8,5.92,N
34.05932,-118.58065,325.1,0.36,0.57,2025-01-08,0902,N21,VIIRS,n,2.0NRT,288.38,2.51,N
34.05794,-118.5613,322.42,0.36,0.57,2025-01-08,0902,N21,VIIRS,n,2.0NRT,285.63,2.16,N
34.0577,-118.55791,331.71,0.36,0.57,2025-01-08,0902,N21,VIIRS,n,2.0NRT,286.42,9.38,N
34.05745,-118.55438,367,0.36,0.57,2025-01-08,0902,N21,VIIRS,h,2.0NRT,289.89,9.38,N
34.05718,-118.55065,367,0.36,0.57,2025-01-08,0902,N21,VIIRS,h,2.0NRT,287.27,55.37,N
34.0569,-118.54676,367,0.36,0.57,2025-01-08,0902,N21,VIIRS,h,2.0NRT,294.23,55.37,N
34.05663,-118.54291,352.17,0.36,0.57,2025-01-08,0902,N21,VIIRS,n,2.0NRT,292.47,82.34,N
34.05637,-118.53926,367,0.36,0.57,2025-01-08,0902,N21,VIIRS,h,2.0NRT,290.71,82.34,N
34.0561,-118.5356,353.29,0.36,0.57,2025-01-08,0902,N21,VIIRS,n,2.0NRT,287.31,24.58,N
34.05583,-118.5318,343.51,0.36,0.57,2025-01-08,0902,N21,VIIRS,n,2.0NRT,285.96,24.58,N
34.05556,-118.52802,350.86,0.36,0.57,2025-01-08,0902,N21,VIIRS,n,2.0NRT,286.75,147.81,N
34.05529,-118.52418,367,0.36,0.57,2025-01-08,0902,N21,VIIRS,h,2.0NRT,292.23,147.81,N
34.055,-118.52027,354.07,0.36,0.57,2025-01-08,0902,N21,VIIRS,n,2.0NRT,294.19,284.57,N
34.05474,-118.51658,367,0.36,0.57,2025-01-08,0902,N21,VIIRS,h,2.0NRT,289.02,284.57,N
34.05448,-118.513,346.78,0.35,0.57,2025-01-08,0902,N21,VIIRS,n,2.0NRT,286.99,27.9,N
34.0542,-118.50909,348.61,0.35,0.57,2025-01-08,0902,N21,VIIRS,n,2.0NRT,287.73,27.9,N
34.05393,-118.50531,344.67,0.35,0.57,2025-01-08,0902,N21,VIIRS,n,2.0NRT,285.91,4.02,N
34.06489,-118.65921,301.25,0.36,0.58,2025-01-08,0902,N21,VIIRS,n,2.0NRT,283.3,1.35,N
34.06464,-118.65569,305.99,0.36,0.58,2025-01-08,0902,N21,VIIRS,n,2.0NRT,282.8,5.73,N
34.06438,-118.65194,313.8,0.36,0.58,2025-01-08,0902,N21,VIIRS,n,2.0NRT,282.08,5.73,N
34.06104,-118.60486,319.49,0.36,0.57,2025-01-08,0902,N21,VIIRS,n,2.0NRT,287.97,2.93,N
34.06077,-118.60111,310,0.36,0.57,2025-01-08,0902,N21,VIIRS,n,2.0NRT,284.77,1.86,N
34.06051,-118.59743,316.67,0.36,0.57,2025-01-08,0902,N21,VIIRS,n,2.0NRT,285.96,1.86,N
34.05901,-118.57633,307.73,0.36,0.57,2025-01-08,0902,N21,VIIRS,n,2.0NRT,284.97,2.51,N
34.0587,-118.57201,310.97,0.36,0.57,2025-01-08,0902,N21,VIIRS,n,2.0NRT,285.01,1.91,N
34.05843,-118.56826,313.77,0.36,0.57,2025-01-08,0902,N21,VIIRS,n,2.0NRT,285.2,1.91,N
34.05819,-118.56479,315.2,0.36,0.57,2025-01-08,0902,N21,VIIRS,n,2.0NRT,285.01,2.16,N
34.05366,-118.50154,307.86,0.35,0.57,2025-01-08,0902,N21,VIIRS,n,2.0NRT,283.58,4.02,N
34.05339,-118.49783,303.71,0.35,0.57,2025-01-08,0902,N21,VIIRS,n,2.0NRT,282.94,0.86,N
34.05312,-118.49403,300.16,0.35,0.57,2025-01-08,0902,N21,VIIRS,n,2.0NRT,282.61,0.86,N
34.05919,-118.65382,367,0.36,0.58,2025-01-08,0902,N21,VIIRS,h,2.0NRT,286.18,5.73,N
34.0589,-118.64976,354.08,0.36,0.58,2025-01-08,0902,N21,VIIRS,n,2.0NRT,296.23,18.61,N
34.05863,-118.64592,367,0.36,0.57,2025-01-08,0902,N21,VIIRS,h,2.0NRT,297.19,18.61,N
34.0584,-118.6426,344.04,0.36,0.57,2025-01-08,0902,N21,VIIRS,n,2.0NRT,328.44,42.03,N
34.05817,-118.63942,337.05,0.36,0.57,2025-01-08,0902,N21,VIIRS,n,2.0NRT,314.69,42.03,N
34.0579,-118.6356,355.24,0.36,0.57,2025-01-08,0902,N21,VIIRS,n,2.0NRT,303.74,25.75,N
34.05756,-118.63065,367,0.36,0.57,2025-01-08,0902,N21,VIIRS,h,2.0NRT,304.54,25.75,N
34.05723,-118.62605,355.32,0.36,0.57,2025-01-08,0902,N21,VIIRS,n,2.0NRT,300.26,13.24,N
34.05692,-118.62166,367,0.36,0.57,2025-01-08,0902,N21,VIIRS,h,2.0NRT,296.23,13.24,N
34.05662,-118.61742,321.63,0.36,0.57,2025-01-08,0902,N21,VIIRS,n,2.0NRT,285.53,8.32,N
34.0546,-118.58888,321.69,0.36,0.57,2025-01-08,0902,N21,VIIRS,n,2.0NRT,287.58,5.92,N
34.05436,-118.58554,325.67,0.36,0.57,2025-01-08,0902,N21,VIIRS,n,2.0NRT,288.41,5.92,N
34.05249,-118.55922,323.92,0.36,0.57,2025-01-08,0902,N21,VIIRS,n,2.0NRT,284.81,9.38,N
34.05226,-118.5558,345.74,0.36,0.57,2025-01-08,0902,N21,VIIRS,n,2.0NRT,285.7,9.38,N
34.05198,-118.55196,367,0.36,0.57,2025-01-08,0902,N21,VIIRS,h,2.0NRT,289.08,55.37,N
34.0517,-118.54811,339.14,0.36,0.57,2025-01-08,0902,N21,VIIRS,n,2.0NRT,312.75,55.37,N
34.05117,-118.54054,339.7,0.36,0.57,2025-01-08,0902,N21,VIIRS,n,2.0NRT,305.03,82.34,N
34.0509,-118.53684,350.25,0.36,0.57,2025-01-08,0902,N21,VIIRS,n,2.0NRT,293.65,24.58,N
34.05062,-118.53292,353.63,0.36,0.57,2025-01-08,0902,N21,VIIRS,n,2.0NRT,289.94,24.58,N
34.05036,-118.52919,367,0.36,0.57,2025-01-08,0902,N21,VIIRS,h,2.0NRT,303.74,147.81,N
34.04927,-118.51397,334.73,0.35,0.57,2025-01-08,0902,N21,VIIRS,n,2.0NRT,310.45,27.9,N
34.04899,-118.51006,367,0.35,0.57,2025-01-08,0902,N21,VIIRS,h,2.0NRT,290.55,27.9,N
34.04871,-118.50619,323.56,0.35,0.57,2025-01-08,0902,N21,VIIRS,n,2.0NRT,284.03,4.02,N
34.0597,-118.66118,301.32,0.36,0.58,2025-01-08,0902,N21,VIIRS,n,2.0NRT,283.71,1.35,N
34.05946,-118.65759,310.23,0.36,0.58,2025-01-08,0902,N21,VIIRS,n,2.0NRT,283.74,5.73,N
34.05633,-118.61338,319.59,0.36,0.57,2025-01-08,0902,N21,VIIRS,n,2.0NRT,285.51,8.32,N
34.05606,-118.6096,306.87,0.36,0.57,2025-01-08,0902,N21,VIIRS,n,2.0NRT,283.89,2.93,N
34.05581,-118.60595,302.88,0.36,0.57,2025-01-08,0902,N21,VIIRS,n,2.0NRT,283.52,2.93,N
34.05555,-118.60236,303.08,0.36,0.57,2025-01-08,0902,N21,VIIRS,n,2.0NRT,283.69,1.86,N
34.05529,-118.59875,302.35,0.36,0.57,2025-01-08,0902,N21,VIIRS,n,2.0NRT,283.96,1.86,N
34.05506,-118.59534,307.49,0.36,0.57,2025-01-08,0902,N21,VIIRS,n,2.0NRT,285.53,4.13,N
34.05483,-118.59212,309.15,0.36,0.57,2025-01-08,0902,N21,VIIRS,n,2.0NRT,285.99,4.13,N
34.05412,-118.58204,316.33,0.36,0.57,2025-01-08,0902,N21,VIIRS,n,2.0NRT,288.01,2.51,N
34.05386,-118.57845,303.9,0.36,0.57,2025-01-08,0902,N21,VIIRS,n,2.0NRT,284.78,2.51,N
34.05328,-118.57018,306.59,0.36,0.57,2025-01-08,0902,N21,VIIRS,n,2.0NRT,285.07,1.91,N
34.05301,-118.56641,307.32,0.36,0.57,2025-01-08,0902,N21,VIIRS,n,2.0NRT,284.9,2.16,N
34.05275,-118.56273,312.77,0.36,0.57,2025-01-08,0902,N21,VIIRS,n,2.0NRT,284.78,2.16,N
34.04845,-118.50246,310.91,0.35,0.57,2025-01-08,0902,N21,VIIRS,n,2.0NRT,282.38,4.02,N
34.04816,-118.49854,304.67,0.35,0.57,2025-01-08,0902,N21,VIIRS,n,2.0NRT,281.82,0.86,N
34.04789,-118.49473,301.61,0.35,0.57,2025-01-08,0902,N21,VIIRS,n,2.0NRT,282.72,0.86,N
34.05425,-118.65932,328.86,0.36,0.58,2025-01-08,0902,N21,VIIRS,n,2.0NRT,284.2,13.38,N
34.05399,-118.65559,367,0.36,0.58,2025-01-08,0902,N21,VIIRS,h,2.0NRT,294.9,13.38,N
34.05371,-118.65168,349.72,0.36,0.58,2025-01-08,0902,N21,VIIRS,n,2.0NRT,301.76,39.41,N
34.05343,-118.64764,367,0.36,0.57,2025-01-08,0902,N21,VIIRS,h,2.0NRT,306.44,39.41,N
34.05318,-118.64404,350.21,0.36,0.57,2025-01-08,0902,N21,VIIRS,n,2.0NRT,317.27,68.52,N
34.05269,-118.63707,367,0.36,0.57,2025-01-08,0902,N21,VIIRS,h,2.0NRT,302.26,11.02,N
34.05235,-118.63223,344.75,0.36,0.57,2025-01-08,0902,N21,VIIRS,n,2.0NRT,292.12,11.02,N
34.05201,-118.62743,331.45,0.36,0.57,2025-01-08,0902,N21,VIIRS,n,2.0NRT,289.23,6.95,N
34.0517,-118.62306,329.62,0.36,0.57,2025-01-08,0902,N21,VIIRS,n,2.0NRT,288.77,6.95,N
34.04812,-118.5722,367,0.36,0.57,2025-01-08,0902,N21,VIIRS,h,2.0NRT,290.2,35.24,N
34.04784,-118.56828,334.12,0.36,0.57,2025-01-08,0902,N21,VIIRS,n,2.0NRT,286.31,17.38,N
34.0473,-118.56066,343.52,0.36,0.57,2025-01-08,0902,N21,VIIRS,n,2.0NRT,285.98,11.3,N
34.04705,-118.55706,353.09,0.36,0.57,2025-01-08,0902,N21,VIIRS,n,2.0NRT,287.74,11.3,N
34.04677,-118.55322,367,0.36,0.57,2025-01-08,0902,N21,VIIRS,h,2.0NRT,286.6,18.47,N
34.0465,-118.54939,367,0.36,0.57,2025-01-08,0902,N21,VIIRS,h,2.0NRT,296.61,18.47,N
34.04623,-118.54552,337.22,0.36,0.57,2025-01-08,0902,N21,VIIRS,n,2.0NRT,300.36,76.53,N
34.04596,-118.54169,367,0.36,0.57,2025-01-08,0902,N21,VIIRS,h,2.0NRT,321.93,76.53,N
34.04569,-118.5379,367,0.36,0.57,2025-01-08,0902,N21,VIIRS,h,2.0NRT,288.81,65.55,N
34.04541,-118.53401,367,0.36,0.57,2025-01-08,0902,N21,VIIRS,h,2.0NRT,297.56,65.55,N
34.04514,-118.53014,344.91,0.36,0.57,2025-01-08,0902,N21,VIIRS,n,2.0NRT,316.17,223.49,N
34.04486,-118.52621,367,0.36,0.57,2025-01-08,0902,N21,VIIRS,h,2.0NRT,332.67,223.49,N
34.04404,-118.51481,333.99,0.35,0.57,2025-01-08,0902,N21,VIIRS,n,2.0NRT,291.57,22.43,N
34.04377,-118.51094,333.88,0.35,0.57,2025-01-08,0902,N21,VIIRS,n,2.0NRT,285.36,22.43,N
34.05474,-118.6664,300.13,0.36,0.58,2025-01-08,0902,N21,VIIRS,n,2.0NRT,282.74,1.43,N
34.0545,-118.66294,312.66,0.36,0.58,2025-01-08,0902,N21,VIIRS,n,2.0NRT,283.58,1.43,N
34.05141,-118.61894,314.49,0.36,0.57,2025-01-08,0902,N21,VIIRS,n,2.0NRT,285.51,6.7,N
34.05114,-118.61504,304.89,0.36,0.57,2025-01-08,0902,N21,VIIRS,n,2.0NRT,284.45,6.7,N
34.05087,-118.61127,303.34,0.36,0.57,2025-01-08,0902,N21,VIIRS,n,2.0NRT,284.78,1.05,N
34.05062,-118.60768,303.82,0.36,0.57,2025-01-08,0902,N21,VIIRS,n,2.0NRT,285.13,1.05,N
34.05037,-118.60414,303.23,0.36,0.57,2025-01-08,0902,N21,VIIRS,n,2.0NRT,284.64,3.59,N
34.04987,-118.59704,303.58,0.36,0.57,2025-01-08,0902,N21,VIIRS,n,2.0NRT,285.22,1.94,N
34.04963,-118.59363,303.78,0.36,0.57,2025-01-08,0902,N21,VIIRS,n,2.0NRT,285.41,1.94,N
34.04939,-118.59024,303.11,0.36,0.57,2025-01-08,0902,N21,VIIRS,n,2.0NRT,285.12,1.61,N
34.04916,-118.58694,306.27,0.36,0.57,2025-01-08,0902,N21,VIIRS,n,2.0NRT,284.98,1.61,N
34.04891,-118.58347,309.36,0.36,0.57,2025-01-08,0902,N21,VIIRS,n,2.0NRT,286.03,5.57,N
34.04868,-118.58015,309.54,0.36,0.57,2025-01-08,0902,N21,VIIRS,n,2.0NRT,286.46,5.57,N
34.0484,-118.57621,316.75,0.36,0.57,2025-01-08,0902,N21,VIIRS,n,2.0NRT,286.31,35.24,N
34.04757,-118.56444,318.33,0.36,0.57,2025-01-08,0902,N21,VIIRS,n,2.0NRT,285.32,17.38,N
34.0435,-118.50712,317.64,0.35,0.57,2025-01-08,0902,N21,VIIRS,n,2.0NRT,283.03,1.37,N
34.04321,-118.50315,308.93,0.35,0.57,2025-01-08,0902,N21,VIIRS,n,2.0NRT,282.35,1.37,N
34.04293,-118.49924,303.42,0.35,0.57,2025-01-08,0902,N21,VIIRS,n,2.0NRT,283.42,0.69,N
34.04266,-118.49541,300.05,0.35,0.57,2025-01-08,0902,N21,VIIRS,n,2.0NRT,283.62,0.69,N
34.04905,-118.66113,327.55,0.36,0.58,2025-01-08,0902,N21,VIIRS,n,2.0NRT,284.76,13.38,N
34.0488,-118.65753,350.8,0.36,0.58,2025-01-08,0902,N21,VIIRS,n,2.0NRT,287.67,13.38,N
34.04855,-118.65384,367,0.36,0.58,2025-01-08,0902,N21,VIIRS,h,2.0NRT,298.83,39.41,N
34.04825,-118.64964,367,0.36,0.57,2025-01-08,0902,N21,VIIRS,h,2.0NRT,303.06,39.41,N
34.04797,-118.64558,352.29,0.36,0.57,2025-01-08,0902,N21,VIIRS,n,2.0NRT,305.26,68.52,N
34.04771,-118.64197,367,0.36,0.57,2025-01-08,0902,N21,VIIRS,h,2.0NRT,308.22,68.52,N
34.04745,-118.63824,367,0.36,0.57,2025-01-08,0902,N21,VIIRS,h,2.0NRT,300.2,11.02,N
34.04715,-118.6339,330.67,0.36,0.57,2025-01-08,0902,N21,VIIRS,n,2.0NRT,289.08,11.02,N
34.04681,-118.62912,322.03,0.36,0.57,2025-01-08,0902,N21,VIIRS,n,2.0NRT,286.25,6.95,N
34.04652,-118.62496,367,0.36,0.57,2025-01-08,0902,N21,VIIRS,h,2.0NRT,289.13,6.95,N
34.04624,-118.621,354.91,0.36,0.57,2025-01-08,0902,N21,VIIRS,n,2.0NRT,291.07,6.7,N
34.04347,-118.58147,326.34,0.36,0.57,2025-01-08,0902,N21,VIIRS,n,2.0NRT,286.86,5.57,N
34.04321,-118.57771,367,0.36,0.57,2025-01-08,0902,N21,VIIRS,h,2.0NRT,308.09,35.24,N
34.04293,-118.57375,321.58,0.36,0.57,2025-01-08,0902,N21,VIIRS,n,2.0NRT,312.64,35.24,N
34.04265,-118.56983,344.03,0.36,0.57,2025-01-08,0902,N21,VIIRS,n,2.0NRT,296.18,17.38,N
34.04238,-118.56602,367,0.36,0.57,2025-01-08,0902,N21,VIIRS,h,2.0NRT,292.85,17.38,N
34.0421,-118.56204,351.35,0.36,0.57,2025-01-08,0902,N21,VIIRS,n,2.0NRT,291.75,11.3,N
34.04183,-118.55827,347.54,0.36,0.57,2025-01-08,0902,N21,VIIRS,n,2.0NRT,286.29,11.3,N
34.04156,-118.55441,346.25,0.36,0.57,2025-01-08,0902,N21,VIIRS,n,2.0NRT,286.49,18.47,N
34.04129,-118.5506,347.22,0.36,0.57,2025-01-08,0902,N21,VIIRS,n,2.0NRT,288.8,18.47,N
34.04075,-118.54289,348.05,0.36,0.57,2025-01-08,0902,N21,VIIRS,n,2.0NRT,294.02,76.53,N
34.04047,-118.53899,367,0.36,0.57,2025-01-08,0902,N21,VIIRS,h,2.0NRT,295.34,65.55,N
34.04018,-118.53491,325.56,0.36,0.57,2025-01-08,0902,N21,VIIRS,n,2.0NRT,313.03,65.55,N
34.03991,-118.53102,348.21,0.36,0.57,2025-01-08,0902,N21,VIIRS,n,2.0NRT,343.38,223.49,N
34.03934,-118.52306,367,0.36,0.57,2025-01-08,0902,N21,VIIRS,h,2.0NRT,341.18,704.57,N
34.03881,-118.51554,339.45,0.35,0.57,2025-01-08,0902,N21,VIIRS,n,2.0NRT,286.67,22.43,N
34.03854,-118.5117,320.39,0.35,0.57,2025-01-08,0902,N21,VIIRS,n,2.0NRT,285.04,22.43,N
34.04955,-118.66833,301.22,0.36,0.58,2025-01-08,0902,N21,VIIRS,n,2.0NRT,283.15,1.43,N
34.0493,-118.66476,312.83,0.36,0.58,2025-01-08,0902,N21,VIIRS,n,2.0NRT,283.73,1.43,N
34.04597,-118.61716,317.99,0.36,0.57,2025-01-08,0902,N21,VIIRS,n,2.0NRT,285.86,6.7,N
34.04571,-118.61345,306.44,0.36,0.57,2025-01-08,0902,N21,VIIRS,n,2.0NRT,285.05,1.05,N
34.04546,-118.6098,302.79,0.36,0.57,2025-01-08,0902,N21,VIIRS,n,2.0NRT,284.51,1.05,N
34.04397,-118.5886,305.73,0.36,0.57,2025-01-08,0902,N21,VIIRS,n,2.0NRT,285.28,1.61,N
34.0437,-118.58475,309.87,0.36,0.57,2025-01-08,0902,N21,VIIRS,n,2.0NRT,284.71,5.57,N
34.03826,-118.50784,310.62,0.35,0.57,2025-01-08,0902,N21,VIIRS,n,2.0NRT,283.78,1.37,N
34.03798,-118.50381,305.03,0.35,0.57,2025-01-08,0902,N21,VIIRS,n,2.0NRT,283.72,1.37,N
34.0377,-118.49992,300.92,0.35,0.57,2025-01-08,0902,N21,VIIRS,n,2.0NRT,283.54,0.69,N
34.04412,-118.66687,335.47,0.36,0.58,2025-01-08,0902,N21,VIIRS,n,2.0NRT,284.09,4.56,N
34.04384,-118.66282,367,0.36,0.58,2025-01-08,0902,N21,VIIRS,h,2.0NRT,293.49,130.84,N
34.04336,-118.65585,326.19,0.36,0.58,2025-01-08,0902,N21,VIIRS,n,2.0NRT,314.43,63.52,N
34.04306,-118.65164,343.45,0.36,0.57,2025-01-08,0902,N21,VIIRS,n,2.0NRT,306.18,63.52,N
34.04277,-118.64737,349.05,0.36,0.57,2025-01-08,0902,N21,VIIRS,n,2.0NRT,306.22,56.7,N
34.0425,-118.64355,353.58,0.36,0.57,2025-01-08,0902,N21,VIIRS,n,2.0NRT,305.49,56.7,N
34.04223,-118.6397,353.67,0.36,0.57,2025-01-08,0902,N21,VIIRS,n,2.0NRT,300.66,74.17,N
34.04196,-118.63581,353.89,0.36,0.57,2025-01-08,0902,N21,VIIRS,n,2.0NRT,296.08,74.17,N
34.04165,-118.63141,367,0.36,0.57,2025-01-08,0902,N21,VIIRS,h,2.0NRT,291.17,13.06,N
34.04138,-118.62743,336.07,0.36,0.57,2025-01-08,0902,N21,VIIRS,n,2.0NRT,287.29,13.06,N
34.04111,-118.62354,367,0.36,0.57,2025-01-08,0902,N21,VIIRS,h,2.0NRT,297.4,29.9,N
34.04084,-118.61974,367,0.36,0.57,2025-01-08,0902,N21,VIIRS,h,2.0NRT,297.62,29.9,N
34.04057,-118.61594,367,0.36,0.57,2025-01-08,0902,N21,VIIRS,h,2.0NRT,298.09,34.61,N
34.04032,-118.61224,367,0.36,0.57,2025-01-08,0902,N21,VIIRS,h,2.0NRT,289.78,34.61,N
34.04007,-118.60872,321.77,0.36,0.57,2025-01-08,0902,N21,VIIRS,n,2.0NRT,285.72,6.05,N
34.03981,-118.6049,326.49,0.36,0.57,2025-01-08,0902,N21,VIIRS,n,2.0NRT,285.98,6.05,N
34.03903,-118.59384,345.18,0.36,0.57,2025-01-08,0902,N21,VIIRS,n,2.0NRT,288.2,9.71,N
34.03876,-118.59003,351.44,0.36,0.57,2025-01-08,0902,N21,VIIRS,n,2.0NRT,288.45,9.71,N
34.03848,-118.58601,367,0.36,0.57,2025-01-08,0902,N21,VIIRS,h,2.0NRT,287.22,6.84,N
34.03798,-118.57877,336.11,0.36,0.57,2025-01-08,0902,N21,VIIRS,n,2.0NRT,286.29,3.92,N
34.03771,-118.57494,320.7,0.36,0.57,2025-01-08,0902,N21,VIIRS,n,2.0NRT,284.85,3.92,N
34.03662,-118.55946,325.21,0.36,0.57,2025-01-08,0902,N21,VIIRS,n,2.0NRT,284.37,1.71,N
34.03553,-118.54395,325.75,0.36,0.57,2025-01-08,0902,N21,VIIRS,n,2.0NRT,285.04,2.15,N
34.03469,-118.53195,367,0.36,0.57,2025-01-08,0902,N21,VIIRS,h,2.0NRT,304.4,21.06,N
34.0344,-118.52792,355.45,0.36,0.57,2025-01-08,0902,N21,VIIRS,n,2.0NRT,314.63,21.06,N
34.03412,-118.52402,367,0.36,0.57,2025-01-08,0902,N21,VIIRS,h,2.0NRT,291.16,6.64,N
34.03385,-118.52017,327.74,0.36,0.57,2025-01-08,0902,N21,VIIRS,n,2.0NRT,285.84,6.64,N
34.04501,-118.67966,299.53,0.36,0.58,2025-01-08,0902,N21,VIIRS,n,2.0NRT,283.92,1.1,N
34.04469,-118.67497,304.91,0.36,0.58,2025-01-08,0902,N21,VIIRS,n,2.0NRT,283.13,1.1,N
34.04437,-118.67041,317.29,0.36,0.58,2025-01-08,0902,N21,VIIRS,n,2.0NRT,283.29,4.56,N
34.03956,-118.60139,305.93,0.36,0.57,2025-01-08,0902,N21,VIIRS,n,2.0NRT,284.44,3.35,N
34.03926,-118.59715,315.18,0.36,0.57,2025-01-08,0902,N21,VIIRS,n,2.0NRT,285.7,3.35,N
34.03825,-118.58257,312.78,0.36,0.57,2025-01-08,0902,N21,VIIRS,n,2.0NRT,284.7,6.84,N
34.03744,-118.57113,313.04,0.36,0.57,2025-01-08,0902,N21,VIIRS,n,2.0NRT,283.48,1.79,N
34.03717,-118.56724,316.2,0.36,0.57,2025-01-08,0902,N21,VIIRS,n,2.0NRT,282.88,1.79,N
34.0369,-118.56339,318.74,0.36,0.57,2025-01-08,0902,N21,VIIRS,n,2.0NRT,283.14,1.71,N
34.03635,-118.55558,317.39,0.36,0.57,2025-01-08,0902,N21,VIIRS,n,2.0NRT,284.39,1.69,N
34.03608,-118.5517,317.31,0.36,0.57,2025-01-08,0902,N21,VIIRS,n,2.0NRT,285.32,1.69,N
34.0358,-118.54782,319.61,0.36,0.57,2025-01-08,0902,N21,VIIRS,n,2.0NRT,284.87,2.15,N
34.03358,-118.51632,315.71,0.35,0.57,2025-01-08,0902,N21,VIIRS,n,2.0NRT,284.68,1.68,N
34.0333,-118.51241,307.76,0.35,0.57,2025-01-08,0902,N21,VIIRS,n,2.0NRT,284.56,1.68,N
34.03303,-118.50856,303.4,0.35,0.57,2025-01-08,0902,N21,VIIRS,n,2.0NRT,283.62,0.97,N
34.03275,-118.50455,299.86,0.35,0.57,2025-01-08,0902,N21,VIIRS,n,2.0NRT,283.32,0.97,N
34.03892,-118.66866,321.8,0.36,0.58,2025-01-08,0902,N21,VIIRS,n,2.0NRT,283.81,4.56,N
34.03837,-118.66074,367,0.36,0.58,2025-01-08,0902,N21,VIIRS,h,2.0NRT,295.72,130.84,N
34.03812,-118.65709,353.89,0.36,0.58,2025-01-08,0902,N21,VIIRS,n,2.0NRT,297.81,63.52,N
34.03785,-118.65316,354.54,0.36,0.57,2025-01-08,0902,N21,VIIRS,n,2.0NRT,296.59,63.52,N
34.03757,-118.6492,346.89,0.36,0.57,2025-01-08,0902,N21,VIIRS,n,2.0NRT,294.82,56.7,N
34.03648,-118.63342,332.19,0.36,0.57,2025-01-08,0902,N21,VIIRS,n,2.0NRT,286.53,13.06,N
34.03621,-118.62951,367,0.36,0.57,2025-01-08,0902,N21,VIIRS,h,2.0NRT,292.76,13.06,N
34.03486,-118.61021,367,0.36,0.57,2025-01-08,0902,N21,VIIRS,h,2.0NRT,289.22,6.05,N
34.03946,-118.67653,301.98,0.36,0.58,2025-01-08,0902,N21,VIIRS,n,2.0NRT,283.86,1.1,N
34.03916,-118.67219,309.54,0.36,0.58,2025-01-08,0902,N21,VIIRS,n,2.0NRT,283.96,4.56,N
34.0346,-118.60637,314.96,0.36,0.57,2025-01-08,0902,N21,VIIRS,n,2.0NRT,283.47,6.05,N
34.03191,-118.56786,299.24,0.36,0.57,2025-01-08,0902,N21,VIIRS,n,2.0NRT,282.21,1.79,N
34.03164,-118.564,300.03,0.36,0.57,2025-01-08,0902,N21,VIIRS,n,2.0NRT,282.99,1.71,N
34.03137,-118.56012,301.27,0.36,0.57,2025-01-08,0902,N21,VIIRS,n,2.0NRT,283.37,1.71,N
34.0311,-118.55625,302.25,0.36,0.57,2025-01-08,0902,N21,VIIRS,n,2.0NRT,283.96,1.69,N
34.03083,-118.55238,303.56,0.36,0.57,2025-01-08,0902,N21,VIIRS,n,2.0NRT,284.29,1.69,N
34.03056,-118.54851,304.31,0.36,0.57,2025-01-08,0902,N21,VIIRS,n,2.0NRT,283.81,2.15,N
34.03029,-118.54465,306.33,0.36,0.57,2025-01-08,0902,N21,VIIRS,n,2.0NRT,283.57,2.15,N
34.02919,-118.52908,312.9,0.36,0.57,2025-01-08,0902,N21,VIIRS,n,2.0NRT,285.34,21.06,N
34.02892,-118.52511,312.89,0.36,0.57,2025-01-08,0902,N21,VIIRS,n,2.0NRT,284.48,6.64,N
34.02864,-118.52116,304.75,0.36,0.57,2025-01-08,0902,N21,VIIRS,n,2.0NRT,283.66,6.64,N
34.02836,-118.51718,301.42,0.35,0.57,2025-01-08,0902,N21,VIIRS,n,2.0NRT,284.2,1.68,N
34.03392,-118.67357,297.34,0.36,0.58,2025-01-08,0902,N21,VIIRS,n,2.0NRT,282.51,0.81,N
34.03366,-118.66972,302.06,0.36,0.58,2025-01-08,0902,N21,VIIRS,n,2.0NRT,282.54,0.81,N
34.03339,-118.66579,306.84,0.36,0.58,2025-01-08,0902,N21,VIIRS,n,2.0NRT,282.75,1.06,N
34.03312,-118.66186,312.22,0.36,0.58,2025-01-08,0902,N21,VIIRS,n,2.0NRT,283.11,1.06,N
34.03285,-118.65794,312.91,0.36,0.58,2025-01-08,0902,N21,VIIRS,n,2.0NRT,283.52,1.15,N
34.03258,-118.65401,311.7,0.36,0.57,2025-01-08,0902,N21,VIIRS,n,2.0NRT,283.59,1.15,N
34.03231,-118.65005,311.1,0.36,0.57,2025-01-08,0902,N21,VIIRS,n,2.0NRT,283.24,1.38,N
34.03204,-118.6462,309.81,0.36,0.57,2025-01-08,0902,N21,VIIRS,n,2.0NRT,283.4,1.38,N
34.03177,-118.64231,308.09,0.36,0.57,2025-01-08,0902,N21,VIIRS,n,2.0NRT,283.62,1.49,N
34.0315,-118.63839,303.88,0.36,0.57,2025-01-08,0902,N21,VIIRS,n,2.0NRT,283.26,1.49,N
34.02476,-118.54129,298.24,0.36,0.57,2025-01-08,0902,N21,VIIRS,n,2.0NRT,283.76,0.96,N
34.02449,-118.53745,297.77,0.36,0.57,2025-01-08,0902,N21,VIIRS,n,2.0NRT,283.97,0.96,N
34.02837,-118.67027,295.34,0.36,0.58,2025-01-08,0902,N21,VIIRS,n,2.0NRT,282.11,0.81,N
34.0281,-118.66635,296.85,0.36,0.58,2025-01-08,0902,N21,VIIRS,n,2.0NRT,281.91,1.06,N
34.02783,-118.66242,298.24,0.36,0.58,2025-01-08,0902,N21,VIIRS,n,2.0NRT,282.16,1.06,N
34.02756,-118.6585,297.96,0.36,0.58,2025-01-08,0902,N21,VIIRS,n,2.0NRT,282.39,1.15,N
34.02729,-118.65458,296.51,0.36,0.57,2025-01-08,0902,N21,VIIRS,n,2.0NRT,282.64,1.15,N
34.02702,-118.65066,296.95,0.36,0.57,2025-01-08,0902,N21,VIIRS,n,2.0NRT,282.54,1.38,N
33.8517,-118.3316,304.56,0.34,0.56,2025-01-08,0902,N21,VIIRS,n,2.0NRT,288.33,1.41,N
33.81759,-118.24332,299.02,0.34,0.56,2025-01-08,0902,N21,VIIRS,n,2.0NRT,286.88,0.99,N
33.61357,-117.82336,303.92,0.32,0.55,2025-01-08,0902,N21,VIIRS,n,2.0NRT,282.32,0.52,N
32.43738,-117.07796,301.24,0.56,0.52,2025-01-08,0902,N21,VIIRS,n,2.0NRT,280.34,1.29,N
32.36969,-117.06958,298.72,0.56,0.52,2025-01-08,0902,N21,VIIRS,n,2.0NRT,281.6,1.36,N
34.19296,-118.05898,354.72,0.62,0.72,2025-01-08,1042,N21,VIIRS,n,2.0NRT,285.6,25.69,N
34.21539,-118.13534,306.95,0.61,0.71,2025-01-08,1042,N21,VIIRS,n,2.0NRT,280.75,35.02,N
34.19499,-118.0659,317.06,0.62,0.72,2025-01-08,1042,N21,VIIRS,n,2.0NRT,299.02,210.21,N
34.19024,-118.0497,310.28,0.62,0.72,2025-01-08,1042,N21,VIIRS,n,2.0NRT,280.89,25.69,N
34.20829,-118.13484,367,0.61,0.71,2025-01-08,1042,N21,VIIRS,h,2.0NRT,291.94,43.47,N
34.20658,-118.12902,334,0.62,0.71,2025-01-08,1042,N21,VIIRS,n,2.0NRT,306.23,99.34,N
34.20475,-118.12278,341.66,0.62,0.71,2025-01-08,1042,N21,VIIRS,n,2.0NRT,290.68,99.34,N
34.20314,-118.11729,333.33,0.62,0.71,2025-01-08,1042,N21,VIIRS,n,2.0NRT,284.27,30.49,N
34.20147,-118.1116,335.79,0.62,0.71,2025-01-08,1042,N21,VIIRS,n,2.0NRT,284.59,30.49,N
34.19305,-118.083,339.28,0.62,0.71,2025-01-08,1042,N21,VIIRS,n,2.0NRT,281.81,12.87,N
34.19122,-118.07676,348.11,0.62,0.71,2025-01-08,1042,N21,VIIRS,n,2.0NRT,283.16,12.87,N
34.18936,-118.07046,367,0.62,0.71,2025-01-08,1042,N21,VIIRS,h,2.0NRT,285.5,66.74,N
34.18568,-118.05796,330.28,0.62,0.72,2025-01-08,1042,N21,VIIRS,n,2.0NRT,283.58,14.16,N
34.18259,-118.04743,329.82,0.62,0.72,2025-01-08,1042,N21,VIIRS,n,2.0NRT,287.43,14.16,N
34.20995,-118.14047,300.2,0.61,0.71,2025-01-08,1042,N21,VIIRS,n,2.0NRT,281.76,43.47,N
34.19934,-118.10436,307.71,0.62,0.71,2025-01-08,1042,N21,VIIRS,n,2.0NRT,280.92,7.32,N
34.19761,-118.09846,310.14,0.62,0.71,2025-01-08,1042,N21,VIIRS,n,2.0NRT,280.53,7.32,N
34.19614,-118.09348,317.43,0.62,0.71,2025-01-08,1042,N21,VIIRS,n,2.0NRT,277.65,4.16,N
34.19464,-118.08841,317.82,0.62,0.71,2025-01-08,1042,N21,VIIRS,n,2.0NRT,279.77,4.16,N
34.18037,-118.03988,308.74,0.62,0.72,2025-01-08,1042,N21,VIIRS,n,2.0NRT,281.11,7.53,N
34.20139,-118.13498,347.27,0.61,0.71,2025-01-08,1042,N21,VIIRS,n,2.0NRT,285.1,43.47,N
34.19962,-118.12895,367,0.62,0.71,2025-01-08,1042,N21,VIIRS,h,2.0NRT,287.13,99.34,N
34.19773,-118.12256,353.84,0.62,0.71,2025-01-08,1042,N21,VIIRS,n,2.0NRT,295.19,99.34,N
34.1959,-118.11636,350.47,0.62,0.71,2025-01-08,1042,N21,VIIRS,n,2.0NRT,288.91,30.49,N
34.19392,-118.10958,367,0.62,0.71,2025-01-08,1042,N21,VIIRS,h,2.0NRT,285.46,30.49,N
34.19197,-118.10294,337.15,0.62,0.71,2025-01-08,1042,N21,VIIRS,n,2.0NRT,281.5,7.32,N
34.19036,-118.09748,311.34,0.62,0.71,2025-01-08,1042,N21,VIIRS,n,2.0NRT,279.2,7.32,N
34.18874,-118.09202,304.41,0.62,0.71,2025-01-08,1042,N21,VIIRS,n,2.0NRT,276.2,4.16,N
34.18711,-118.08649,297.47,0.62,0.71,2025-01-08,1042,N21,VIIRS,n,2.0NRT,278.96,4.16,N
34.18359,-118.07453,297.33,0.62,0.71,2025-01-08,1042,N21,VIIRS,n,2.0NRT,280.3,12.87,N
34.18176,-118.06829,296.35,0.62,0.71,2025-01-08,1042,N21,VIIRS,n,2.0NRT,280.36,66.74,N
34.17973,-118.0614,300.21,0.62,0.72,2025-01-08,1042,N21,VIIRS,n,2.0NRT,280.82,66.74,N
34.17754,-118.05397,306.64,0.62,0.72,2025-01-08,1042,N21,VIIRS,n,2.0NRT,282.71,14.16,N
34.17488,-118.04491,319.69,0.62,0.72,2025-01-08,1042,N21,VIIRS,n,2.0NRT,283.95,14.16,N
34.19105,-118.12349,367,0.62,0.71,2025-01-08,1042,N21,VIIRS,h,2.0NRT,294.92,17.87,N
34.18911,-118.11691,367,0.62,0.71,2025-01-08,1042,N21,VIIRS,h,2.0NRT,291.47,28.31,N
34.18708,-118.11001,350.85,0.62,0.71,2025-01-08,1042,N21,VIIRS,n,2.0NRT,286.11,28.31,N
34.1851,-118.10329,343.39,0.62,0.71,2025-01-08,1042,N21,VIIRS,n,2.0NRT,281.28,8.86,N
34.17623,-118.0732,340.08,0.62,0.71,2025-01-08,1042,N21,VIIRS,n,2.0NRT,283.03,6.14,N
34.17426,-118.06655,346.08,0.62,0.71,2025-01-08,1042,N21,VIIRS,n,2.0NRT,283.4,8.1,N
34.19483,-118.13631,295.86,0.61,0.71,2025-01-08,1042,N21,VIIRS,n,2.0NRT,282.98,3.78,N
34.19298,-118.13005,312.64,0.62,0.71,2025-01-08,1042,N21,VIIRS,n,2.0NRT,282.42,17.87,N
34.1833,-118.09718,317.23,0.62,0.71,2025-01-08,1042,N21,VIIRS,n,2.0NRT,279.32,8.86,N
34.18156,-118.09128,304.26,0.62,0.71,2025-01-08,1042,N21,VIIRS,n,2.0NRT,277.94,2.91,N
34.17978,-118.08524,300.75,0.62,0.71,2025-01-08,1042,N21,VIIRS,n,2.0NRT,280.19,2.91,N
34.17797,-118.07911,297.82,0.62,0.71,2025-01-08,1042,N21,VIIRS,n,2.0NRT,280.61,6.14,N
34.1721,-118.05922,312.44,0.62,0.72,2025-01-08,1042,N21,VIIRS,n,2.0NRT,282.84,8.1,N
34.16986,-118.05161,308.48,0.62,0.72,2025-01-08,1042,N21,VIIRS,n,2.0NRT,282.61,4.37,N
34.18456,-118.12509,327.33,0.62,0.71,2025-01-08,1042,N21,VIIRS,n,2.0NRT,282.28,17.87,N
34.18262,-118.11853,334.55,0.62,0.71,2025-01-08,1042,N21,VIIRS,n,2.0NRT,283.4,28.31,N
34.18065,-118.11182,333.27,0.62,0.71,2025-01-08,1042,N21,VIIRS,n,2.0NRT,282.33,28.31,N
34.17664,-118.09824,321.06,0.62,0.71,2025-01-08,1042,N21,VIIRS,n,2.0NRT,279.99,8.86,N
34.1693,-118.07339,323.62,0.62,0.71,2025-01-08,1042,N21,VIIRS,n,2.0NRT,281.9,6.14,N
34.18645,-118.13151,298.61,0.62,0.71,2025-01-08,1042,N21,VIIRS,n,2.0NRT,281.33,17.87,N
34.17863,-118.10501,317.48,0.62,0.71,2025-01-08,1042,N21,VIIRS,n,2.0NRT,279.66,8.86,N
34.17481,-118.09204,312.04,0.62,0.71,2025-01-08,1042,N21,VIIRS,n,2.0NRT,278.47,2.91,N
34.17303,-118.08602,298.11,0.62,0.71,2025-01-08,1042,N21,VIIRS,n,2.0NRT,279.79,2.91,N
34.1712,-118.0798,297.21,0.62,0.71,2025-01-08,1042,N21,VIIRS,n,2.0NRT,281.33,6.14,N
34.16734,-118.06673,310.65,0.62,0.71,2025-01-08,1042,N21,VIIRS,n,2.0NRT,280.69,8.1,N
34.21658,-118.07002,297.92,0.62,0.72,2025-01-08,1042,N21,VIIRS,n,2.0NRT,275.75,1,N
34.32991,-118.4925,330.45,0.58,0.7,2025-01-08,1042,N21,VIIRS,n,2.0NRT,255.29,11.09,N
34.21645,-118.09385,329.51,0.62,0.71,2025-01-08,1042,N21,VIIRS,n,2.0NRT,276.8,5.59,N
34.2191,-118.10315,314.82,0.62,0.71,2025-01-08,1042,N21,VIIRS,n,2.0NRT,274.27,5.59,N
34.21383,-118.1089,367,0.62,0.71,2025-01-08,1042,N21,VIIRS,h,2.0NRT,290.85,73.09,N
34.20933,-118.09318,353.2,0.62,0.71,2025-01-08,1042,N21,VIIRS,n,2.0NRT,291.61,82.32,N
34.20717,-118.08562,345.79,0.62,0.71,2025-01-08,1042,N21,VIIRS,n,2.0NRT,282.08,70.86,N
34.20442,-118.07612,327.59,0.62,0.71,2025-01-08,1042,N21,VIIRS,n,2.0NRT,279.93,463.16,N
34.20303,-118.07127,344.13,0.62,0.72,2025-01-08,1042,N21,VIIRS,n,2.0NRT,279.98,463.16,N
34.2154,-118.11438,299.39,0.62,0.71,2025-01-08,1042,N21,VIIRS,n,2.0NRT,277.93,73.09,N
34.20572,-118.08058,302.94,0.62,0.71,2025-01-08,1042,N21,VIIRS,n,2.0NRT,279.39,70.86,N
34.20147,-118.06584,303.54,0.62,0.72,2025-01-08,1042,N21,VIIRS,n,2.0NRT,277.23,62,N
34.21429,-118.1346,321.55,0.62,0.71,2025-01-08,1042,N21,VIIRS,n,2.0NRT,281.4,132.83,N
34.21283,-118.12953,345.14,0.62,0.71,2025-01-08,1042,N21,VIIRS,n,2.0NRT,307.23,132.83,N
34.20952,-118.11803,367,0.62,0.71,2025-01-08,1042,N21,VIIRS,h,2.0NRT,290.52,240.5,N
34.20794,-118.11252,354.59,0.62,0.71,2025-01-08,1042,N21,VIIRS,n,2.0NRT,304.72,73.09,N
34.20625,-118.10665,349.09,0.62,0.71,2025-01-08,1042,N21,VIIRS,n,2.0NRT,300.57,73.09,N
34.2038,-118.09808,350.88,0.62,0.71,2025-01-08,1042,N21,VIIRS,n,2.0NRT,281.92,82.32,N
34.20198,-118.09174,367,0.62,0.71,2025-01-08,1042,N21,VIIRS,h,2.0NRT,283.34,82.32,N
34.20057,-118.08688,346.02,0.62,0.71,2025-01-08,1042,N21,VIIRS,n,2.0NRT,282.3,70.86,N
34.19925,-118.08229,367,0.62,0.71,2025-01-08,1042,N21,VIIRS,h,2.0NRT,291.36,70.86,N
34.1943,-118.06509,325.76,0.62,0.72,2025-01-08,1042,N21,VIIRS,n,2.0NRT,297.4,62,N
34.19218,-118.0577,367,0.62,0.72,2025-01-08,1042,N21,VIIRS,h,2.0NRT,284.23,62,N
34.18946,-118.04819,310.48,0.62,0.72,2025-01-08,1042,N21,VIIRS,n,2.0NRT,280.77,6.62,N
34.2072,-118.13403,367,0.62,0.71,2025-01-08,1042,N21,VIIRS,h,2.0NRT,294.71,74.65,N
34.20547,-118.12803,337.55,0.62,0.71,2025-01-08,1042,N21,VIIRS,n,2.0NRT,299.86,74.65,N
34.2037,-118.12186,347.63,0.62,0.71,2025-01-08,1042,N21,VIIRS,n,2.0NRT,288.79,62.18,N
34.20214,-118.11646,324.57,0.62,0.71,2025-01-08,1042,N21,VIIRS,n,2.0NRT,283.46,62.18,N
34.19224,-118.08207,325.24,0.62,0.71,2025-01-08,1042,N21,VIIRS,n,2.0NRT,281.05,5.09,N
34.1904,-118.07569,336.81,0.62,0.71,2025-01-08,1042,N21,VIIRS,n,2.0NRT,281.45,61.39,N
34.18864,-118.06959,367,0.62,0.72,2025-01-08,1042,N21,VIIRS,h,2.0NRT,286.41,61.39,N
34.18498,-118.05685,326.7,0.62,0.72,2025-01-08,1042,N21,VIIRS,n,2.0NRT,284.25,49.44,N
34.18187,-118.04598,329.55,0.62,0.72,2025-01-08,1042,N21,VIIRS,n,2.0NRT,287.12,5.02,N
34.20884,-118.13973,302.57,0.61,0.71,2025-01-08,1042,N21,VIIRS,n,2.0NRT,282.19,26.59,N
34.20042,-118.11046,312.48,0.62,0.71,2025-01-08,1042,N21,VIIRS,n,2.0NRT,282.02,15.25,N
34.19835,-118.10325,305.22,0.62,0.71,2025-01-08,1042,N21,VIIRS,n,2.0NRT,281,15.25,N
34.19676,-118.09774,309.89,0.62,0.71,2025-01-08,1042,N21,VIIRS,n,2.0NRT,280.6,3.65,N
34.19534,-118.09283,316.01,0.62,0.71,2025-01-08,1042,N21,VIIRS,n,2.0NRT,277.71,3.65,N
34.19382,-118.08755,314.63,0.62,0.71,2025-01-08,1042,N21,VIIRS,n,2.0NRT,279.39,5.09,N
34.17978,-118.03873,305.48,0.62,0.72,2025-01-08,1042,N21,VIIRS,n,2.0NRT,281.05,5.02,N
34.20036,-118.13436,340.97,0.62,0.71,2025-01-08,1042,N21,VIIRS,n,2.0NRT,284.46,74.65,N
34.1986,-118.12826,367,0.62,0.71,2025-01-08,1042,N21,VIIRS,h,2.0NRT,286.15,74.65,N
34.19674,-118.12177,353.24,0.62,0.71,2025-01-08,1042,N21,VIIRS,n,2.0NRT,297.23,62.18,N
34.19494,-118.11554,350.54,0.62,0.71,2025-01-08,1042,N21,VIIRS,n,2.0NRT,290.09,62.18,N
34.19295,-118.1086,367,0.62,0.71,2025-01-08,1042,N21,VIIRS,h,2.0NRT,285.73,15.25,N
34.1911,-118.1022,338.1,0.62,0.71,2025-01-08,1042,N21,VIIRS,n,2.0NRT,281.39,15.25,N
34.17427,-118.04377,320.05,0.62,0.72,2025-01-08,1042,N21,VIIRS,n,2.0NRT,283.61,5.02,N
34.18951,-118.09667,311.24,0.62,0.71,2025-01-08,1042,N21,VIIRS,n,2.0NRT,279.2,3.65,N
34.18793,-118.09117,303.84,0.62,0.71,2025-01-08,1042,N21,VIIRS,n,2.0NRT,276.47,3.65,N
34.18632,-118.08561,296.62,0.62,0.71,2025-01-08,1042,N21,VIIRS,n,2.0NRT,279.05,5.09,N
34.17904,-118.06034,299.63,0.62,0.72,2025-01-08,1042,N21,VIIRS,n,2.0NRT,281.11,49.44,N
34.17683,-118.0527,309.47,0.62,0.72,2025-01-08,1042,N21,VIIRS,n,2.0NRT,283.13,49.44,N
34.1901,-118.12281,367,0.62,0.71,2025-01-08,1042,N21,VIIRS,h,2.0NRT,293.34,28.2,N
34.18818,-118.11617,367,0.62,0.71,2025-01-08,1042,N21,VIIRS,h,2.0NRT,291.28,28.2,N
34.18619,-118.10925,353.44,0.62,0.71,2025-01-08,1042,N21,VIIRS,n,2.0NRT,285.18,17.59,N
34.18428,-118.10263,340.01,0.62,0.71,2025-01-08,1042,N21,VIIRS,n,2.0NRT,280.48,17.59,N
34.17558,-118.07246,346.74,0.62,0.71,2025-01-08,1042,N21,VIIRS,n,2.0NRT,284.42,7.92,N
34.17359,-118.06557,343.77,0.62,0.72,2025-01-08,1042,N21,VIIRS,n,2.0NRT,283.22,7.92,N
34.19199,-118.1294,314.09,0.62,0.71,2025-01-08,1042,N21,VIIRS,n,2.0NRT,282.41,10.19,N
34.18249,-118.09641,315.67,0.62,0.71,2025-01-08,1042,N21,VIIRS,n,2.0NRT,279.07,4.3,N
34.18079,-118.09052,304.36,0.62,0.71,2025-01-08,1042,N21,VIIRS,n,2.0NRT,277.97,4.3,N
34.17905,-118.08449,299.57,0.62,0.71,2025-01-08,1042,N21,VIIRS,n,2.0NRT,280.6,2.75,N
34.17729,-118.07841,298.86,0.62,0.71,2025-01-08,1042,N21,VIIRS,n,2.0NRT,280.63,2.75,N
34.17147,-118.05822,311.72,0.62,0.72,2025-01-08,1042,N21,VIIRS,n,2.0NRT,282.67,3.97,N
34.16928,-118.05065,305.33,0.62,0.72,2025-01-08,1042,N21,VIIRS,n,2.0NRT,282.45,3.97,N
34.18364,-118.12451,322.71,0.62,0.71,2025-01-08,1042,N21,VIIRS,n,2.0NRT,281.89,28.2,N
34.18174,-118.11792,328.58,0.62,0.71,2025-01-08,1042,N21,VIIRS,n,2.0NRT,282.86,28.2,N
34.1798,-118.11121,324.95,0.62,0.71,2025-01-08,1042,N21,VIIRS,n,2.0NRT,281.64,17.59,N
34.17588,-118.09762,322.11,0.62,0.71,2025-01-08,1042,N21,VIIRS,n,2.0NRT,280.33,4.3,N
34.1855,-118.13095,300.07,0.62,0.71,2025-01-08,1042,N21,VIIRS,n,2.0NRT,281.12,10.19,N
34.17783,-118.10436,314.07,0.62,0.71,2025-01-08,1042,N21,VIIRS,n,2.0NRT,279.5,17.59,N
34.1741,-118.09145,311.29,0.62,0.71,2025-01-08,1042,N21,VIIRS,n,2.0NRT,278.65,4.3,N
34.17234,-118.08537,297.94,0.62,0.71,2025-01-08,1042,N21,VIIRS,n,2.0NRT,279.89,2.75,N
34.17054,-118.07912,298.16,0.62,0.71,2025-01-08,1042,N21,VIIRS,n,2.0NRT,281.27,2.75,N
34.16868,-118.07269,319.31,0.62,0.71,2025-01-08,1042,N21,VIIRS,n,2.0NRT,281.4,7.92,N
34.16674,-118.06599,304.55,0.62,0.72,2025-01-08,1042,N21,VIIRS,n,2.0NRT,280.63,7.92,N
34.17537,-118.11995,296.94,0.62,0.71,2025-01-08,1042,N21,VIIRS,n,2.0NRT,277.27,3.53,N
34.17347,-118.11334,300.74,0.62,0.71,2025-01-08,1042,N21,VIIRS,n,2.0NRT,275.52,3,N
34.17152,-118.10659,301.44,0.62,0.71,2025-01-08,1042,N21,VIIRS,n,2.0NRT,275.62,3,N
34.16954,-118.09978,309.44,0.62,0.71,2025-01-08,1042,N21,VIIRS,n,2.0NRT,276.92,5.02,N
34.16765,-118.09322,318.55,0.62,0.71,2025-01-08,1042,N21,VIIRS,n,2.0NRT,276.97,5.02,N
34.16581,-118.08687,302.13,0.62,0.71,2025-01-08,1042,N21,VIIRS,n,2.0NRT,279.57,4.5,N
34.09879,-118.52959,297.62,0.59,0.7,2025-01-08,1042,N21,VIIRS,n,2.0NRT,262.63,2.86,N
34.09702,-118.52348,301.62,0.59,0.7,2025-01-08,1042,N21,VIIRS,n,2.0NRT,261.58,2.86,N
34.10063,-118.55952,298.76,0.59,0.7,2025-01-08,1042,N21,VIIRS,n,2.0NRT,258.92,2.87,N
34.09904,-118.55407,302.63,0.59,0.7,2025-01-08,1042,N21,VIIRS,n,2.0NRT,257.09,2.87,N
34.09726,-118.54792,307.26,0.59,0.7,2025-01-08,1042,N21,VIIRS,n,2.0NRT,258.75,4.48,N
34.09497,-118.53999,311.41,0.59,0.7,2025-01-08,1042,N21,VIIRS,n,2.0NRT,261.46,4.48,N
34.09259,-118.53178,314.09,0.59,0.7,2025-01-08,1042,N21,VIIRS,n,2.0NRT,262.64,2.86,N
34.09066,-118.52509,313.89,0.59,0.7,2025-01-08,1042,N21,VIIRS,n,2.0NRT,262.15,2.86,N
34.08893,-118.51917,312.79,0.59,0.7,2025-01-08,1042,N21,VIIRS,n,2.0NRT,261.03,4.97,N
34.08723,-118.51331,310.12,0.59,0.7,2025-01-08,1042,N21,VIIRS,n,2.0NRT,259.36,4.97,N
34.08524,-118.50643,307.43,0.59,0.7,2025-01-08,1042,N21,VIIRS,n,2.0NRT,259.87,3.53,N
34.08342,-118.50018,302.87,0.59,0.7,2025-01-08,1042,N21,VIIRS,n,2.0NRT,260.13,3.53,N
34.08162,-118.49397,298.25,0.59,0.7,2025-01-08,1042,N21,VIIRS,n,2.0NRT,259.57,4.27,N
34.09098,-118.5498,325.84,0.59,0.7,2025-01-08,1042,N21,VIIRS,n,2.0NRT,258.57,34.15,N
34.08908,-118.54326,334.43,0.59,0.7,2025-01-08,1042,N21,VIIRS,n,2.0NRT,261.52,34.15,N
34.08686,-118.5356,367,0.59,0.7,2025-01-08,1042,N21,VIIRS,h,2.0NRT,263.99,104.92,N
34.08467,-118.52805,345.59,0.59,0.7,2025-01-08,1042,N21,VIIRS,n,2.0NRT,263.24,104.92,N
34.08258,-118.52083,337.21,0.59,0.7,2025-01-08,1042,N21,VIIRS,n,2.0NRT,262.16,23.18,N
34.08071,-118.51438,331.86,0.59,0.7,2025-01-08,1042,N21,VIIRS,n,2.0NRT,260.53,23.18,N
34.07884,-118.50797,325.72,0.59,0.7,2025-01-08,1042,N21,VIIRS,n,2.0NRT,260.36,23.97,N
34.09408,-118.56043,311.34,0.59,0.7,2025-01-08,1042,N21,VIIRS,n,2.0NRT,260.24,7.03,N
34.09262,-118.55544,318.42,0.59,0.7,2025-01-08,1042,N21,VIIRS,n,2.0NRT,258.03,7.03,N
34.07702,-118.50169,319.14,0.59,0.7,2025-01-08,1042,N21,VIIRS,n,2.0NRT,260.59,23.97,N
34.07518,-118.49537,312.43,0.59,0.7,2025-01-08,1042,N21,VIIRS,n,2.0NRT,260.12,4.57,N
34.07327,-118.48882,306.04,0.59,0.7,2025-01-08,1042,N21,VIIRS,n,2.0NRT,260.06,4.57,N
34.07139,-118.48236,300.26,0.59,0.7,2025-01-08,1042,N21,VIIRS,n,2.0NRT,259.59,1.77,N
34.06952,-118.47593,296.81,0.59,0.7,2025-01-08,1042,N21,VIIRS,n,2.0NRT,259.47,1.77,N
34.08608,-118.55641,326.64,0.59,0.7,2025-01-08,1042,N21,VIIRS,n,2.0NRT,259.97,7.03,N
34.0846,-118.55135,336.91,0.59,0.7,2025-01-08,1042,N21,VIIRS,n,2.0NRT,259.47,34.15,N
34.08296,-118.54568,367,0.59,0.7,2025-01-08,1042,N21,VIIRS,h,2.0NRT,264.28,34.15,N
34.08102,-118.53901,342.92,0.59,0.7,2025-01-08,1042,N21,VIIRS,n,2.0NRT,314.5,104.92,N
34.07679,-118.52447,367,0.59,0.7,2025-01-08,1042,N21,VIIRS,h,2.0NRT,267.87,23.18,N
34.07456,-118.51677,367,0.59,0.7,2025-01-08,1042,N21,VIIRS,h,2.0NRT,264.91,23.18,N
34.07257,-118.50994,353.12,0.59,0.7,2025-01-08,1042,N21,VIIRS,n,2.0NRT,276.36,23.97,N
34.07072,-118.5036,338.83,0.59,0.7,2025-01-08,1042,N21,VIIRS,n,2.0NRT,262.3,23.97,N
34.06882,-118.49708,324.26,0.59,0.7,2025-01-08,1042,N21,VIIRS,n,2.0NRT,260.37,4.57,N
34.07913,-118.53249,311.64,0.59,0.7,2025-01-08,1042,N21,VIIRS,n,2.0NRT,271.28,104.92,N
34.06696,-118.49065,315.7,0.59,0.7,2025-01-08,1042,N21,VIIRS,n,2.0NRT,260.76,4.57,N
34.06511,-118.48431,308.43,0.59,0.7,2025-01-08,1042,N21,VIIRS,n,2.0NRT,260.01,1.77,N
34.06324,-118.47791,302.99,0.59,0.7,2025-01-08,1042,N21,VIIRS,n,2.0NRT,258.94,1.77,N
34.06142,-118.47166,297.63,0.59,0.7,2025-01-08,1042,N21,VIIRS,n,2.0NRT,258.31,2.86,N
34.10069,-118.54599,296.61,0.59,0.7,2025-01-08,1042,N21,VIIRS,n,2.0NRT,258.63,2.92,N
34.09839,-118.53786,299.56,0.59,0.7,2025-01-08,1042,N21,VIIRS,n,2.0NRT,261.29,3.46,N
34.09605,-118.52955,302.72,0.59,0.7,2025-01-08,1042,N21,VIIRS,n,2.0NRT,262.28,3.46,N
34.09435,-118.52361,303.18,0.59,0.7,2025-01-08,1042,N21,VIIRS,n,2.0NRT,261.4,3.64,N
34.09275,-118.51794,300.35,0.59,0.7,2025-01-08,1042,N21,VIIRS,n,2.0NRT,260.59,3.64,N
34.09106,-118.51196,298.31,0.59,0.7,2025-01-08,1042,N21,VIIRS,n,2.0NRT,258.86,2.73,N
34.08898,-118.50463,298.09,0.59,0.7,2025-01-08,1042,N21,VIIRS,n,2.0NRT,259.83,2.73,N
34.08731,-118.49877,295.24,0.59,0.7,2025-01-08,1042,N21,VIIRS,n,2.0NRT,259.28,2.17,N
34.09003,-118.5324,323.65,0.59,0.7,2025-01-08,1042,N21,VIIRS,n,2.0NRT,262.5,3.46,N
34.08802,-118.5253,323.91,0.59,0.7,2025-01-08,1042,N21,VIIRS,n,2.0NRT,262.46,3.64,N
34.08627,-118.51911,321.99,0.59,0.7,2025-01-08,1042,N21,VIIRS,n,2.0NRT,261.38,3.64,N
34.09929,-118.56506,298.88,0.59,0.7,2025-01-08,1042,N21,VIIRS,n,2.0NRT,259.91,2.39,N
34.09772,-118.55955,304.02,0.59,0.7,2025-01-08,1042,N21,VIIRS,n,2.0NRT,259.7,2.39,N
34.09624,-118.55434,309.21,0.59,0.7,2025-01-08,1042,N21,VIIRS,n,2.0NRT,257.9,2.92,N
34.09451,-118.54822,314.97,0.59,0.7,2025-01-08,1042,N21,VIIRS,n,2.0NRT,258.6,2.92,N
34.09237,-118.54068,319.85,0.59,0.7,2025-01-08,1042,N21,VIIRS,n,2.0NRT,261.1,3.46,N
34.08457,-118.51315,318.66,0.59,0.7,2025-01-08,1042,N21,VIIRS,n,2.0NRT,260.21,2.73,N
34.08265,-118.50636,313.78,0.59,0.7,2025-01-08,1042,N21,VIIRS,n,2.0NRT,259.64,2.73,N
34.08087,-118.50009,308.43,0.59,0.7,2025-01-08,1042,N21,VIIRS,n,2.0NRT,260.39,2.17,N
34.07907,-118.4938,303.44,0.59,0.7,2025-01-08,1042,N21,VIIRS,n,2.0NRT,259.88,2.17,N
34.0772,-118.48718,298.65,0.59,0.7,2025-01-08,1042,N21,VIIRS,n,2.0NRT,259.91,2.23,N
34.08978,-118.55556,323.15,0.59,0.7,2025-01-08,1042,N21,VIIRS,n,2.0NRT,259.27,12.2,N
34.08821,-118.55003,332.35,0.59,0.7,2025-01-08,1042,N21,VIIRS,n,2.0NRT,259.01,12.2,N
34.08644,-118.54379,346.66,0.59,0.7,2025-01-08,1042,N21,VIIRS,n,2.0NRT,262.02,98.77,N
34.08437,-118.53651,353.25,0.59,0.7,2025-01-08,1042,N21,VIIRS,n,2.0NRT,298.72,98.77,N
34.08234,-118.52934,334.92,0.59,0.7,2025-01-08,1042,N21,VIIRS,n,2.0NRT,266.95,52.41,N
34.08008,-118.52138,349.51,0.59,0.7,2025-01-08,1042,N21,VIIRS,n,2.0NRT,263.91,52.41,N
34.07814,-118.51452,338.55,0.59,0.7,2025-01-08,1042,N21,VIIRS,n,2.0NRT,261.31,29.76,N
34.07631,-118.50811,332.46,0.59,0.7,2025-01-08,1042,N21,VIIRS,n,2.0NRT,260.21,29.76,N
34.07452,-118.50179,324.9,0.59,0.7,2025-01-08,1042,N21,VIIRS,n,2.0NRT,260.54,11.89,N
34.09632,-118.57856,295.96,0.59,0.7,2025-01-08,1042,N21,VIIRS,n,2.0NRT,260.6,1.71,N
34.09445,-118.57196,301.82,0.59,0.7,2025-01-08,1042,N21,VIIRS,n,2.0NRT,260.51,1.71,N
34.09267,-118.5657,308.18,0.59,0.7,2025-01-08,1042,N21,VIIRS,n,2.0NRT,261.02,3.72,N
34.09114,-118.56031,315.43,0.59,0.7,2025-01-08,1042,N21,VIIRS,n,2.0NRT,260.75,3.72,N
34.07267,-118.49532,317.66,0.59,0.7,2025-01-08,1042,N21,VIIRS,n,2.0NRT,260.16,11.89,N
34.07081,-118.48877,310.21,0.59,0.7,2025-01-08,1042,N21,VIIRS,n,2.0NRT,260.12,3.11,N
34.069,-118.48238,304.13,0.59,0.7,2025-01-08,1042,N21,VIIRS,n,2.0NRT,259.55,3.11,N
34.06718,-118.476,299.51,0.59,0.7,2025-01-08,1042,N21,VIIRS,n,2.0NRT,258.79,1.46,N
34.08325,-118.55653,327.84,0.59,0.7,2025-01-08,1042,N21,VIIRS,n,2.0NRT,260.81,12.2,N
34.08183,-118.55154,367,0.59,0.7,2025-01-08,1042,N21,VIIRS,h,2.0NRT,264.64,12.2,N
34.08032,-118.54624,367,0.59,0.7,2025-01-08,1042,N21,VIIRS,h,2.0NRT,267.92,98.77,N
34.07838,-118.53944,351.29,0.59,0.7,2025-01-08,1042,N21,VIIRS,n,2.0NRT,282.15,98.77,N
34.07652,-118.53285,355.28,0.59,0.7,2025-01-08,1042,N21,VIIRS,n,2.0NRT,267.37,52.41,N
34.07439,-118.52537,367,0.59,0.7,2025-01-08,1042,N21,VIIRS,h,2.0NRT,266.8,52.41,N
34.07212,-118.51736,367,0.59,0.7,2025-01-08,1042,N21,VIIRS,h,2.0NRT,268.26,29.76,N
34.0701,-118.51025,350.01,0.59,0.7,2025-01-08,1042,N21,VIIRS,n,2.0NRT,280.69,29.76,N
34.06827,-118.50384,342.86,0.59,0.7,2025-01-08,1042,N21,VIIRS,n,2.0NRT,263.97,11.89,N
34.06639,-118.49725,325.32,0.59,0.7,2025-01-08,1042,N21,VIIRS,n,2.0NRT,261.08,11.89,N
34.08971,-118.57924,299.19,0.59,0.7,2025-01-08,1042,N21,VIIRS,n,2.0NRT,259.97,1.71,N
34.08769,-118.5721,305.01,0.59,0.7,2025-01-08,1042,N21,VIIRS,n,2.0NRT,260.84,1.71,N
34.08603,-118.56628,311.7,0.59,0.7,2025-01-08,1042,N21,VIIRS,n,2.0NRT,262,3.72,N
34.08458,-118.56118,319.06,0.59,0.7,2025-01-08,1042,N21,VIIRS,n,2.0NRT,261.2,3.72,N
34.06456,-118.49082,316.72,0.59,0.7,2025-01-08,1042,N21,VIIRS,n,2.0NRT,261.11,3.11,N
34.06274,-118.48444,309.63,0.59,0.7,2025-01-08,1042,N21,VIIRS,n,2.0NRT,261.02,3.11,N
34.06093,-118.47809,303.96,0.59,0.7,2025-01-08,1042,N21,VIIRS,n,2.0NRT,259.79,1.46,N
34.05914,-118.47182,298.81,0.59,0.7,2025-01-08,1042,N21,VIIRS,n,2.0NRT,259.7,1.46,N
34.07673,-118.55756,322.43,0.59,0.7,2025-01-08,1042,N21,VIIRS,n,2.0NRT,261,12.96,N
34.07532,-118.55262,367,0.59,0.7,2025-01-08,1042,N21,VIIRS,h,2.0NRT,267.72,12.96,N
34.07381,-118.5473,367,0.59,0.7,2025-01-08,1042,N21,VIIRS,h,2.0NRT,267.81,12.73,N
34.07197,-118.54086,337.94,0.59,0.7,2025-01-08,1042,N21,VIIRS,n,2.0NRT,263.68,12.73,N
34.07009,-118.53423,334.47,0.59,0.7,2025-01-08,1042,N21,VIIRS,n,2.0NRT,263.26,7.63,N
34.06815,-118.52743,332.6,0.59,0.7,2025-01-08,1042,N21,VIIRS,n,2.0NRT,263.57,7.63,N
34.066,-118.51986,332.4,0.59,0.7,2025-01-08,1042,N21,VIIRS,n,2.0NRT,263.48,7.7,N
34.06402,-118.51292,332.88,0.59,0.7,2025-01-08,1042,N21,VIIRS,n,2.0NRT,264.53,7.7,N
34.0621,-118.50619,338.62,0.59,0.7,2025-01-08,1042,N21,VIIRS,n,2.0NRT,265,7.86,N
34.06017,-118.49943,332.97,0.59,0.7,2025-01-08,1042,N21,VIIRS,n,2.0NRT,262.55,7.86,N
34.08549,-118.58833,295.26,0.59,0.7,2025-01-08,1042,N21,VIIRS,n,2.0NRT,259.4,1.59,N
34.08369,-118.58202,299.87,0.59,0.7,2025-01-08,1042,N21,VIIRS,n,2.0NRT,261.06,2.12,N
34.08178,-118.57526,304.45,0.59,0.7,2025-01-08,1042,N21,VIIRS,n,2.0NRT,261.39,2.12,N
34.07977,-118.56821,309.56,0.59,0.7,2025-01-08,1042,N21,VIIRS,n,2.0NRT,262.34,3.95,N
34.07814,-118.56248,315.39,0.59,0.7,2025-01-08,1042,N21,VIIRS,n,2.0NRT,261.97,3.95,N
34.05833,-118.49294,314.7,0.59,0.7,2025-01-08,1042,N21,VIIRS,n,2.0NRT,261.94,3.62,N
34.05653,-118.48666,309.13,0.59,0.7,2025-01-08,1042,N21,VIIRS,n,2.0NRT,261.51,3.62,N
34.05473,-118.48034,304.12,0.59,0.7,2025-01-08,1042,N21,VIIRS,n,2.0NRT,260.83,1.64,N
34.05293,-118.47404,299.22,0.59,0.7,2025-01-08,1042,N21,VIIRS,n,2.0NRT,260.99,1.64,N
34.07028,-118.55881,342.77,0.59,0.7,2025-01-08,1042,N21,VIIRS,n,2.0NRT,265.04,12.96,N
34.06881,-118.55368,321.8,0.59,0.7,2025-01-08,1042,N21,VIIRS,n,2.0NRT,262.97,12.96,N
34.06721,-118.54808,324.1,0.59,0.7,2025-01-08,1042,N21,VIIRS,n,2.0NRT,263.45,12.73,N
34.06538,-118.54165,324.82,0.59,0.7,2025-01-08,1042,N21,VIIRS,n,2.0NRT,263.6,12.73,N
34.06342,-118.53477,325.55,0.59,0.7,2025-01-08,1042,N21,VIIRS,n,2.0NRT,263.79,7.63,N
34.06141,-118.5277,325.21,0.59,0.7,2025-01-08,1042,N21,VIIRS,n,2.0NRT,263.83,7.63,N
34.05959,-118.52132,326.18,0.59,0.7,2025-01-08,1042,N21,VIIRS,n,2.0NRT,264.76,7.7,N
34.05767,-118.51464,326.76,0.59,0.7,2025-01-08,1042,N21,VIIRS,n,2.0NRT,264.57,7.7,N
34.05575,-118.50787,329.67,0.59,0.7,2025-01-08,1042,N21,VIIRS,n,2.0NRT,264.08,7.86,N
34.05392,-118.50146,321.61,0.59,0.7,2025-01-08,1042,N21,VIIRS,n,2.0NRT,262.4,7.86,N
34.08073,-118.59548,296.2,0.58,0.7,2025-01-08,1042,N21,VIIRS,n,2.0NRT,260.6,1.59,N
34.07909,-118.58976,299.6,0.59,0.7,2025-01-08,1042,N21,VIIRS,n,2.0NRT,261.41,1.59,N
34.07755,-118.58431,303.21,0.59,0.7,2025-01-08,1042,N21,VIIRS,n,2.0NRT,262.65,2.12,N
34.07605,-118.57908,306.25,0.59,0.7,2025-01-08,1042,N21,VIIRS,n,2.0NRT,262.57,2.12,N
34.0739,-118.57153,310.12,0.59,0.7,2025-01-08,1042,N21,VIIRS,n,2.0NRT,263.11,3.95,N
34.07189,-118.56446,313.9,0.59,0.7,2025-01-08,1042,N21,VIIRS,n,2.0NRT,263.38,3.95,N
34.05212,-118.49516,315.52,0.59,0.7,2025-01-08,1042,N21,VIIRS,n,2.0NRT,261.84,3.62,N
34.05035,-118.48895,310.3,0.59,0.7,2025-01-08,1042,N21,VIIRS,n,2.0NRT,261.76,3.62,N
34.04856,-118.4827,305.39,0.59,0.7,2025-01-08,1042,N21,VIIRS,n,2.0NRT,260.72,1.64,N
34.04676,-118.47642,300.22,0.59,0.7,2025-01-08,1042,N21,VIIRS,n,2.0NRT,260.23,1.64,N
34.04493,-118.47,296.5,0.6,0.7,2025-01-08,1042,N21,VIIRS,n,2.0NRT,261.54,2.2,N
34.07114,-118.58572,367,0.59,0.7,2025-01-08,1042,N21,VIIRS,h,2.0NRT,268.78,13.57,N
34.06978,-118.58099,367,0.59,0.7,2025-01-08,1042,N21,VIIRS,h,2.0NRT,271.68,13.57,N
34.06817,-118.57533,326.8,0.59,0.7,2025-01-08,1042,N21,VIIRS,n,2.0NRT,264.57,11.57,N
34.06639,-118.56909,367,0.59,0.7,2025-01-08,1042,N21,VIIRS,h,2.0NRT,267.22,11.57,N
34.06437,-118.56202,367,0.59,0.7,2025-01-08,1042,N21,VIIRS,h,2.0NRT,270.59,11.01,N
34.06243,-118.55518,326.44,0.59,0.7,2025-01-08,1042,N21,VIIRS,n,2.0NRT,264.3,11.01,N
34.0606,-118.54879,339.26,0.59,0.7,2025-01-08,1042,N21,VIIRS,n,2.0NRT,263.5,19.78,N
34.05876,-118.54234,349.95,0.59,0.7,2025-01-08,1042,N21,VIIRS,n,2.0NRT,264.64,19.78,N
34.0568,-118.53548,343.55,0.59,0.7,2025-01-08,1042,N21,VIIRS,n,2.0NRT,264.4,28.02,N
34.0549,-118.52882,340.2,0.59,0.7,2025-01-08,1042,N21,VIIRS,n,2.0NRT,265.14,28.02,N
34.05314,-118.52264,367,0.59,0.7,2025-01-08,1042,N21,VIIRS,h,2.0NRT,273.23,60.3,N
34.05132,-118.5163,367,0.59,0.7,2025-01-08,1042,N21,VIIRS,h,2.0NRT,272.36,60.3,N
34.0494,-118.50959,367,0.59,0.7,2025-01-08,1042,N21,VIIRS,h,2.0NRT,265.68,21.61,N
34.04766,-118.50349,335.44,0.59,0.7,2025-01-08,1042,N21,VIIRS,n,2.0NRT,261.98,21.61,N
34.04592,-118.49741,326.3,0.59,0.7,2025-01-08,1042,N21,VIIRS,n,2.0NRT,262.3,6.69,N
34.08345,-118.62899,296.72,0.58,0.7,2025-01-08,1042,N21,VIIRS,n,2.0NRT,262.24,11.98,N
34.08147,-118.62204,297.81,0.58,0.7,2025-01-08,1042,N21,VIIRS,n,2.0NRT,261.92,11.98,N
34.07955,-118.6153,298.95,0.58,0.7,2025-01-08,1042,N21,VIIRS,n,2.0NRT,262.01,3.09,N
34.0773,-118.60738,300.61,0.58,0.7,2025-01-08,1042,N21,VIIRS,n,2.0NRT,262.95,3.09,N
34.07512,-118.59972,303.34,0.58,0.7,2025-01-08,1042,N21,VIIRS,n,2.0NRT,262.36,6.42,N
34.07303,-118.59237,309.57,0.59,0.7,2025-01-08,1042,N21,VIIRS,n,2.0NRT,263.06,6.42,N
34.04415,-118.49124,318.37,0.59,0.7,2025-01-08,1042,N21,VIIRS,n,2.0NRT,261.92,6.69,N
34.04237,-118.48502,311.33,0.59,0.7,2025-01-08,1042,N21,VIIRS,n,2.0NRT,261.61,2.69,N
34.04058,-118.47874,304.38,0.59,0.7,2025-01-08,1042,N21,VIIRS,n,2.0NRT,261.98,2.69,N
34.03872,-118.47228,299.13,0.6,0.7,2025-01-08,1042,N21,VIIRS,n,2.0NRT,262.24,1.16,N
34.07766,-118.63249,367,0.58,0.7,2025-01-08,1042,N21,VIIRS,h,2.0NRT,273.76,11.98,N
34.07581,-118.62605,367,0.58,0.7,2025-01-08,1042,N21,VIIRS,h,2.0NRT,269.2,11.98,N
34.06764,-118.59734,335.44,0.59,0.7,2025-01-08,1042,N21,VIIRS,n,2.0NRT,262.83,6.42,N
34.06496,-118.58793,347.34,0.59,0.7,2025-01-08,1042,N21,VIIRS,n,2.0NRT,266.83,13.57,N
34.05824,-118.56442,321.98,0.59,0.7,2025-01-08,1042,N21,VIIRS,n,2.0NRT,263.71,11.01,N
34.056,-118.55658,325.67,0.59,0.7,2025-01-08,1042,N21,VIIRS,n,2.0NRT,262.89,11.01,N
34.05409,-118.54986,344.1,0.59,0.7,2025-01-08,1042,N21,VIIRS,n,2.0NRT,263.88,19.78,N
34.05227,-118.5435,367,0.59,0.7,2025-01-08,1042,N21,VIIRS,h,2.0NRT,269.68,19.78,N
34.05034,-118.53679,367,0.59,0.7,2025-01-08,1042,N21,VIIRS,h,2.0NRT,268.84,28.02,N
34.04852,-118.53038,367,0.59,0.7,2025-01-08,1042,N21,VIIRS,h,2.0NRT,267.85,28.02,N
34.04678,-118.52433,352.07,0.59,0.7,2025-01-08,1042,N21,VIIRS,n,2.0NRT,287.93,60.3,N
34.04502,-118.51817,342.87,0.59,0.7,2025-01-08,1042,N21,VIIRS,n,2.0NRT,287.16,60.3,N
34.04317,-118.51172,367,0.59,0.7,2025-01-08,1042,N21,VIIRS,h,2.0NRT,265.9,21.61,N
34.04147,-118.50579,343.41,0.59,0.7,2025-01-08,1042,N21,VIIRS,n,2.0NRT,262.25,21.61,N
34.03973,-118.49969,334.1,0.59,0.7,2025-01-08,1042,N21,VIIRS,n,2.0NRT,262.8,6.69,N
34.03795,-118.49349,325.41,0.59,0.7,2025-01-08,1042,N21,VIIRS,n,2.0NRT,261.96,6.69,N
34.08112,-118.64464,299.89,0.58,0.7,2025-01-08,1042,N21,VIIRS,n,2.0NRT,265.62,7.91,N
34.0794,-118.63863,310.53,0.58,0.7,2025-01-08,1042,N21,VIIRS,n,2.0NRT,265.26,7.91,N
34.07385,-118.61914,312.74,0.58,0.7,2025-01-08,1042,N21,VIIRS,n,2.0NRT,263.37,3.09,N
34.07186,-118.61216,308.8,0.58,0.7,2025-01-08,1042,N21,VIIRS,n,2.0NRT,262.37,3.09,N
34.06977,-118.6048,309.86,0.58,0.7,2025-01-08,1042,N21,VIIRS,n,2.0NRT,261.53,6.42,N
34.06337,-118.58236,317.68,0.59,0.7,2025-01-08,1042,N21,VIIRS,n,2.0NRT,264.42,13.57,N
34.06193,-118.57733,316.57,0.59,0.7,2025-01-08,1042,N21,VIIRS,n,2.0NRT,263.6,11.57,N
34.06035,-118.5718,318.84,0.59,0.7,2025-01-08,1042,N21,VIIRS,n,2.0NRT,263.46,11.57,N
34.03618,-118.4873,315.88,0.59,0.7,2025-01-08,1042,N21,VIIRS,n,2.0NRT,262,2.69,N
34.03438,-118.48104,307.65,0.59,0.7,2025-01-08,1042,N21,VIIRS,n,2.0NRT,262.77,2.69,N
34.03257,-118.4747,300.75,0.6,0.7,2025-01-08,1042,N21,VIIRS,n,2.0NRT,262.91,1.16,N
34.03081,-118.46857,296.61,0.6,0.7,2025-01-08,1042,N21,VIIRS,n,2.0NRT,264.14,1.16,N
34.0723,-118.63749,367,0.58,0.7,2025-01-08,1042,N21,VIIRS,h,2.0NRT,274.31,21.26,N
34.07084,-118.63237,367,0.58,0.7,2025-01-08,1042,N21,VIIRS,h,2.0NRT,281.19,16.18,N
34.06931,-118.62703,334.25,0.58,0.7,2025-01-08,1042,N21,VIIRS,n,2.0NRT,268.76,16.18,N
34.06743,-118.62047,328.02,0.58,0.7,2025-01-08,1042,N21,VIIRS,n,2.0NRT,267.02,6.9,N
34.06556,-118.6139,332.5,0.58,0.7,2025-01-08,1042,N21,VIIRS,n,2.0NRT,264.49,6.9,N
34.04947,-118.55758,329.17,0.59,0.7,2025-01-08,1042,N21,VIIRS,n,2.0NRT,263.6,10.04,N
34.04758,-118.55099,348.1,0.59,0.7,2025-01-08,1042,N21,VIIRS,n,2.0NRT,264.81,34.26,N
34.04583,-118.54485,367,0.59,0.7,2025-01-08,1042,N21,VIIRS,h,2.0NRT,275.47,34.26,N
34.04396,-118.53835,354.39,0.59,0.7,2025-01-08,1042,N21,VIIRS,n,2.0NRT,269.55,42,N
34.04227,-118.53242,367,0.59,0.7,2025-01-08,1042,N21,VIIRS,h,2.0NRT,275.02,42,N
34.04057,-118.52653,349.68,0.59,0.7,2025-01-08,1042,N21,VIIRS,n,2.0NRT,283.72,48.12,N
34.03882,-118.52039,345.03,0.59,0.7,2025-01-08,1042,N21,VIIRS,n,2.0NRT,285.02,48.12,N
34.03694,-118.51385,353.91,0.59,0.7,2025-01-08,1042,N21,VIIRS,n,2.0NRT,266.2,15.72,N
34.03524,-118.50792,341.17,0.59,0.7,2025-01-08,1042,N21,VIIRS,n,2.0NRT,264.16,15.72,N
34.03355,-118.50202,332.15,0.59,0.7,2025-01-08,1042,N21,VIIRS,n,2.0NRT,263.35,5.88,N
34.03176,-118.49577,323.21,0.59,0.7,2025-01-08,1042,N21,VIIRS,n,2.0NRT,263.31,5.88,N
34.07455,-118.64539,308.17,0.58,0.7,2025-01-08,1042,N21,VIIRS,n,2.0NRT,266.2,21.26,N
34.06365,-118.60722,318.63,0.58,0.7,2025-01-08,1042,N21,VIIRS,n,2.0NRT,262.72,4.42,N
34.06177,-118.60063,319.21,0.59,0.7,2025-01-08,1042,N21,VIIRS,n,2.0NRT,262.69,4.42,N
34.05933,-118.59208,318.22,0.59,0.7,2025-01-08,1042,N21,VIIRS,n,2.0NRT,263.52,3.41,N
34.05702,-118.58398,312.19,0.59,0.7,2025-01-08,1042,N21,VIIRS,n,2.0NRT,264.77,3.41,N
34.0552,-118.57759,312.16,0.59,0.7,2025-01-08,1042,N21,VIIRS,n,2.0NRT,264.14,6.05,N
34.05349,-118.57165,314.97,0.59,0.7,2025-01-08,1042,N21,VIIRS,n,2.0NRT,263.82,6.05,N
34.05157,-118.56493,318.84,0.59,0.7,2025-01-08,1042,N21,VIIRS,n,2.0NRT,263.8,10.04,N
34.02999,-118.4896,314.69,0.59,0.7,2025-01-08,1042,N21,VIIRS,n,2.0NRT,262.61,2.46,N
34.02818,-118.48333,306.73,0.59,0.7,2025-01-08,1042,N21,VIIRS,n,2.0NRT,262.86,2.46,N
34.02641,-118.47713,300.44,0.6,0.7,2025-01-08,1042,N21,VIIRS,n,2.0NRT,263.35,1.16,N
34.02468,-118.47112,296.1,0.6,0.7,2025-01-08,1042,N21,VIIRS,n,2.0NRT,264.04,1.16,N
34.06777,-118.64539,330.59,0.58,0.7,2025-01-08,1042,N21,VIIRS,n,2.0NRT,269.65,21.26,N
34.06539,-118.63704,367,0.58,0.7,2025-01-08,1042,N21,VIIRS,h,2.0NRT,287.13,21.26,N
34.0639,-118.63182,335.58,0.58,0.7,2025-01-08,1042,N21,VIIRS,n,2.0NRT,269.65,16.18,N
34.06234,-118.62637,327.4,0.58,0.7,2025-01-08,1042,N21,VIIRS,n,2.0NRT,268.76,16.18,N
34.06072,-118.62074,324.28,0.58,0.7,2025-01-08,1042,N21,VIIRS,n,2.0NRT,267.78,6.9,N
34.05913,-118.61518,323.44,0.58,0.7,2025-01-08,1042,N21,VIIRS,n,2.0NRT,264.15,6.9,N
34.04662,-118.5714,348.19,0.59,0.7,2025-01-08,1042,N21,VIIRS,n,2.0NRT,267.03,6.05,N
34.04488,-118.56536,336.67,0.59,0.7,2025-01-08,1042,N21,VIIRS,n,2.0NRT,266.15,10.04,N
34.04296,-118.55869,344.65,0.59,0.7,2025-01-08,1042,N21,VIIRS,n,2.0NRT,265.65,10.04,N
34.0412,-118.55251,342.8,0.59,0.7,2025-01-08,1042,N21,VIIRS,n,2.0NRT,265.93,34.26,N
34.03762,-118.54001,346.43,0.59,0.7,2025-01-08,1042,N21,VIIRS,n,2.0NRT,268.43,42,N
34.03426,-118.52833,367,0.59,0.7,2025-01-08,1042,N21,VIIRS,h,2.0NRT,275.82,48.12,N
34.03254,-118.52233,354.31,0.59,0.7,2025-01-08,1042,N21,VIIRS,n,2.0NRT,268.76,48.12,N
34.03076,-118.51614,334.52,0.59,0.7,2025-01-08,1042,N21,VIIRS,n,2.0NRT,265.21,15.72,N
34.029,-118.50999,327.53,0.59,0.7,2025-01-08,1042,N21,VIIRS,n,2.0NRT,264.26,15.72,N
34.02732,-118.50415,320.4,0.59,0.7,2025-01-08,1042,N21,VIIRS,n,2.0NRT,263.7,5.88,N
34.05736,-118.60901,316.61,0.58,0.7,2025-01-08,1042,N21,VIIRS,n,2.0NRT,263.36,4.42,N
34.05537,-118.60203,306.1,0.59,0.7,2025-01-08,1042,N21,VIIRS,n,2.0NRT,261.98,4.42,N
34.05313,-118.5942,305.45,0.59,0.7,2025-01-08,1042,N21,VIIRS,n,2.0NRT,263.81,3.41,N
34.05067,-118.58556,307.61,0.59,0.7,2025-01-08,1042,N21,VIIRS,n,2.0NRT,264.65,3.41,N
34.04833,-118.57741,311.91,0.59,0.7,2025-01-08,1042,N21,VIIRS,n,2.0NRT,264.15,6.05,N
34.02555,-118.49802,313.74,0.59,0.7,2025-01-08,1042,N21,VIIRS,n,2.0NRT,263.13,5.88,N
34.02379,-118.4919,307.06,0.59,0.7,2025-01-08,1042,N21,VIIRS,n,2.0NRT,262.62,2.46,N
34.02203,-118.48573,301.43,0.59,0.7,2025-01-08,1042,N21,VIIRS,n,2.0NRT,262.56,2.46,N
34.02027,-118.47964,296.92,0.6,0.7,2025-01-08,1042,N21,VIIRS,n,2.0NRT,263.64,1.16,N
34.06134,-118.64664,330.61,0.58,0.7,2025-01-08,1042,N21,VIIRS,n,2.0NRT,270.47,15.67,N
34.05883,-118.63785,367,0.58,0.7,2025-01-08,1042,N21,VIIRS,h,2.0NRT,283.88,15.67,N
34.05731,-118.63253,330.48,0.58,0.7,2025-01-08,1042,N21,VIIRS,n,2.0NRT,270.11,7.81,N
34.05593,-118.62774,324.47,0.58,0.7,2025-01-08,1042,N21,VIIRS,n,2.0NRT,268.43,7.81,N
34.04197,-118.57899,324.35,0.59,0.7,2025-01-08,1042,N21,VIIRS,n,2.0NRT,266.54,29.65,N
34.05442,-118.62247,315.68,0.58,0.7,2025-01-08,1042,N21,VIIRS,n,2.0NRT,266.05,3.67,N
34.05272,-118.61656,307.64,0.58,0.7,2025-01-08,1042,N21,VIIRS,n,2.0NRT,264.3,3.67,N
34.05074,-118.60963,304.28,0.58,0.7,2025-01-08,1042,N21,VIIRS,n,2.0NRT,263.95,3.25,N
34.04852,-118.60186,303.25,0.59,0.7,2025-01-08,1042,N21,VIIRS,n,2.0NRT,263.69,3.25,N
34.0463,-118.5941,302.92,0.59,0.7,2025-01-08,1042,N21,VIIRS,n,2.0NRT,264.73,6.79,N
34.04415,-118.58659,305.08,0.59,0.7,2025-01-08,1042,N21,VIIRS,n,2.0NRT,265.79,6.79,N
34.03486,-118.55421,317.6,0.59,0.7,2025-01-08,1042,N21,VIIRS,n,2.0NRT,263.84,3,N
34.0331,-118.5481,315.56,0.59,0.7,2025-01-08,1042,N21,VIIRS,n,2.0NRT,265.02,3,N
34.03135,-118.54201,314.44,0.59,0.7,2025-01-08,1042,N21,VIIRS,n,2.0NRT,265.83,2.77,N
34.02961,-118.5359,314.74,0.59,0.7,2025-01-08,1042,N21,VIIRS,n,2.0NRT,266.28,2.77,N
34.02789,-118.52995,315.16,0.59,0.7,2025-01-08,1042,N21,VIIRS,n,2.0NRT,266.16,2.71,N
34.02617,-118.52397,314.69,0.59,0.7,2025-01-08,1042,N21,VIIRS,n,2.0NRT,265.79,2.71,N
34.02274,-118.51206,309.32,0.59,0.7,2025-01-08,1042,N21,VIIRS,n,2.0NRT,263.02,8.33,N
34.02106,-118.50623,305.14,0.59,0.7,2025-01-08,1042,N21,VIIRS,n,2.0NRT,263,2.56,N
34.01937,-118.50035,301.67,0.59,0.7,2025-01-08,1042,N21,VIIRS,n,2.0NRT,263.13,2.56,N
34.01761,-118.49422,298.2,0.59,0.7,2025-01-08,1042,N21,VIIRS,n,2.0NRT,262.43,0.83,N
34.01585,-118.48813,295.32,0.59,0.7,2025-01-08,1042,N21,VIIRS,n,2.0NRT,262,0.83,N
34.05645,-118.65324,333.64,0.58,0.7,2025-01-08,1042,N21,VIIRS,n,2.0NRT,273.12,9.1,N
34.05462,-118.64687,342.31,0.58,0.7,2025-01-08,1042,N21,VIIRS,n,2.0NRT,273.89,15.67,N
34.05236,-118.63898,328.84,0.58,0.7,2025-01-08,1042,N21,VIIRS,n,2.0NRT,272.29,15.67,N
34.05081,-118.63358,323.25,0.58,0.7,2025-01-08,1042,N21,VIIRS,n,2.0NRT,269.85,7.81,N
34.03751,-118.5872,349.85,0.59,0.7,2025-01-08,1042,N21,VIIRS,n,2.0NRT,268.13,6.79,N
34.05842,-118.66014,311.9,0.58,0.7,2025-01-08,1042,N21,VIIRS,n,2.0NRT,269.48,9.1,N
34.04939,-118.62862,313.5,0.58,0.7,2025-01-08,1042,N21,VIIRS,n,2.0NRT,266.56,7.81,N
34.04774,-118.62287,312.78,0.58,0.7,2025-01-08,1042,N21,VIIRS,n,2.0NRT,266.3,3.67,N
34.04583,-118.61622,312.47,0.58,0.7,2025-01-08,1042,N21,VIIRS,n,2.0NRT,266.17,3.67,N
34.04369,-118.60873,303.97,0.58,0.7,2025-01-08,1042,N21,VIIRS,n,2.0NRT,265.31,3.25,N
34.02872,-118.55662,301,0.59,0.7,2025-01-08,1042,N21,VIIRS,n,2.0NRT,263.75,3,N
34.02699,-118.55058,300.34,0.59,0.7,2025-01-08,1042,N21,VIIRS,n,2.0NRT,264,3,N
34.02525,-118.54455,299.91,0.59,0.7,2025-01-08,1042,N21,VIIRS,n,2.0NRT,265.64,2.77,N
34.02351,-118.53851,299.63,0.59,0.7,2025-01-08,1042,N21,VIIRS,n,2.0NRT,265.84,2.77,N
34.02177,-118.53247,299.77,0.59,0.7,2025-01-08,1042,N21,VIIRS,n,2.0NRT,265.09,2.71,N
34.02003,-118.52642,299.09,0.59,0.7,2025-01-08,1042,N21,VIIRS,n,2.0NRT,264.56,2.71,N
34.05166,-118.66023,367,0.58,0.7,2025-01-08,1042,N21,VIIRS,h,2.0NRT,281.33,25.28,N
34.04964,-118.65318,367,0.58,0.7,2025-01-08,1042,N21,VIIRS,h,2.0NRT,278.56,25.28,N
34.04795,-118.64729,367,0.58,0.7,2025-01-08,1042,N21,VIIRS,h,2.0NRT,276.97,33.82,N
34.04594,-118.64029,346.44,0.58,0.7,2025-01-08,1042,N21,VIIRS,n,2.0NRT,273.69,33.82,N
34.04424,-118.63438,328.05,0.58,0.7,2025-01-08,1042,N21,VIIRS,n,2.0NRT,270.12,23.52,N
34.04258,-118.62859,327.15,0.58,0.7,2025-01-08,1042,N21,VIIRS,n,2.0NRT,267.7,23.52,N
34.04072,-118.62209,343.66,0.58,0.7,2025-01-08,1042,N21,VIIRS,n,2.0NRT,270.17,19.39,N
34.03881,-118.61547,349.91,0.58,0.7,2025-01-08,1042,N21,VIIRS,n,2.0NRT,271.79,19.39,N
34.05393,-118.66817,314.97,0.58,0.7,2025-01-08,1042,N21,VIIRS,n,2.0NRT,268.94,9.63,N
34.02957,-118.58328,295.49,0.59,0.7,2025-01-08,1042,N21,VIIRS,n,2.0NRT,264.51,3.46,N
34.04493,-118.66042,354.36,0.58,0.7,2025-01-08,1042,N21,VIIRS,n,2.0NRT,277.06,25.28,N
34.04284,-118.65316,367,0.58,0.7,2025-01-08,1042,N21,VIIRS,h,2.0NRT,279.24,25.28,N
34.04119,-118.64741,367,0.58,0.7,2025-01-08,1042,N21,VIIRS,h,2.0NRT,278.19,33.82,N
34.03938,-118.6411,350.69,0.58,0.7,2025-01-08,1042,N21,VIIRS,n,2.0NRT,285.31,33.82,N
34.03767,-118.63517,354.54,0.58,0.7,2025-01-08,1042,N21,VIIRS,n,2.0NRT,272.62,23.52,N
34.04698,-118.66759,308.91,0.58,0.7,2025-01-08,1042,N21,VIIRS,n,2.0NRT,269.18,9.63,N
34.04015,-118.66739,335.74,0.58,0.7,2025-01-08,1042,N21,VIIRS,n,2.0NRT,271.86,10.86,N
34.03833,-118.66106,324.58,0.58,0.7,2025-01-08,1042,N21,VIIRS,n,2.0NRT,270.98,17.35,N
34.03645,-118.65454,367,0.58,0.7,2025-01-08,1042,N21,VIIRS,h,2.0NRT,274.75,17.35,N
34.03473,-118.64855,367,0.58,0.7,2025-01-08,1042,N21,VIIRS,h,2.0NRT,272.27,15.83,N
34.03294,-118.64234,330.25,0.58,0.7,2025-01-08,1042,N21,VIIRS,n,2.0NRT,269.63,15.83,N
34.03121,-118.63633,322.1,0.58,0.7,2025-01-08,1042,N21,VIIRS,n,2.0NRT,267.28,5.86,N
34.02949,-118.63036,312.28,0.58,0.7,2025-01-08,1042,N21,VIIRS,n,2.0NRT,265.93,5.86,N
34.02777,-118.6244,306.48,0.58,0.7,2025-01-08,1042,N21,VIIRS,n,2.0NRT,266.31,3.18,N
34.02605,-118.61842,301.63,0.58,0.7,2025-01-08,1042,N21,VIIRS,n,2.0NRT,265.55,3.18,N
34.0496,-118.66571,344.18,0.58,0.7,2025-01-08,1042,N21,VIIRS,n,2.0NRT,273.05,17.04,N
34.04749,-118.65819,367,0.58,0.7,2025-01-08,1042,N21,VIIRS,h,2.0NRT,280.65,17.04,N
34.04565,-118.6516,346.24,0.58,0.7,2025-01-08,1042,N21,VIIRS,n,2.0NRT,276.12,45.27,N
34.04392,-118.64542,367,0.58,0.7,2025-01-08,1042,N21,VIIRS,h,2.0NRT,276.1,45.27,N
34.0421,-118.63894,367,0.58,0.7,2025-01-08,1042,N21,VIIRS,h,2.0NRT,275.19,53.02,N
34.04048,-118.63322,350.74,0.58,0.7,2025-01-08,1042,N21,VIIRS,n,2.0NRT,271.08,53.02,N
34.03837,-118.62566,351.66,0.58,0.7,2025-01-08,1042,N21,VIIRS,n,2.0NRT,269.68,38.24,N
34.0531,-118.67822,295.66,0.58,0.7,2025-01-08,1042,N21,VIIRS,n,2.0NRT,268.69,3.16,N
34.05155,-118.67269,301.43,0.58,0.7,2025-01-08,1042,N21,VIIRS,n,2.0NRT,268.42,3.16,N
34.04278,-118.66553,340.91,0.58,0.7,2025-01-08,1042,N21,VIIRS,n,2.0NRT,272.31,17.04,N
34.04091,-118.65887,350.44,0.58,0.7,2025-01-08,1042,N21,VIIRS,n,2.0NRT,275.25,17.04,N
34.03904,-118.65218,367,0.58,0.7,2025-01-08,1042,N21,VIIRS,h,2.0NRT,280.91,45.27,N
34.04456,-118.67184,300.49,0.58,0.7,2025-01-08,1042,N21,VIIRS,n,2.0NRT,270.06,3.16,N
34.03619,-118.66615,303.48,0.58,0.7,2025-01-08,1042,N21,VIIRS,n,2.0NRT,269.41,2.35,N
34.03447,-118.66006,302.57,0.58,0.7,2025-01-08,1042,N21,VIIRS,n,2.0NRT,268.55,2.35,N
34.03278,-118.65405,306.97,0.58,0.7,2025-01-08,1042,N21,VIIRS,n,2.0NRT,269.08,3.27,N
34.03108,-118.64803,308.3,0.58,0.7,2025-01-08,1042,N21,VIIRS,n,2.0NRT,268.38,3.27,N
34.02938,-118.64198,308.86,0.58,0.7,2025-01-08,1042,N21,VIIRS,n,2.0NRT,267.86,3.2,N
34.0277,-118.63602,306.23,0.58,0.7,2025-01-08,1042,N21,VIIRS,n,2.0NRT,266.83,3.2,N
34.02602,-118.63002,302.23,0.58,0.7,2025-01-08,1042,N21,VIIRS,n,2.0NRT,266.41,2.12,N
34.02433,-118.62403,298.83,0.58,0.7,2025-01-08,1042,N21,VIIRS,n,2.0NRT,266.27,2.12,N
34.02264,-118.61803,295.58,0.58,0.7,2025-01-08,1042,N21,VIIRS,n,2.0NRT,265.44,2.48,N
33.81864,-118.24264,296.73,0.62,0.71,2025-01-08,1042,N21,VIIRS,n,2.0NRT,285.04,1.6,N
33.81881,-118.24444,295.1,0.62,0.71,2025-01-08,1042,N21,VIIRS,n,2.0NRT,283.79,2.27,N
34.2175,-118.09512,301.64,0.62,0.71,2025-01-08,1042,N21,VIIRS,n,2.0NRT,275.43,4.33,N
34.32661,-118.49371,333.62,0.58,0.7,2025-01-08,1042,N21,VIIRS,n,2.0NRT,255.04,7.85,N
34.21483,-118.10976,367,0.62,0.71,2025-01-08,1042,N21,VIIRS,h,2.0NRT,282.65,85.69,N
34.21061,-118.09537,350.46,0.62,0.71,2025-01-08,1042,N21,VIIRS,n,2.0NRT,293.39,33.83,N
34.20797,-118.08635,351.99,0.62,0.71,2025-01-08,1042,N21,VIIRS,n,2.0NRT,283.35,33.83,N
34.21651,-118.1155,295.13,0.62,0.71,2025-01-08,1042,N21,VIIRS,n,2.0NRT,277.77,51.55,N
34.21325,-118.10439,318.57,0.62,0.71,2025-01-08,1042,N21,VIIRS,n,2.0NRT,301.64,85.69,N
34.20644,-118.0811,300.83,0.62,0.71,2025-01-08,1042,N21,VIIRS,n,2.0NRT,279.3,218.41,N
34.20511,-118.07659,308.88,0.62,0.71,2025-01-08,1042,N21,VIIRS,n,2.0NRT,278.88,218.41,N
34.20376,-118.07201,316.31,0.62,0.71,2025-01-08,1042,N21,VIIRS,n,2.0NRT,278.53,210.21,N
34.20221,-118.06672,298.35,0.62,0.72,2025-01-08,1042,N21,VIIRS,n,2.0NRT,277.09,210.21,N
34.21391,-118.13031,367,0.62,0.71,2025-01-08,1042,N21,VIIRS,h,2.0NRT,294.78,137.27,N
34.21231,-118.12487,321.92,0.62,0.71,2025-01-08,1042,N21,VIIRS,n,2.0NRT,309.01,137.27,N
34.2106,-118.11903,367,0.62,0.71,2025-01-08,1042,N21,VIIRS,h,2.0NRT,288,51.55,N
34.20896,-118.11343,367,0.62,0.71,2025-01-08,1042,N21,VIIRS,h,2.0NRT,300.98,51.55,N
34.20734,-118.1079,347.21,0.62,0.71,2025-01-08,1042,N21,VIIRS,n,2.0NRT,303.91,85.69,N
34.20499,-118.0999,350.08,0.62,0.71,2025-01-08,1042,N21,VIIRS,n,2.0NRT,284.7,85.69,N
34.20282,-118.0925,367,0.62,0.71,2025-01-08,1042,N21,VIIRS,h,2.0NRT,283.25,33.83,N
34.20131,-118.08737,348.9,0.62,0.71,2025-01-08,1042,N21,VIIRS,n,2.0NRT,281.65,33.83,N
34.19995,-118.08277,367,0.62,0.71,2025-01-08,1042,N21,VIIRS,h,2.0NRT,287.86,218.41,N
34.60439,-117.33401,299.27,0.66,0.73,2025-01-08,1042,N21,VIIRS,n,2.0NRT,274.78,2.09,N
34.94791,-120.50436,321.05,0.44,0.62,2025-01-08,1042,N21,VIIRS,n,2.0NRT,275.39,2.34,N
34.2173,-118.07066,297.07,0.62,0.71,2025-01-08,1042,N21,VIIRS,n,2.0NRT,275.66,1.92,N
34.22016,-118.10424,295.01,0.62,0.71,2025-01-08,1042,N21,VIIRS,n,2.0NRT,273.79,2.94,N
34.20114,-118.15209,347.64,0.53,0.5,2025-01-08,2021,N21,VIIRS,n,2.0NRT,313.75,65.52,D
34.20848,-118.14084,346.04,0.53,0.5,2025-01-08,2021,N21,VIIRS,n,2.0NRT,295.62,15.95,D
34.20707,-118.14709,340,0.53,0.5,2025-01-08,2021,N21,VIIRS,n,2.0NRT,291.95,17.33,D
34.21782,-118.14199,339.22,0.53,0.5,2025-01-08,2021,N21,VIIRS,n,2.0NRT,296.98,28.54,D
34.20501,-118.1374,367,0.53,0.5,2025-01-08,2021,N21,VIIRS,h,2.0NRT,299.27,16.98,D
34.20359,-118.1435,367,0.53,0.5,2025-01-08,2021,N21,VIIRS,h,2.0NRT,306.33,35.92,D
34.20082,-118.1554,367,0.53,0.5,2025-01-08,2021,N21,VIIRS,h,2.0NRT,304.15,14.3,D
34.21442,-118.09702,333.26,0.53,0.5,2025-01-08,2021,N21,VIIRS,n,2.0NRT,284.79,5.44,D
34.20654,-118.13083,332.14,0.53,0.5,2025-01-08,2021,N21,VIIRS,n,2.0NRT,292.6,16.98,D
34.2022,-118.1495,347.39,0.53,0.5,2025-01-08,2021,N21,VIIRS,n,2.0NRT,309.17,35.92,D
34.19947,-118.16122,334.87,0.53,0.5,2025-01-08,2021,N21,VIIRS,n,2.0NRT,289.45,14.3,D
34.20821,-118.14433,349.03,0.53,0.5,2025-01-08,2021,N21,VIIRS,n,2.0NRT,294.21,35.92,D
34.20537,-118.15656,338.56,0.53,0.5,2025-01-08,2021,N21,VIIRS,n,2.0NRT,289.91,14.3,D
34.21285,-118.14507,349.81,0.53,0.5,2025-01-08,2021,N21,VIIRS,n,2.0NRT,294.72,27.9,D
34.20996,-118.15751,339.2,0.53,0.5,2025-01-08,2021,N21,VIIRS,n,2.0NRT,290.27,9.92,D
34.21753,-118.14565,351.67,0.53,0.5,2025-01-08,2021,N21,VIIRS,n,2.0NRT,302.17,27.9,D
34.06112,-118.55136,341.09,0.56,0.52,2025-01-08,2021,N21,VIIRS,n,2.0NRT,291.58,13.72,D
34.08354,-118.58262,338.34,0.56,0.52,2025-01-08,2021,N21,VIIRS,n,2.0NRT,291.73,31.06,D
32.49462,-116.83266,339.77,0.49,0.48,2025-01-08,2021,N21,VIIRS,n,2.0NRT,299.73,33.1,D
34.01805,-117.37537,338.29,0.49,0.48,2025-01-08,2021,N21,VIIRS,n,2.0NRT,292.11,8.44,D
34.02238,-117.37661,329.07,0.49,0.48,2025-01-08,2021,N21,VIIRS,n,2.0NRT,289.05,8.44,D
34.03859,-118.52084,350.18,0.56,0.51,2025-01-08,2021,N21,VIIRS,n,2.0NRT,297.61,25.58,D
34.0372,-118.52682,350.32,0.56,0.52,2025-01-08,2021,N21,VIIRS,n,2.0NRT,300.61,14.07,D
34.04182,-118.52817,367,0.56,0.52,2025-01-08,2021,N21,VIIRS,h,2.0NRT,301.47,54.44,D
34.04459,-118.5163,349.45,0.56,0.51,2025-01-08,2021,N21,VIIRS,n,2.0NRT,298.91,17.83,D
34.04323,-118.52214,344.68,0.56,0.51,2025-01-08,2021,N21,VIIRS,n,2.0NRT,300.36,17.83,D
34.0404,-118.53425,344.6,0.56,0.52,2025-01-08,2021,N21,VIIRS,n,2.0NRT,297.19,54.44,D
34.03899,-118.54031,341.14,0.56,0.52,2025-01-08,2021,N21,VIIRS,n,2.0NRT,293.24,314.43,D
34.05198,-118.50575,330.78,0.56,0.51,2025-01-08,2021,N21,VIIRS,n,2.0NRT,291.3,10.57,D
34.04924,-118.51751,344.27,0.56,0.51,2025-01-08,2021,N21,VIIRS,n,2.0NRT,301.47,17.83,D
34.04785,-118.52349,353.19,0.56,0.51,2025-01-08,2021,N21,VIIRS,n,2.0NRT,303.55,17.83,D
34.04646,-118.52943,352.74,0.56,0.52,2025-01-08,2021,N21,VIIRS,n,2.0NRT,300.98,54.44,D
34.04506,-118.53546,349.73,0.56,0.52,2025-01-08,2021,N21,VIIRS,n,2.0NRT,321.04,54.44,D
34.05665,-118.50688,328.78,0.56,0.51,2025-01-08,2021,N21,VIIRS,n,2.0NRT,292.44,5.19,D
34.05391,-118.51863,326.67,0.56,0.51,2025-01-08,2021,N21,VIIRS,n,2.0NRT,294.28,6.25,D
34.05254,-118.52453,340.95,0.56,0.51,2025-01-08,2021,N21,VIIRS,n,2.0NRT,298.17,6.25,D
34.04974,-118.53657,338.43,0.56,0.52,2025-01-08,2021,N21,VIIRS,n,2.0NRT,313.37,54.29,D
34.04835,-118.54253,345.64,0.56,0.52,2025-01-08,2021,N21,VIIRS,n,2.0NRT,317.26,51.87,D
34.04694,-118.54859,346.1,0.56,0.52,2025-01-08,2021,N21,VIIRS,n,2.0NRT,309.07,51.87,D
34.05308,-118.54344,367,0.56,0.52,2025-01-08,2021,N21,VIIRS,h,2.0NRT,298.05,51.87,D
34.17099,-118.03128,342.03,0.52,0.5,2025-01-08,2021,N21,VIIRS,n,2.0NRT,298.47,8.03,D
34.06266,-118.50225,333.43,0.56,0.51,2025-01-08,2021,N21,VIIRS,n,2.0NRT,291.09,6.68,D
34.05444,-118.53759,341.1,0.56,0.52,2025-01-08,2021,N21,VIIRS,n,2.0NRT,293.26,54.29,D
34.05167,-118.54951,332.3,0.56,0.52,2025-01-08,2021,N21,VIIRS,n,2.0NRT,293.57,51.87,D
34.17815,-118.02082,336.25,0.52,0.5,2025-01-08,2021,N21,VIIRS,n,2.0NRT,310.13,34.24,D
34.17698,-118.02599,349.08,0.52,0.5,2025-01-08,2021,N21,VIIRS,n,2.0NRT,302.65,34.24,D
34.17578,-118.03128,332.64,0.52,0.5,2025-01-08,2021,N21,VIIRS,n,2.0NRT,301.37,12.21,D
34.17452,-118.03682,344.97,0.52,0.5,2025-01-08,2021,N21,VIIRS,n,2.0NRT,301.77,12.21,D
34.17316,-118.04276,335.4,0.52,0.5,2025-01-08,2021,N21,VIIRS,n,2.0NRT,294.5,7.6,D
34.06729,-118.50351,350.74,0.56,0.51,2025-01-08,2021,N21,VIIRS,n,2.0NRT,297.92,26.27,D
34.05782,-118.54433,340.76,0.56,0.52,2025-01-08,2021,N21,VIIRS,n,2.0NRT,292.58,13.72,D
34.05637,-118.55053,340.56,0.56,0.52,2025-01-08,2021,N21,VIIRS,n,2.0NRT,295.8,13.72,D
34.18289,-118.02103,325.34,0.52,0.5,2025-01-08,2021,N21,VIIRS,n,2.0NRT,292.15,34.24,D
34.18175,-118.02604,339.89,0.52,0.5,2025-01-08,2021,N21,VIIRS,n,2.0NRT,309.16,34.24,D
34.17801,-118.04251,340.03,0.52,0.5,2025-01-08,2021,N21,VIIRS,n,2.0NRT,295.99,7.6,D
34.07058,-118.51058,339.88,0.56,0.51,2025-01-08,2021,N21,VIIRS,n,2.0NRT,298.11,15.45,D
34.03999,-118.64217,352.67,0.57,0.52,2025-01-08,2021,N21,VIIRS,n,2.0NRT,299.72,13.1,D
34.18653,-118.02602,341.47,0.52,0.5,2025-01-08,2021,N21,VIIRS,n,2.0NRT,307.1,152.43,D
34.06584,-118.55231,345,0.56,0.52,2025-01-08,2021,N21,VIIRS,n,2.0NRT,292.77,30.99,D
34.04338,-118.64898,325.11,0.57,0.52,2025-01-08,2021,N21,VIIRS,n,2.0NRT,294.77,4,D
34.18547,-118.03069,367,0.52,0.5,2025-01-08,2021,N21,VIIRS,l,2.0NRT,340.94,189.45,D
34.07521,-118.51183,367,0.56,0.51,2025-01-08,2021,N21,VIIRS,l,2.0NRT,330.97,132.04,D
34.1902,-118.03091,347.37,0.52,0.5,2025-01-08,2021,N21,VIIRS,n,2.0NRT,293.13,189.45,D
34.07853,-118.51881,352.53,0.56,0.51,2025-01-08,2021,N21,VIIRS,n,2.0NRT,309.93,132.04,D
34.07734,-118.52396,355.13,0.56,0.51,2025-01-08,2021,N21,VIIRS,n,2.0NRT,303.41,15.97,D
34.07619,-118.52895,325.91,0.56,0.51,2025-01-08,2021,N21,VIIRS,n,2.0NRT,292.36,15.97,D
34.07211,-118.54659,335.54,0.56,0.52,2025-01-08,2021,N21,VIIRS,n,2.0NRT,291.8,30.99,D
34.07055,-118.55333,346.46,0.56,0.52,2025-01-08,2021,N21,VIIRS,n,2.0NRT,307.19,30.99,D
34.06899,-118.56004,348.59,0.56,0.52,2025-01-08,2021,N21,VIIRS,n,2.0NRT,300.45,30.58,D
34.06771,-118.56554,350.97,0.56,0.52,2025-01-08,2021,N21,VIIRS,n,2.0NRT,307.77,30.58,D
34.19105,-118.04828,325.61,0.52,0.5,2025-01-08,2021,N21,VIIRS,n,2.0NRT,293.53,10.83,D
34.1899,-118.05333,349.99,0.52,0.5,2025-01-08,2021,N21,VIIRS,n,2.0NRT,298.5,15.68,D
34.18867,-118.05878,329.17,0.52,0.5,2025-01-08,2021,N21,VIIRS,n,2.0NRT,298.38,15.68,D
34.07682,-118.54755,341.36,0.56,0.52,2025-01-08,2021,N21,VIIRS,n,2.0NRT,295.66,34,D
34.07521,-118.55447,354,0.56,0.52,2025-01-08,2021,N21,VIIRS,n,2.0NRT,304.91,34,D
34.07357,-118.56157,350.89,0.56,0.52,2025-01-08,2021,N21,VIIRS,n,2.0NRT,294.24,36.7,D
34.07225,-118.56729,350.64,0.56,0.52,2025-01-08,2021,N21,VIIRS,n,2.0NRT,300.79,36.7,D
34.07104,-118.57255,337.75,0.56,0.52,2025-01-08,2021,N21,VIIRS,n,2.0NRT,299.19,107.41,D
34.08195,-118.52534,367,0.56,0.51,2025-01-08,2021,N21,VIIRS,l,2.0NRT,326.44,427.7,D
34.07562,-118.57408,367,0.56,0.52,2025-01-08,2021,N21,VIIRS,h,2.0NRT,353.11,107.41,D
34.07278,-118.58634,367,0.56,0.52,2025-01-08,2021,N21,VIIRS,h,2.0NRT,308.52,26.19,D
34.19704,-118.04291,338.59,0.52,0.5,2025-01-08,2021,N21,VIIRS,n,2.0NRT,296.51,10.83,D
34.19569,-118.04888,346.44,0.52,0.5,2025-01-08,2021,N21,VIIRS,n,2.0NRT,302.67,10.83,D
34.1945,-118.05416,352.98,0.52,0.5,2025-01-08,2021,N21,VIIRS,n,2.0NRT,299.34,15.68,D
34.19334,-118.05927,341.69,0.52,0.5,2025-01-08,2021,N21,VIIRS,n,2.0NRT,299.99,15.68,D
34.08649,-118.52701,346.3,0.56,0.51,2025-01-08,2021,N21,VIIRS,n,2.0NRT,317.83,427.7,D
34.08411,-118.53733,344.11,0.56,0.52,2025-01-08,2021,N21,VIIRS,n,2.0NRT,299.54,35.55,D
34.07988,-118.55563,345.21,0.56,0.52,2025-01-08,2021,N21,VIIRS,n,2.0NRT,299.91,34,D
34.07822,-118.56284,345,0.56,0.52,2025-01-08,2021,N21,VIIRS,n,2.0NRT,296.96,36.7,D
34.07683,-118.56885,351.99,0.56,0.52,2025-01-08,2021,N21,VIIRS,n,2.0NRT,293.95,36.7,D
34.07438,-118.57946,343.87,0.56,0.52,2025-01-08,2021,N21,VIIRS,n,2.0NRT,303.06,107.41,D
34.07151,-118.59187,355.12,0.56,0.52,2025-01-08,2021,N21,VIIRS,n,2.0NRT,313.65,26.19,D
34.07037,-118.59681,352.97,0.57,0.52,2025-01-08,2021,N21,VIIRS,n,2.0NRT,321.83,23,D
34.06919,-118.60193,335.86,0.57,0.52,2025-01-08,2021,N21,VIIRS,n,2.0NRT,291.68,23,D
34.05787,-118.65078,338.92,0.57,0.52,2025-01-08,2021,N21,VIIRS,n,2.0NRT,294.46,7.38,D
34.08529,-118.53223,367,0.56,0.51,2025-01-08,2021,N21,VIIRS,l,2.0NRT,351.92,427.7,D
34.18493,-118.11755,367,0.53,0.5,2025-01-08,2021,N21,VIIRS,h,2.0NRT,293.17,28.94,D
34.18238,-118.12879,367,0.53,0.5,2025-01-08,2021,N21,VIIRS,h,2.0NRT,297.41,42.38,D
34.2017,-118.04346,328.63,0.52,0.5,2025-01-08,2021,N21,VIIRS,n,2.0NRT,297.62,21.76,D
34.20041,-118.04913,350.72,0.52,0.5,2025-01-08,2021,N21,VIIRS,n,2.0NRT,307.82,21.76,D
34.19806,-118.05959,355.09,0.52,0.5,2025-01-08,2021,N21,VIIRS,n,2.0NRT,307.36,207.93,D
34.19675,-118.06537,343.46,0.53,0.5,2025-01-08,2021,N21,VIIRS,n,2.0NRT,315.12,41.89,D
34.18367,-118.12315,353.08,0.53,0.5,2025-01-08,2021,N21,VIIRS,n,2.0NRT,293.68,28.94,D
34.18109,-118.13453,353.92,0.53,0.5,2025-01-08,2021,N21,VIIRS,n,2.0NRT,297.62,42.38,D
34.08989,-118.53367,351.59,0.56,0.51,2025-01-08,2021,N21,VIIRS,n,2.0NRT,301.28,59.18,D
34.08872,-118.53871,345.16,0.56,0.52,2025-01-08,2021,N21,VIIRS,n,2.0NRT,313.47,91.09,D
34.08612,-118.55003,340.2,0.56,0.52,2025-01-08,2021,N21,VIIRS,n,2.0NRT,297.58,173.57,D
34.08454,-118.55684,354.99,0.56,0.52,2025-01-08,2021,N21,VIIRS,n,2.0NRT,303.43,173.57,D
34.08023,-118.57552,340.88,0.56,0.52,2025-01-08,2021,N21,VIIRS,n,2.0NRT,292.78,31.06,D
34.07898,-118.58096,340.57,0.56,0.52,2025-01-08,2021,N21,VIIRS,n,2.0NRT,308.77,31.06,D
34.0761,-118.59346,355.32,0.56,0.52,2025-01-08,2021,N21,VIIRS,n,2.0NRT,311.77,94.43,D
34.07489,-118.59866,337.21,0.57,0.52,2025-01-08,2021,N21,VIIRS,n,2.0NRT,298.44,14.77,D
34.07136,-118.61399,342.41,0.57,0.52,2025-01-08,2021,N21,VIIRS,n,2.0NRT,293.59,17.32,D
34.07005,-118.61964,343.8,0.57,0.52,2025-01-08,2021,N21,VIIRS,n,2.0NRT,317.24,57.73,D
34.06413,-118.64522,334.24,0.57,0.52,2025-01-08,2021,N21,VIIRS,n,2.0NRT,294.95,8.36,D
34.06269,-118.65141,332.83,0.57,0.52,2025-01-08,2021,N21,VIIRS,n,2.0NRT,295.16,8.36,D
34.08287,-118.56411,207.38,0.56,0.52,2025-01-08,2021,N21,VIIRS,l,2.0NRT,322.97,95.7,D
34.07747,-118.58749,367,0.56,0.52,2025-01-08,2021,N21,VIIRS,l,2.0NRT,338.71,94.43,D
34.20385,-118.05507,367,0.52,0.5,2025-01-08,2021,N21,VIIRS,h,2.0NRT,345,207.93,D
34.20275,-118.05996,367,0.52,0.5,2025-01-08,2021,N21,VIIRS,h,2.0NRT,332.21,207.93,D
34.1895,-118.11855,367,0.53,0.5,2025-01-08,2021,N21,VIIRS,h,2.0NRT,295.57,28.94,D
34.09078,-118.55121,367,0.56,0.52,2025-01-08,2021,N21,VIIRS,h,2.0NRT,362.12,173.57,D
34.08214,-118.58869,367,0.56,0.52,2025-01-08,2021,N21,VIIRS,h,2.0NRT,338.64,94.43,D
34.20508,-118.0496,340.28,0.52,0.5,2025-01-08,2021,N21,VIIRS,n,2.0NRT,293.58,21.76,D
34.20146,-118.06568,354.08,0.53,0.5,2025-01-08,2021,N21,VIIRS,n,2.0NRT,305.57,41.89,D
34.1999,-118.07256,331.57,0.53,0.5,2025-01-08,2021,N21,VIIRS,n,2.0NRT,289.05,41.89,D
34.18821,-118.12425,353.73,0.53,0.5,2025-01-08,2021,N21,VIIRS,n,2.0NRT,300.38,28.94,D
34.18692,-118.12995,355.49,0.53,0.5,2025-01-08,2021,N21,VIIRS,n,2.0NRT,304.44,42.38,D
34.18562,-118.1357,350.24,0.53,0.5,2025-01-08,2021,N21,VIIRS,n,2.0NRT,304.6,42.38,D
34.18433,-118.14144,340.32,0.53,0.5,2025-01-08,2021,N21,VIIRS,n,2.0NRT,287.67,22.71,D
34.18174,-118.15286,343.69,0.53,0.5,2025-01-08,2021,N21,VIIRS,n,2.0NRT,290.15,19.47,D
34.09334,-118.54011,338.77,0.56,0.52,2025-01-08,2021,N21,VIIRS,n,2.0NRT,293.36,91.09,D
34.09214,-118.54531,339.98,0.56,0.52,2025-01-08,2021,N21,VIIRS,n,2.0NRT,291.6,91.09,D
34.0892,-118.55805,341.53,0.56,0.52,2025-01-08,2021,N21,VIIRS,n,2.0NRT,307.58,173.57,D
34.08753,-118.56531,330.47,0.56,0.52,2025-01-08,2021,N21,VIIRS,n,2.0NRT,293.45,95.7,D
34.07471,-118.62093,351.07,0.57,0.52,2025-01-08,2021,N21,VIIRS,n,2.0NRT,305.88,57.73,D
34.07339,-118.62662,338.3,0.57,0.52,2025-01-08,2021,N21,VIIRS,n,2.0NRT,296.61,57.73,D
34.06753,-118.65197,350.14,0.57,0.52,2025-01-08,2021,N21,VIIRS,n,2.0NRT,297.11,8.36,D
34.19279,-118.12525,367,0.53,0.5,2025-01-08,2021,N21,VIIRS,h,2.0NRT,293.73,27.42,D
34.18886,-118.14263,367,0.53,0.5,2025-01-08,2021,N21,VIIRS,h,2.0NRT,299.67,33.74,D
34.18755,-118.14841,367,0.53,0.5,2025-01-08,2021,N21,VIIRS,h,2.0NRT,296.4,33.74,D
34.20615,-118.06608,352.36,0.53,0.5,2025-01-08,2021,N21,VIIRS,n,2.0NRT,288.51,17.8,D
34.20454,-118.07318,328.65,0.53,0.5,2025-01-08,2021,N21,VIIRS,n,2.0NRT,281.97,17.8,D
34.20293,-118.08035,337.85,0.53,0.5,2025-01-08,2021,N21,VIIRS,n,2.0NRT,285.06,6.35,D
34.1941,-118.11943,334.4,0.53,0.5,2025-01-08,2021,N21,VIIRS,n,2.0NRT,289.17,27.42,D
34.19149,-118.13102,349.6,0.53,0.5,2025-01-08,2021,N21,VIIRS,n,2.0NRT,308.81,51.44,D
34.19017,-118.13683,348.04,0.53,0.5,2025-01-08,2021,N21,VIIRS,n,2.0NRT,303.4,51.44,D
34.18625,-118.15417,353.45,0.53,0.5,2025-01-08,2021,N21,VIIRS,n,2.0NRT,300.43,51.12,D
34.18496,-118.15985,342.05,0.53,0.5,2025-01-08,2021,N21,VIIRS,n,2.0NRT,290.39,51.12,D
34.07512,-118.64059,333.96,0.57,0.52,2025-01-08,2021,N21,VIIRS,n,2.0NRT,299.5,83.51,D
34.07375,-118.64655,326.28,0.57,0.52,2025-01-08,2021,N21,VIIRS,n,2.0NRT,298.21,95.15,D
34.06972,-118.664,347.68,0.57,0.52,2025-01-08,2021,N21,VIIRS,n,2.0NRT,298.21,16.24,D
34.06824,-118.67043,347.72,0.57,0.52,2025-01-08,2021,N21,VIIRS,n,2.0NRT,299.02,12.49,D
34.06661,-118.67744,329.74,0.57,0.52,2025-01-08,2021,N21,VIIRS,n,2.0NRT,291.26,12.49,D
34.19738,-118.12615,367,0.53,0.5,2025-01-08,2021,N21,VIIRS,h,2.0NRT,302.42,27.42,D
34.19473,-118.13792,367,0.53,0.5,2025-01-08,2021,N21,VIIRS,h,2.0NRT,303.93,51.44,D
34.19341,-118.14379,367,0.53,0.5,2025-01-08,2021,N21,VIIRS,h,2.0NRT,303.18,33.74,D
34.08002,-118.64085,367,0.57,0.52,2025-01-08,2021,N21,VIIRS,h,2.0NRT,344.97,83.51,D
34.07865,-118.6468,367,0.57,0.52,2025-01-08,2021,N21,VIIRS,h,2.0NRT,338.4,95.15,D
34.07596,-118.65849,367,0.57,0.52,2025-01-08,2021,N21,VIIRS,h,2.0NRT,301.02,16.24,D
34.21323,-118.05585,338.89,0.52,0.5,2025-01-08,2021,N21,VIIRS,n,2.0NRT,284.6,429.75,D
34.20734,-118.08199,333.46,0.53,0.5,2025-01-08,2021,N21,VIIRS,n,2.0NRT,287.11,6.35,D
34.19606,-118.13203,340.27,0.53,0.5,2025-01-08,2021,N21,VIIRS,n,2.0NRT,306.97,51.44,D
34.19209,-118.14964,354.59,0.53,0.5,2025-01-08,2021,N21,VIIRS,n,2.0NRT,312.83,33.74,D
34.18948,-118.16118,342.34,0.53,0.5,2025-01-08,2021,N21,VIIRS,n,2.0NRT,290.06,51.12,D
34.08138,-118.63498,337.42,0.57,0.52,2025-01-08,2021,N21,VIIRS,n,2.0NRT,293.11,83.51,D
34.07449,-118.66488,352,0.57,0.52,2025-01-08,2021,N21,VIIRS,n,2.0NRT,299.8,16.24,D
34.07283,-118.67205,338.97,0.57,0.52,2025-01-08,2021,N21,VIIRS,n,2.0NRT,296.04,12.49,D
34.19928,-118.13901,367,0.53,0.5,2025-01-08,2021,N21,VIIRS,h,2.0NRT,302.86,20.67,D
34.19795,-118.14497,367,0.53,0.5,2025-01-08,2021,N21,VIIRS,h,2.0NRT,303.64,65.52,D
34.21184,-118.08327,337.43,0.53,0.5,2025-01-08,2021,N21,VIIRS,n,2.0NRT,289.97,27.22,D
34.21058,-118.08886,346.97,0.53,0.5,2025-01-08,2021,N21,VIIRS,n,2.0NRT,294.47,27.22,D
34.20938,-118.09419,338.93,0.53,0.5,2025-01-08,2021,N21,VIIRS,n,2.0NRT,289.97,16.57,D
34.20202,-118.12691,353.37,0.53,0.5,2025-01-08,2021,N21,VIIRS,n,2.0NRT,297.55,18.53,D
34.20064,-118.133,351.01,0.53,0.5,2025-01-08,2021,N21,VIIRS,n,2.0NRT,297.01,20.67,D
34.19661,-118.15086,345.38,0.53,0.5,2025-01-08,2021,N21,VIIRS,n,2.0NRT,317.25,65.52,D
34.1953,-118.1567,341.32,0.53,0.5,2025-01-08,2021,N21,VIIRS,n,2.0NRT,314.16,49.12,D
34.08455,-118.64274,328.08,0.57,0.52,2025-01-08,2021,N21,VIIRS,n,2.0NRT,289.49,3.18,D
34.07914,-118.66624,334.67,0.57,0.52,2025-01-08,2021,N21,VIIRS,n,2.0NRT,290.84,5.08,D
34.20385,-118.14009,367,0.53,0.5,2025-01-08,2021,N21,VIIRS,h,2.0NRT,301.29,20.67,D
34.19982,-118.15796,367,0.53,0.5,2025-01-08,2021,N21,VIIRS,h,2.0NRT,299.57,49.12,D
34.20526,-118.1338,350.01,0.53,0.5,2025-01-08,2021,N21,VIIRS,n,2.0NRT,297.65,20.67,D
34.20249,-118.14613,350.03,0.53,0.5,2025-01-08,2021,N21,VIIRS,n,2.0NRT,311.73,65.52,D
36.61913,-119.01315,336.99,0.52,0.5,2025-01-08,2023,N21,VIIRS,n,2.0NRT,288.42,6.03,D
36.15152,-121.0759,367,0.34,0.56,2025-01-08,2023,N21,VIIRS,h,2.0NRT,298.54,8,D
36.15243,-121.07229,353.17,0.34,0.56,2025-01-08,2023,N21,VIIRS,n,2.0NRT,294.84,9.9,D
36.15061,-121.07956,327.64,0.34,0.56,2025-01-08,2023,N21,VIIRS,n,2.0NRT,294.37,8,D
36.9865,-120.82337,345.59,0.32,0.54,2025-01-08,2023,N21,VIIRS,n,2.0NRT,288.83,4.1,D
34.03102,-118.51888,336.99,0.78,0.78,2025-01-08,2201,N21,VIIRS,n,2.0NRT,286.39,5.55,D
34.03798,-118.52864,327.98,0.78,0.78,2025-01-08,2201,N21,VIIRS,n,2.0NRT,285.1,31.47,D
34.04514,-118.52936,367,0.78,0.78,2025-01-08,2201,N21,VIIRS,h,2.0NRT,292.95,31.47,D
34.04494,-118.53767,367,0.78,0.78,2025-01-08,2201,N21,VIIRS,h,2.0NRT,301.54,62.05,D
34.04473,-118.54621,367,0.78,0.78,2025-01-08,2201,N21,VIIRS,h,2.0NRT,294.72,62.05,D
34.04534,-118.52109,343.76,0.78,0.78,2025-01-08,2201,N21,VIIRS,n,2.0NRT,291.84,31.47,D
34.04454,-118.55419,345.15,0.78,0.78,2025-01-08,2201,N21,VIIRS,n,2.0NRT,285.49,28.88,D
34.05249,-118.52258,326.38,0.78,0.78,2025-01-08,2201,N21,VIIRS,n,2.0NRT,288.67,13.61,D
34.05207,-118.53944,355.29,0.78,0.78,2025-01-08,2201,N21,VIIRS,n,2.0NRT,290.17,17.16,D
34.05186,-118.54803,347.91,0.78,0.78,2025-01-08,2201,N21,VIIRS,n,2.0NRT,288.47,17.16,D
34.05898,-118.55041,343.38,0.78,0.78,2025-01-08,2201,N21,VIIRS,n,2.0NRT,286.14,17.16,D
34.06609,-118.55255,344.95,0.78,0.78,2025-01-08,2201,N21,VIIRS,n,2.0NRT,287.9,34.22,D
34.06588,-118.5608,333.22,0.78,0.78,2025-01-08,2201,N21,VIIRS,n,2.0NRT,287.84,51.19,D
34.07339,-118.54761,367,0.78,0.78,2025-01-08,2201,N21,VIIRS,h,2.0NRT,291.22,34.22,D
34.07322,-118.55424,367,0.78,0.78,2025-01-08,2201,N21,VIIRS,h,2.0NRT,292.04,34.22,D
34.07306,-118.56057,367,0.78,0.78,2025-01-08,2201,N21,VIIRS,h,2.0NRT,293.23,51.19,D
34.07413,-118.51846,333.67,0.78,0.78,2025-01-08,2201,N21,VIIRS,n,2.0NRT,289.35,12.17,D
34.07283,-118.56954,348.5,0.78,0.78,2025-01-08,2201,N21,VIIRS,n,2.0NRT,294.5,51.19,D
34.07256,-118.57994,325.28,0.78,0.78,2025-01-08,2201,N21,VIIRS,n,2.0NRT,288.84,20.84,D
34.07239,-118.5864,335.89,0.78,0.78,2025-01-08,2201,N21,VIIRS,n,2.0NRT,291.77,20.84,D
34.07209,-118.59771,331.41,0.78,0.78,2025-01-08,2201,N21,VIIRS,n,2.0NRT,285.54,15.3,D
34.07177,-118.61021,345.58,0.77,0.78,2025-01-08,2201,N21,VIIRS,n,2.0NRT,288.16,15.3,D
34.0715,-118.62055,336.57,0.77,0.78,2025-01-08,2201,N21,VIIRS,n,2.0NRT,293.28,20.99,D
34.03373,-118.52235,330.09,0.78,0.78,2025-01-08,2201,N21,VIIRS,n,2.0NRT,286.58,6.97,D
34.0406,-118.53956,367,0.78,0.78,2025-01-08,2201,N21,VIIRS,h,2.0NRT,290.4,33.17,D
34.0409,-118.52362,336.05,0.78,0.78,2025-01-08,2201,N21,VIIRS,n,2.0NRT,288.93,30.58,D
34.04074,-118.53184,348.85,0.78,0.78,2025-01-08,2201,N21,VIIRS,n,2.0NRT,286.95,30.58,D
34.04044,-118.54777,356,0.78,0.78,2025-01-08,2201,N21,VIIRS,l,2.0NRT,288.49,33.17,D
34.04806,-118.52471,367,0.78,0.78,2025-01-08,2201,N21,VIIRS,h,2.0NRT,292.22,30.58,D
34.04774,-118.54153,367,0.78,0.78,2025-01-08,2201,N21,VIIRS,h,2.0NRT,298.8,33.17,D
34.04758,-118.55003,367,0.78,0.78,2025-01-08,2201,N21,VIIRS,h,2.0NRT,290.54,33.17,D
34.04822,-118.51601,330.81,0.78,0.78,2025-01-08,2201,N21,VIIRS,n,2.0NRT,290.96,17.62,D
34.0479,-118.53282,355.54,0.78,0.78,2025-01-08,2201,N21,VIIRS,l,2.0NRT,289.66,30.58,D
34.05488,-118.5437,343.6,0.78,0.78,2025-01-08,2201,N21,VIIRS,n,2.0NRT,287.8,14.42,D
34.06201,-118.54633,330.39,0.78,0.78,2025-01-08,2201,N21,VIIRS,n,2.0NRT,287.83,14.42,D
34.06884,-118.56359,367,0.78,0.78,2025-01-08,2201,N21,VIIRS,h,2.0NRT,292.29,100.46,D
34.06913,-118.54908,354.78,0.78,0.78,2025-01-08,2201,N21,VIIRS,n,2.0NRT,291.25,39.71,D
34.06784,-118.61338,332.18,0.77,0.78,2025-01-08,2201,N21,VIIRS,n,2.0NRT,291.11,13.26,D
34.06899,-118.55594,355.71,0.78,0.78,2025-01-08,2201,N21,VIIRS,l,2.0NRT,288.88,39.71,D
34.07684,-118.52292,367,0.78,0.78,2025-01-08,2201,N21,VIIRS,h,2.0NRT,294.04,35.21,D
34.07627,-118.55099,367,0.78,0.78,2025-01-08,2201,N21,VIIRS,h,2.0NRT,291.92,39.71,D
34.07614,-118.55725,367,0.78,0.78,2025-01-08,2201,N21,VIIRS,h,2.0NRT,294.88,39.71,D
34.076,-118.56389,367,0.78,0.78,2025-01-08,2201,N21,VIIRS,h,2.0NRT,300.78,100.46,D
34.07546,-118.59007,367,0.78,0.78,2025-01-08,2201,N21,VIIRS,h,2.0NRT,298.71,30.85,D
34.07704,-118.51255,349.43,0.78,0.78,2025-01-08,2201,N21,VIIRS,n,2.0NRT,294.25,35.21,D
34.0758,-118.57374,326.84,0.78,0.78,2025-01-08,2201,N21,VIIRS,n,2.0NRT,295.59,100.46,D
34.07561,-118.58289,341.38,0.78,0.78,2025-01-08,2201,N21,VIIRS,n,2.0NRT,294.34,30.85,D
34.07524,-118.60108,326.97,0.78,0.78,2025-01-08,2201,N21,VIIRS,n,2.0NRT,282.12,13.26,D
34.07497,-118.61421,340.88,0.77,0.78,2025-01-08,2201,N21,VIIRS,n,2.0NRT,285.22,13.26,D
34.07444,-118.63951,331.52,0.77,0.77,2025-01-08,2201,N21,VIIRS,n,2.0NRT,271.94,14.73,D
34.08402,-118.52303,367,0.78,0.78,2025-01-08,2201,N21,VIIRS,h,2.0NRT,309.79,97.94,D
34.08329,-118.55864,367,0.78,0.78,2025-01-08,2201,N21,VIIRS,h,2.0NRT,306.88,410.06,D
34.08276,-118.58344,367,0.78,0.78,2025-01-08,2201,N21,VIIRS,h,2.0NRT,300.32,73.46,D
34.0826,-118.59119,367,0.78,0.78,2025-01-08,2201,N21,VIIRS,h,2.0NRT,300.01,73.46,D
34.08419,-118.51447,347.46,0.78,0.78,2025-01-08,2201,N21,VIIRS,n,2.0NRT,291.69,97.94,D
34.08341,-118.55262,345.21,0.78,0.78,2025-01-08,2201,N21,VIIRS,n,2.0NRT,293.16,410.06,D
34.08244,-118.59917,327.64,0.78,0.78,2025-01-08,2201,N21,VIIRS,n,2.0NRT,278.47,32.31,D
34.08151,-118.64301,354.75,0.77,0.77,2025-01-08,2201,N21,VIIRS,n,2.0NRT,279.38,39.79,D
34.08378,-118.53458,207.38,0.78,0.78,2025-01-08,2201,N21,VIIRS,l,2.0NRT,303.47,225.97,D
34.08315,-118.56491,367,0.78,0.78,2025-01-08,2201,N21,VIIRS,l,2.0NRT,331.5,292.35,D
34.08297,-118.57333,207.38,0.78,0.78,2025-01-08,2201,N21,VIIRS,l,2.0NRT,308.54,292.35,D
34.08169,-118.63466,355.49,0.77,0.78,2025-01-08,2201,N21,VIIRS,l,2.0NRT,281.29,45.78,D
34.09097,-118.53405,367,0.78,0.78,2025-01-08,2201,N21,VIIRS,h,2.0NRT,303.99,225.97,D
34.09055,-118.55404,367,0.78,0.78,2025-01-08,2201,N21,VIIRS,h,2.0NRT,351.75,410.06,D
34.09118,-118.52401,326.89,0.78,0.78,2025-01-08,2201,N21,VIIRS,n,2.0NRT,291.92,97.94,D
34.09028,-118.56673,352.58,0.78,0.78,2025-01-08,2201,N21,VIIRS,n,2.0NRT,293.82,292.35,D
34.09072,-118.54607,367,0.78,0.78,2025-01-08,2201,N21,VIIRS,l,2.0NRT,333.63,225.97,D
34.09042,-118.5602,367,0.78,0.78,2025-01-08,2201,N21,VIIRS,l,2.0NRT,371.81,410.06,D
34.09787,-118.54737,329.12,0.78,0.78,2025-01-08,2201,N21,VIIRS,n,2.0NRT,290.33,10.96,D
34.0977,-118.55556,332.59,0.78,0.78,2025-01-08,2201,N21,VIIRS,n,2.0NRT,290.05,15.83,D
36.1511,-121.07305,333.78,0.57,0.69,2025-01-08,2201,N21,VIIRS,n,2.0NRT,295.8,5.39,D
36.15309,-121.07158,327.26,0.58,0.69,2025-01-08,2201,N21,VIIRS,n,2.0NRT,294.9,6.38,D
34.22173,-118.15388,334.97,0.65,0.73,2025-01-09,0841,N21,VIIRS,n,2.0NRT,282.88,7.01,N
34.22143,-118.1446,299.79,0.65,0.73,2025-01-09,0841,N21,VIIRS,n,2.0NRT,280.66,5.57,N
34.21279,-118.08321,331.58,0.64,0.72,2025-01-09,0841,N21,VIIRS,n,2.0NRT,285,5.06,N
34.21515,-118.15753,310.68,0.65,0.73,2025-01-09,0841,N21,VIIRS,n,2.0NRT,281.35,7.01,N
34.21489,-118.14928,312.25,0.65,0.73,2025-01-09,0841,N21,VIIRS,n,2.0NRT,282.3,5.57,N
34.21313,-118.09404,295.14,0.64,0.72,2025-01-09,0841,N21,VIIRS,n,2.0NRT,281.71,3.04,N
34.21298,-118.08936,308.28,0.64,0.72,2025-01-09,0841,N21,VIIRS,n,2.0NRT,281.84,3.04,N
34.21235,-118.06949,301.88,0.64,0.72,2025-01-09,0841,N21,VIIRS,n,2.0NRT,280.75,5.06,N
34.20546,-118.06264,330.38,0.64,0.72,2025-01-09,0841,N21,VIIRS,n,2.0NRT,286.67,5.01,N
34.20529,-118.05727,320.12,0.64,0.72,2025-01-09,0841,N21,VIIRS,n,2.0NRT,285.53,5.01,N
34.20578,-118.07273,304.91,0.64,0.72,2025-01-09,0841,N21,VIIRS,n,2.0NRT,283.21,5.4,N
34.20141,-118.14642,298.53,0.65,0.73,2025-01-09,0841,N21,VIIRS,n,2.0NRT,284.57,3.92,N
34.19871,-118.05993,296.39,0.64,0.72,2025-01-09,0841,N21,VIIRS,n,2.0NRT,282.25,5.01,N
34.19499,-118.1554,304.15,0.65,0.73,2025-01-09,0841,N21,VIIRS,n,2.0NRT,284.93,2.05,N
34.19476,-118.14783,300.82,0.65,0.73,2025-01-09,0841,N21,VIIRS,n,2.0NRT,285.76,2.05,N
34.19453,-118.14021,299.93,0.65,0.73,2025-01-09,0841,N21,VIIRS,n,2.0NRT,285.68,2.88,N
34.1943,-118.1327,301.85,0.64,0.72,2025-01-09,0841,N21,VIIRS,n,2.0NRT,285.06,2.88,N
34.19196,-118.05694,296.05,0.64,0.72,2025-01-09,0841,N21,VIIRS,n,2.0NRT,282.3,1.18,N
34.18415,-118.02006,345.75,0.63,0.72,2025-01-09,0841,N21,VIIRS,n,2.0NRT,285.02,12.43,N
34.18833,-118.15644,298.34,0.65,0.73,2025-01-09,0841,N21,VIIRS,n,2.0NRT,282.18,2.05,N
34.18811,-118.14909,297.87,0.65,0.73,2025-01-09,0841,N21,VIIRS,n,2.0NRT,283.45,2.05,N
34.18766,-118.13443,303.04,0.64,0.72,2025-01-09,0841,N21,VIIRS,n,2.0NRT,284.45,2.88,N
34.18744,-118.12722,301.68,0.64,0.72,2025-01-09,0841,N21,VIIRS,n,2.0NRT,284.53,3.03,N
34.18723,-118.12022,296.59,0.64,0.72,2025-01-09,0841,N21,VIIRS,n,2.0NRT,283.54,3.03,N
34.18101,-118.13572,295.69,0.64,0.72,2025-01-09,0841,N21,VIIRS,n,2.0NRT,281.5,1.33,N
34.06864,-118.6078,315.32,0.69,0.74,2025-01-09,0841,N21,VIIRS,n,2.0NRT,283.95,3.65,N
34.06845,-118.6017,305.25,0.68,0.74,2025-01-09,0841,N21,VIIRS,n,2.0NRT,283.21,3.65,N
34.06723,-118.56203,298.03,0.68,0.74,2025-01-09,0841,N21,VIIRS,n,2.0NRT,285.26,1.64,N
34.05998,-118.54856,324.07,0.68,0.74,2025-01-09,0841,N21,VIIRS,n,2.0NRT,283.26,6.48,N
34.05322,-118.55074,298.17,0.68,0.74,2025-01-09,0841,N21,VIIRS,n,2.0NRT,283.1,2.69,N
34.05233,-118.5218,296.52,0.68,0.74,2025-01-09,0841,N21,VIIRS,n,2.0NRT,285.43,2.16,N
34.04646,-118.5526,312.68,0.68,0.74,2025-01-09,0841,N21,VIIRS,n,2.0NRT,283.8,2.69,N
34.04623,-118.5453,311.77,0.68,0.74,2025-01-09,0841,N21,VIIRS,n,2.0NRT,287.35,4.57,N
34.04601,-118.53809,309.26,0.68,0.74,2025-01-09,0841,N21,VIIRS,n,2.0NRT,286.51,4.57,N
34.04578,-118.53066,299.41,0.68,0.74,2025-01-09,0841,N21,VIIRS,n,2.0NRT,284.61,2.16,N
34.04555,-118.52302,300.02,0.68,0.74,2025-01-09,0841,N21,VIIRS,n,2.0NRT,286.27,2.16,N
34.04205,-118.63398,314.62,0.69,0.74,2025-01-09,0841,N21,VIIRS,n,2.0NRT,282.2,3.63,N
34.03969,-118.55454,301.58,0.68,0.74,2025-01-09,0841,N21,VIIRS,n,2.0NRT,283.43,2.1,N
34.03947,-118.54718,298.69,0.68,0.74,2025-01-09,0841,N21,VIIRS,n,2.0NRT,283.3,3,N
34.03899,-118.53159,298.08,0.68,0.74,2025-01-09,0841,N21,VIIRS,n,2.0NRT,285.15,1.55,N
34.03877,-118.52408,296.98,0.68,0.74,2025-01-09,0841,N21,VIIRS,n,2.0NRT,284.23,1.55,N
33.85184,-118.33241,301.75,0.66,0.73,2025-01-09,0841,N21,VIIRS,n,2.0NRT,284.88,2.33,N
32.47099,-117.05816,299.45,0.54,0.68,2025-01-09,0841,N21,VIIRS,n,2.0NRT,279.49,1.32,N
32.47258,-117.05821,302.07,0.54,0.68,2025-01-09,0841,N21,VIIRS,n,2.0NRT,279.65,1.15,N
32.37297,-117.06875,295.77,0.54,0.68,2025-01-09,0841,N21,VIIRS,n,2.0NRT,279.89,0.51,N
32.24373,-116.92695,295.68,0.53,0.67,2025-01-09,0841,N21,VIIRS,n,2.0NRT,280.93,0.67,N
34.21788,-118.15088,344.23,0.65,0.73,2025-01-09,0841,N21,VIIRS,n,2.0NRT,285.15,9.48,N
34.21819,-118.15897,311.99,0.65,0.73,2025-01-09,0841,N21,VIIRS,n,2.0NRT,281.16,9.48,N
34.21754,-118.14172,299.1,0.65,0.73,2025-01-09,0841,N21,VIIRS,n,2.0NRT,280.65,4.31,N
34.2156,-118.09071,296.5,0.64,0.72,2025-01-09,0841,N21,VIIRS,n,2.0NRT,280.7,1.9,N
34.21539,-118.08495,302.56,0.64,0.72,2025-01-09,0841,N21,VIIRS,n,2.0NRT,281.54,1.9,N
34.21498,-118.0743,302.76,0.64,0.72,2025-01-09,0841,N21,VIIRS,n,2.0NRT,280.85,2.97,N
34.2079,-118.06344,329.61,0.64,0.72,2025-01-09,0841,N21,VIIRS,n,2.0NRT,285.91,6.79,N
34.20771,-118.05827,326.71,0.64,0.72,2025-01-09,0841,N21,VIIRS,n,2.0NRT,285.85,11.11,N
34.20904,-118.09344,302.44,0.64,0.72,2025-01-09,0841,N21,VIIRS,n,2.0NRT,280.6,2.09,N
34.20882,-118.08756,296.29,0.64,0.72,2025-01-09,0841,N21,VIIRS,n,2.0NRT,281.73,2.09,N
34.20845,-118.0779,316.34,0.64,0.72,2025-01-09,0841,N21,VIIRS,n,2.0NRT,282.41,6.79,N
34.20441,-118.14849,295.17,0.65,0.73,2025-01-09,0841,N21,VIIRS,n,2.0NRT,282.29,2.39,N
34.19806,-118.15755,296.4,0.65,0.73,2025-01-09,0841,N21,VIIRS,n,2.0NRT,282.23,2,N
34.19777,-118.14996,302.55,0.65,0.73,2025-01-09,0841,N21,VIIRS,n,2.0NRT,285.15,2.52,N
34.19749,-118.14225,297.75,0.64,0.72,2025-01-09,0841,N21,VIIRS,n,2.0NRT,285.22,2.52,N
34.19722,-118.13458,296.24,0.64,0.72,2025-01-09,0841,N21,VIIRS,n,2.0NRT,284.72,2.14,N
34.19695,-118.12712,296.56,0.64,0.72,2025-01-09,0841,N21,VIIRS,n,2.0NRT,283.69,2.14,N
34.19439,-118.05814,301.14,0.64,0.72,2025-01-09,0841,N21,VIIRS,n,2.0NRT,283.35,2.53,N
34.19419,-118.05276,296.19,0.64,0.72,2025-01-09,0841,N21,VIIRS,n,2.0NRT,282.35,1.78,N
34.19139,-118.15855,296.96,0.65,0.73,2025-01-09,0841,N21,VIIRS,n,2.0NRT,281.59,2,N
34.19113,-118.15117,305.95,0.65,0.73,2025-01-09,0841,N21,VIIRS,n,2.0NRT,285.68,2.52,N
34.19086,-118.14372,299.99,0.64,0.72,2025-01-09,0841,N21,VIIRS,n,2.0NRT,285.19,2.52,N
34.19059,-118.13631,302.61,0.64,0.72,2025-01-09,0841,N21,VIIRS,n,2.0NRT,285.15,2.14,N
34.19033,-118.12902,303.25,0.64,0.72,2025-01-09,0841,N21,VIIRS,n,2.0NRT,284.75,2.14,N
34.19007,-118.12199,295.88,0.64,0.72,2025-01-09,0841,N21,VIIRS,n,2.0NRT,283.69,3.26,N
34.18639,-118.02132,301.8,0.63,0.72,2025-01-09,0841,N21,VIIRS,n,2.0NRT,281.16,1.63,N
34.17985,-118.02438,330.77,0.63,0.72,2025-01-09,0841,N21,VIIRS,n,2.0NRT,284.47,7.62,N
34.17961,-118.01781,328.22,0.63,0.72,2025-01-09,0841,N21,VIIRS,n,2.0NRT,283.57,7.62,N
34.18369,-118.13047,301.11,0.64,0.72,2025-01-09,0841,N21,VIIRS,n,2.0NRT,283.76,3.97,N
34.15245,-118.19527,297.47,0.65,0.73,2025-01-09,0841,N21,VIIRS,n,2.0NRT,280.09,0.85,N
34.09571,-118.5553,332.49,0.68,0.74,2025-01-09,0841,N21,VIIRS,n,2.0NRT,285.45,44.65,N
34.0955,-118.54762,349.67,0.68,0.74,2025-01-09,0841,N21,VIIRS,n,2.0NRT,295.42,44.65,N
34.09534,-118.54162,367,0.68,0.74,2025-01-09,0841,N21,VIIRS,h,2.0NRT,300.09,89.73,N
34.09519,-118.53606,355.44,0.68,0.74,2025-01-09,0841,N21,VIIRS,n,2.0NRT,316.98,89.73,N
34.09503,-118.53008,332.52,0.68,0.74,2025-01-09,0841,N21,VIIRS,n,2.0NRT,303.09,83.7,N
34.09482,-118.52248,349.08,0.68,0.74,2025-01-09,0841,N21,VIIRS,n,2.0NRT,297.05,83.7,N
34.09458,-118.51386,296.6,0.68,0.74,2025-01-09,0841,N21,VIIRS,n,2.0NRT,282.84,15.82,N
34.08838,-118.53621,335.23,0.68,0.74,2025-01-09,0841,N21,VIIRS,n,2.0NRT,293.69,8.84,N
34.08822,-118.53068,337.46,0.68,0.74,2025-01-09,0841,N21,VIIRS,n,2.0NRT,292.46,22.68,N
34.08804,-118.52406,367,0.68,0.74,2025-01-09,0841,N21,VIIRS,h,2.0NRT,299,22.68,N
34.08923,-118.56838,314.57,0.68,0.74,2025-01-09,0841,N21,VIIRS,n,2.0NRT,284.86,22.88,N
34.08897,-118.5582,301.39,0.68,0.74,2025-01-09,0841,N21,VIIRS,n,2.0NRT,285.66,6.42,N
34.08871,-118.54879,311.55,0.68,0.74,2025-01-09,0841,N21,VIIRS,n,2.0NRT,284.86,6.42,N
34.08853,-118.54201,310.56,0.68,0.74,2025-01-09,0841,N21,VIIRS,n,2.0NRT,288.14,8.84,N
34.08783,-118.51618,297.84,0.68,0.74,2025-01-09,0841,N21,VIIRS,n,2.0NRT,282.92,5.91,N
34.0832,-118.59861,345.03,0.68,0.74,2025-01-09,0841,N21,VIIRS,n,2.0NRT,282.85,31.79,N
34.08299,-118.59057,367,0.68,0.74,2025-01-09,0841,N21,VIIRS,h,2.0NRT,295.07,49.92,N
34.08278,-118.5827,367,0.68,0.74,2025-01-09,0841,N21,VIIRS,h,2.0NRT,295.95,49.92,N
34.08261,-118.57607,367,0.68,0.74,2025-01-09,0841,N21,VIIRS,h,2.0NRT,293.68,22.88,N
34.08245,-118.56987,367,0.68,0.74,2025-01-09,0841,N21,VIIRS,h,2.0NRT,292.61,22.88,N
34.08222,-118.56129,308.23,0.68,0.74,2025-01-09,0841,N21,VIIRS,n,2.0NRT,283.15,6.42,N
34.08107,-118.51801,305.81,0.68,0.74,2025-01-09,0841,N21,VIIRS,n,2.0NRT,285.6,5.91,N
34.08087,-118.5108,298.64,0.68,0.74,2025-01-09,0841,N21,VIIRS,n,2.0NRT,283.5,5.91,N
34.09428,-118.55453,346.42,0.68,0.74,2025-01-09,0841,N21,VIIRS,n,2.0NRT,287.11,21.74,N
34.09403,-118.54699,349.31,0.68,0.74,2025-01-09,0841,N21,VIIRS,n,2.0NRT,296.56,47.3,N
34.09384,-118.54105,367,0.68,0.74,2025-01-09,0841,N21,VIIRS,h,2.0NRT,303.93,47.3,N
34.09366,-118.53548,354.32,0.68,0.74,2025-01-09,0841,N21,VIIRS,n,2.0NRT,324.37,70.34,N
34.09347,-118.52952,336.33,0.68,0.74,2025-01-09,0841,N21,VIIRS,n,2.0NRT,306.75,70.34,N
34.09322,-118.52195,347.57,0.68,0.74,2025-01-09,0841,N21,VIIRS,n,2.0NRT,305.2,33.84,N
34.09294,-118.51353,299.12,0.68,0.74,2025-01-09,0841,N21,VIIRS,n,2.0NRT,283.2,33.84,N
34.08855,-118.58831,323.17,0.68,0.74,2025-01-09,0841,N21,VIIRS,n,2.0NRT,284.04,5.35,N
34.0879,-118.56786,367,0.68,0.74,2025-01-09,0841,N21,VIIRS,h,2.0NRT,290.1,21.74,N
34.08645,-118.52332,340.17,0.68,0.74,2025-01-09,0841,N21,VIIRS,n,2.0NRT,288.46,33.84,N
34.08755,-118.55727,298,0.68,0.74,2025-01-09,0841,N21,VIIRS,n,2.0NRT,284.53,21.74,N
34.08703,-118.54129,297.51,0.68,0.74,2025-01-09,0841,N21,VIIRS,n,2.0NRT,285.16,47.3,N
34.08684,-118.5355,311.76,0.68,0.74,2025-01-09,0841,N21,VIIRS,n,2.0NRT,288.88,70.34,N
34.08666,-118.52995,308.26,0.68,0.74,2025-01-09,0841,N21,VIIRS,n,2.0NRT,287.85,70.34,N
34.08202,-118.59769,367,0.68,0.74,2025-01-09,0841,N21,VIIRS,h,2.0NRT,284.65,36.99,N
34.08176,-118.58967,367,0.68,0.74,2025-01-09,0841,N21,VIIRS,h,2.0NRT,293.75,36.99,N
34.0815,-118.5816,367,0.68,0.74,2025-01-09,0841,N21,VIIRS,h,2.0NRT,296.17,35.54,N
34.0813,-118.57521,367,0.68,0.74,2025-01-09,0841,N21,VIIRS,h,2.0NRT,292.73,35.54,N
34.0811,-118.56898,339.97,0.68,0.74,2025-01-09,0841,N21,VIIRS,n,2.0NRT,287.69,7.51,N
34.08082,-118.56026,311,0.68,0.74,2025-01-09,0841,N21,VIIRS,n,2.0NRT,283.43,7.51,N
34.07944,-118.51742,307.5,0.68,0.74,2025-01-09,0841,N21,VIIRS,n,2.0NRT,286.3,3.51,N
34.07922,-118.51037,296.57,0.68,0.74,2025-01-09,0841,N21,VIIRS,n,2.0NRT,283.45,2.1,N
34.07759,-118.6758,303.99,0.69,0.74,2025-01-09,0841,N21,VIIRS,n,2.0NRT,283.14,2.25,N
34.07567,-118.61394,313.68,0.69,0.74,2025-01-09,0841,N21,VIIRS,n,2.0NRT,283.82,4.56,N
34.07405,-118.56218,318.81,0.68,0.74,2025-01-09,0841,N21,VIIRS,n,2.0NRT,285.94,7.51,N
34.1776,-118.02348,306.93,0.63,0.72,2025-01-09,0841,N21,VIIRS,n,2.0NRT,283.4,2.39,N
34.07373,-118.5519,299.49,0.68,0.74,2025-01-09,0841,N21,VIIRS,n,2.0NRT,283.49,3.58,N
34.07071,-118.67532,367,0.69,0.74,2025-01-09,0841,N21,VIIRS,h,2.0NRT,296.93,61,N
34.06884,-118.61414,320.87,0.69,0.74,2025-01-09,0841,N21,VIIRS,n,2.0NRT,285.02,6.07,N
34.07038,-118.66469,297.41,0.69,0.74,2025-01-09,0841,N21,VIIRS,n,2.0NRT,281.57,21.22,N
34.0693,-118.62918,300.34,0.69,0.74,2025-01-09,0841,N21,VIIRS,n,2.0NRT,281.26,1.87,N
34.07637,-118.54749,295.65,0.32,0.55,2025-01-09,1021,N21,VIIRS,n,2.0NRT,284.66,0.8,N
34.0832,-118.59726,342.93,0.32,0.54,2025-01-09,1021,N21,VIIRS,n,2.0NRT,283.57,49.87,N
34.08241,-118.59397,339.71,0.32,0.54,2025-01-09,1021,N21,VIIRS,n,2.0NRT,314.58,23.55,N
34.08165,-118.59083,352.56,0.32,0.54,2025-01-09,1021,N21,VIIRS,n,2.0NRT,292.08,23.55,N
34.08088,-118.58765,329.33,0.32,0.54,2025-01-09,1021,N21,VIIRS,n,2.0NRT,286,14.19,N
34.07423,-118.56024,324.19,0.32,0.55,2025-01-09,1021,N21,VIIRS,n,2.0NRT,287.21,1.2,N
34.08012,-118.58453,300.69,0.32,0.54,2025-01-09,1021,N21,VIIRS,n,2.0NRT,285.49,14.19,N
34.07937,-118.58145,299.59,0.32,0.54,2025-01-09,1021,N21,VIIRS,n,2.0NRT,285.45,16.67,N
34.07854,-118.57801,304.8,0.32,0.54,2025-01-09,1021,N21,VIIRS,n,2.0NRT,286.81,16.67,N
34.07761,-118.57417,296.44,0.32,0.55,2025-01-09,1021,N21,VIIRS,n,2.0NRT,285.82,8.26,N
34.07666,-118.57028,306.69,0.32,0.55,2025-01-09,1021,N21,VIIRS,n,2.0NRT,287.12,8.26,N
34.07499,-118.56335,295.14,0.32,0.55,2025-01-09,1021,N21,VIIRS,n,2.0NRT,284.35,1.18,N
34.07352,-118.55734,311.28,0.32,0.55,2025-01-09,1021,N21,VIIRS,n,2.0NRT,286.26,1.2,N
34.07209,-118.55145,301.25,0.32,0.55,2025-01-09,1021,N21,VIIRS,n,2.0NRT,284.12,1.02,N
34.07758,-118.59562,320.4,0.32,0.54,2025-01-09,1021,N21,VIIRS,n,2.0NRT,283.6,2.07,N
34.07018,-118.56517,328.81,0.32,0.55,2025-01-09,1021,N21,VIIRS,n,2.0NRT,288.14,3.36,N
34.06931,-118.56159,306.55,0.32,0.55,2025-01-09,1021,N21,VIIRS,n,2.0NRT,284.39,1.94,N
34.06784,-118.5555,298.12,0.32,0.55,2025-01-09,1021,N21,VIIRS,n,2.0NRT,283.14,0.69,N
34.06707,-118.55235,301.43,0.32,0.55,2025-01-09,1021,N21,VIIRS,n,2.0NRT,283.59,0.69,N
34.08319,-118.64033,316.17,0.63,0.54,2025-01-09,1021,N21,VIIRS,n,2.0NRT,284.52,4.26,N
34.06125,-118.55,307.45,0.32,0.55,2025-01-09,1021,N21,VIIRS,n,2.0NRT,283.43,1.29,N
34.06043,-118.54664,315.02,0.32,0.55,2025-01-09,1021,N21,VIIRS,n,2.0NRT,282.31,1.29,N
34.05445,-118.52207,296.64,0.32,0.55,2025-01-09,1021,N21,VIIRS,n,2.0NRT,284.9,0.57,N
34.07162,-118.61418,321.09,0.64,0.54,2025-01-09,1021,N21,VIIRS,n,2.0NRT,286.05,3.72,N
34.06844,-118.6011,367,0.32,0.54,2025-01-09,1021,N21,VIIRS,h,2.0NRT,288.95,6.2,N
34.07027,-118.60863,318.04,0.32,0.54,2025-01-09,1021,N21,VIIRS,n,2.0NRT,287.22,6.09,N
34.06935,-118.60486,295.81,0.32,0.54,2025-01-09,1021,N21,VIIRS,n,2.0NRT,284.23,6.09,N
34.05539,-118.54749,310.23,0.32,0.55,2025-01-09,1021,N21,VIIRS,n,2.0NRT,284.55,1.63,N
34.05032,-118.52666,308.87,0.32,0.55,2025-01-09,1021,N21,VIIRS,n,2.0NRT,286.9,2.03,N
34.0495,-118.52335,304.16,0.32,0.55,2025-01-09,1021,N21,VIIRS,n,2.0NRT,287.17,1.35,N
34.04869,-118.51998,311.6,0.32,0.55,2025-01-09,1021,N21,VIIRS,n,2.0NRT,288.53,1.35,N
34.04782,-118.51646,308.32,0.32,0.55,2025-01-09,1021,N21,VIIRS,n,2.0NRT,285.69,1.26,N
34.07979,-118.66927,322.21,0.63,0.54,2025-01-09,1021,N21,VIIRS,n,2.0NRT,285.04,4.94,N
34.07848,-118.66393,327.69,0.63,0.54,2025-01-09,1021,N21,VIIRS,n,2.0NRT,283.04,7.08,N
34.04539,-118.52803,323.57,0.32,0.55,2025-01-09,1021,N21,VIIRS,n,2.0NRT,289.42,2.03,N
34.04961,-118.54531,302.74,0.32,0.55,2025-01-09,1021,N21,VIIRS,n,2.0NRT,286.26,1.69,N
34.04873,-118.54168,308.44,0.32,0.55,2025-01-09,1021,N21,VIIRS,n,2.0NRT,287.27,1.69,N
34.04788,-118.53822,318.48,0.32,0.55,2025-01-09,1021,N21,VIIRS,n,2.0NRT,288.56,2.75,N
34.0446,-118.5248,301.38,0.32,0.55,2025-01-09,1021,N21,VIIRS,n,2.0NRT,285.72,1.35,N
34.04377,-118.52139,302.9,0.32,0.55,2025-01-09,1021,N21,VIIRS,n,2.0NRT,286.86,1.35,N
34.04292,-118.51791,301.38,0.32,0.55,2025-01-09,1021,N21,VIIRS,n,2.0NRT,285.22,1.26,N
34.07616,-118.67571,332.86,0.63,0.54,2025-01-09,1021,N21,VIIRS,n,2.0NRT,286.68,11.31,N
34.04546,-118.54979,314.58,0.32,0.55,2025-01-09,1021,N21,VIIRS,n,2.0NRT,284.13,2.61,N
34.04464,-118.54644,313.96,0.32,0.55,2025-01-09,1021,N21,VIIRS,n,2.0NRT,288.7,1.96,N
34.04375,-118.54282,306.57,0.32,0.55,2025-01-09,1021,N21,VIIRS,n,2.0NRT,286.94,1.96,N
34.04287,-118.53922,316.78,0.32,0.55,2025-01-09,1021,N21,VIIRS,n,2.0NRT,287.63,1.94,N
34.04212,-118.53614,312.25,0.32,0.55,2025-01-09,1021,N21,VIIRS,n,2.0NRT,284.73,1.94,N
34.04128,-118.53271,295.42,0.32,0.55,2025-01-09,1021,N21,VIIRS,n,2.0NRT,284.06,0.91,N
34.04051,-118.52956,307.37,0.32,0.55,2025-01-09,1021,N21,VIIRS,n,2.0NRT,287.35,0.91,N
34.0397,-118.52623,299.95,0.32,0.55,2025-01-09,1021,N21,VIIRS,n,2.0NRT,284.1,0.97,N
34.03888,-118.5229,303.68,0.32,0.55,2025-01-09,1021,N21,VIIRS,n,2.0NRT,285.09,0.97,N
34.07131,-118.67722,345.44,0.63,0.54,2025-01-09,1021,N21,VIIRS,n,2.0NRT,292.03,11.31,N
34.04049,-118.55093,348.34,0.32,0.55,2025-01-09,1021,N21,VIIRS,n,2.0NRT,288.42,2.61,N
34.07003,-118.67194,317.56,0.63,0.54,2025-01-09,1021,N21,VIIRS,n,2.0NRT,288.55,11.31,N
34.04297,-118.5611,300.88,0.32,0.55,2025-01-09,1021,N21,VIIRS,n,2.0NRT,283.9,1.12,N
34.04129,-118.55421,307.16,0.32,0.55,2025-01-09,1021,N21,VIIRS,n,2.0NRT,283.85,2.61,N
34.03962,-118.54737,304.96,0.32,0.55,2025-01-09,1021,N21,VIIRS,n,2.0NRT,284.59,1.96,N
34.03561,-118.53104,300.5,0.32,0.55,2025-01-09,1021,N21,VIIRS,n,2.0NRT,285.05,0.91,N
34.03476,-118.52753,300.18,0.32,0.55,2025-01-09,1021,N21,VIIRS,n,2.0NRT,285.04,0.97,N
34.06654,-118.67905,318.15,0.63,0.54,2025-01-09,1021,N21,VIIRS,n,2.0NRT,284.39,3.56,N
34.06517,-118.6734,310.45,0.63,0.54,2025-01-09,1021,N21,VIIRS,n,2.0NRT,286.45,3.56,N
34.03958,-118.63277,317.13,0.63,0.54,2025-01-09,1021,N21,VIIRS,n,2.0NRT,282.14,4.08,N
34.07821,-118.67048,322.46,0.63,0.54,2025-01-09,1021,N21,VIIRS,n,2.0NRT,285.86,6.19,N
34.07693,-118.66508,337.12,0.63,0.54,2025-01-09,1021,N21,VIIRS,n,2.0NRT,284.23,6.19,N
34.07454,-118.67684,337.67,0.63,0.54,2025-01-09,1021,N21,VIIRS,n,2.0NRT,290.51,15.64,N
34.07333,-118.67181,313.92,0.63,0.54,2025-01-09,1021,N21,VIIRS,n,2.0NRT,287.34,6.19,N
34.06845,-118.67316,337.53,0.63,0.54,2025-01-09,1021,N21,VIIRS,n,2.0NRT,293.43,11.95,N
34.06973,-118.6785,313.67,0.63,0.54,2025-01-09,1021,N21,VIIRS,n,2.0NRT,284.62,7.36,N
34.04216,-118.56216,301.11,0.32,0.55,2025-01-09,1021,N21,VIIRS,n,2.0NRT,283.86,1,N
34.0405,-118.55518,300.67,0.32,0.55,2025-01-09,1021,N21,VIIRS,n,2.0NRT,283.38,0.87,N
34.03974,-118.55196,302.77,0.32,0.55,2025-01-09,1021,N21,VIIRS,n,2.0NRT,284.61,0.87,N
34.03887,-118.54832,304.12,0.32,0.55,2025-01-09,1021,N21,VIIRS,n,2.0NRT,283.96,1.17,N
34.03416,-118.52852,295.46,0.32,0.55,2025-01-09,1021,N21,VIIRS,n,2.0NRT,283.76,0.96,N
34.04343,-118.63345,324.32,0.64,0.54,2025-01-09,1021,N21,VIIRS,n,2.0NRT,283.04,3.53,N
34.03994,-118.64066,296.97,0.63,0.54,2025-01-09,1021,N21,VIIRS,n,2.0NRT,283.89,2.76,N
33.71458,-117.71133,299.78,0.36,0.58,2025-01-09,1021,N21,VIIRS,n,2.0NRT,279.74,0.7,N
33.85455,-118.33174,301.58,0.33,0.56,2025-01-09,1021,N21,VIIRS,n,2.0NRT,285.54,1.8,N
33.81693,-118.24276,296.74,0.34,0.56,2025-01-09,1021,N21,VIIRS,n,2.0NRT,284.63,1.59,N
33.81522,-118.23571,297.72,0.34,0.56,2025-01-09,1021,N21,VIIRS,n,2.0NRT,282.77,1.04,N
33.79376,-118.23583,295.24,0.34,0.56,2025-01-09,1021,N21,VIIRS,n,2.0NRT,283.59,0.84,N
33.61354,-117.82165,303.43,0.36,0.57,2025-01-09,1021,N21,VIIRS,n,2.0NRT,280.19,0.55,N
32.49658,-116.8351,304.61,0.44,0.62,2025-01-09,1021,N21,VIIRS,n,2.0NRT,279.63,1.31,N
32.49314,-116.83444,304.93,0.44,0.62,2025-01-09,1021,N21,VIIRS,n,2.0NRT,279.04,1.06,N
32.37038,-117.06898,295.37,0.43,0.62,2025-01-09,1021,N21,VIIRS,n,2.0NRT,280.01,1.08,N
34.09764,-118.54879,295.49,0.32,0.55,2025-01-09,1021,N21,VIIRS,n,2.0NRT,284.56,15.16,N
37.02421,-120.19566,297.9,0.45,0.47,2025-01-09,1021,N21,VIIRS,n,2.0NRT,275.59,1.06,N
34.61926,-117.09917,295.61,0.37,0.58,2025-01-09,1021,N21,VIIRS,n,2.0NRT,274.01,0.99,N
34.60697,-117.33717,311.26,0.36,0.58,2025-01-09,1021,N21,VIIRS,n,2.0NRT,275.43,1.84,N
34.21369,-118.0666,341.41,0.34,0.56,2025-01-09,1021,N21,VIIRS,n,2.0NRT,286.7,6.38,N
34.213,-118.06381,345.95,0.34,0.56,2025-01-09,1021,N21,VIIRS,n,2.0NRT,287.08,6.38,N
34.21209,-118.06007,331.1,0.34,0.56,2025-01-09,1021,N21,VIIRS,n,2.0NRT,284.92,2.25,N
34.2136,-118.08807,326.35,0.34,0.56,2025-01-09,1021,N21,VIIRS,n,2.0NRT,283.86,1.98,N
34.20846,-118.06714,335.39,0.34,0.56,2025-01-09,1021,N21,VIIRS,n,2.0NRT,284.86,6.38,N
34.20771,-118.06411,348.73,0.34,0.56,2025-01-09,1021,N21,VIIRS,n,2.0NRT,288.18,6.38,N
34.21476,-118.09281,316.08,0.34,0.56,2025-01-09,1021,N21,VIIRS,n,2.0NRT,282.76,1.98,N
34.20676,-118.0602,300.35,0.34,0.56,2025-01-09,1021,N21,VIIRS,n,2.0NRT,284.07,2.25,N
34.20551,-118.05508,296.13,0.34,0.56,2025-01-09,1021,N21,VIIRS,n,2.0NRT,282.73,2.25,N
34.20753,-118.08516,345.71,0.34,0.56,2025-01-09,1021,N21,VIIRS,n,2.0NRT,283.03,7.16,N
34.20678,-118.0821,348.66,0.34,0.56,2025-01-09,1021,N21,VIIRS,n,2.0NRT,283.6,7.16,N
34.20538,-118.07645,320.98,0.34,0.56,2025-01-09,1021,N21,VIIRS,n,2.0NRT,284.02,2.02,N
34.20324,-118.06773,324.08,0.34,0.56,2025-01-09,1021,N21,VIIRS,n,2.0NRT,284.97,2.34,N
34.20246,-118.06458,320.45,0.34,0.56,2025-01-09,1021,N21,VIIRS,n,2.0NRT,284.48,2.34,N
34.20607,-118.0792,305.08,0.34,0.56,2025-01-09,1021,N21,VIIRS,n,2.0NRT,281.86,2.02,N
34.2187,-118.15253,340.26,0.33,0.56,2025-01-09,1021,N21,VIIRS,n,2.0NRT,286.63,3.39,N
34.21952,-118.15589,302.37,0.33,0.56,2025-01-09,1021,N21,VIIRS,n,2.0NRT,281.66,2.48,N
34.2179,-118.14925,318.15,0.33,0.56,2025-01-09,1021,N21,VIIRS,n,2.0NRT,283.92,3.39,N
34.2171,-118.146,308.46,0.34,0.56,2025-01-09,1021,N21,VIIRS,n,2.0NRT,282.99,1.3,N
34.19505,-118.05621,297.79,0.34,0.56,2025-01-09,1021,N21,VIIRS,n,2.0NRT,282.56,1.96,N
34.18485,-118.01465,311.78,0.34,0.56,2025-01-09,1021,N21,VIIRS,n,2.0NRT,281.85,1.34,N
34.21434,-118.15652,311.27,0.33,0.56,2025-01-09,1021,N21,VIIRS,n,2.0NRT,282.51,1.24,N
34.18124,-118.02187,302.53,0.34,0.56,2025-01-09,1021,N21,VIIRS,n,2.0NRT,283.95,1.57,N
34.18034,-118.01821,315.2,0.34,0.56,2025-01-09,1021,N21,VIIRS,n,2.0NRT,284.15,2.39,N
34.1966,-118.12789,332.42,0.34,0.56,2025-01-09,1021,N21,VIIRS,n,2.0NRT,285.87,1.8,N
34.20245,-118.15166,296.49,0.33,0.56,2025-01-09,1021,N21,VIIRS,n,2.0NRT,282.36,1.15,N
34.20163,-118.14832,301.95,0.34,0.56,2025-01-09,1021,N21,VIIRS,n,2.0NRT,284.69,1.09,N
34.2008,-118.14495,301.37,0.34,0.56,2025-01-09,1021,N21,VIIRS,n,2.0NRT,285.16,1.09,N
34.19997,-118.14159,300.76,0.34,0.56,2025-01-09,1021,N21,VIIRS,n,2.0NRT,285.64,1.13,N
34.19914,-118.13821,302.88,0.34,0.56,2025-01-09,1021,N21,VIIRS,n,2.0NRT,285.43,1.13,N
34.19831,-118.13482,298.19,0.34,0.56,2025-01-09,1021,N21,VIIRS,n,2.0NRT,284.6,1.64,N
34.19747,-118.13139,304.89,0.34,0.56,2025-01-09,1021,N21,VIIRS,n,2.0NRT,285.34,1.64,N
34.19572,-118.12432,296.19,0.34,0.56,2025-01-09,1021,N21,VIIRS,n,2.0NRT,283.47,1.8,N
34.19827,-118.15639,302.16,0.33,0.56,2025-01-09,1021,N21,VIIRS,n,2.0NRT,283.61,1.15,N
34.19744,-118.15301,307.14,0.33,0.56,2025-01-09,1021,N21,VIIRS,n,2.0NRT,286.53,1.15,N
34.1966,-118.14961,302.89,0.34,0.56,2025-01-09,1021,N21,VIIRS,n,2.0NRT,285.13,1.09,N
34.19577,-118.14622,301.86,0.34,0.56,2025-01-09,1021,N21,VIIRS,n,2.0NRT,286.26,1.09,N
34.19493,-118.14284,302.45,0.34,0.56,2025-01-09,1021,N21,VIIRS,n,2.0NRT,286.04,1.13,N
34.19408,-118.13942,305.98,0.34,0.56,2025-01-09,1021,N21,VIIRS,n,2.0NRT,286.48,1.13,N
34.19323,-118.13598,307.89,0.34,0.56,2025-01-09,1021,N21,VIIRS,n,2.0NRT,286.72,1.64,N
34.19238,-118.13249,313.89,0.34,0.56,2025-01-09,1021,N21,VIIRS,n,2.0NRT,286.62,1.64,N
34.19152,-118.12898,313.7,0.34,0.56,2025-01-09,1021,N21,VIIRS,n,2.0NRT,285.95,1.8,N
34.19064,-118.1254,300.84,0.34,0.56,2025-01-09,1021,N21,VIIRS,n,2.0NRT,284.48,1.8,N
34.18975,-118.12183,301.95,0.34,0.56,2025-01-09,1021,N21,VIIRS,n,2.0NRT,284.4,1.24,N
34.18887,-118.11825,296.22,0.34,0.56,2025-01-09,1021,N21,VIIRS,n,2.0NRT,283.27,1.24,N
34.19328,-118.15783,306.19,0.33,0.56,2025-01-09,1021,N21,VIIRS,n,2.0NRT,283.59,1.36,N
34.19243,-118.15442,308.66,0.33,0.56,2025-01-09,1021,N21,VIIRS,n,2.0NRT,286.29,1.36,N
34.19159,-118.15099,308.92,0.34,0.56,2025-01-09,1021,N21,VIIRS,n,2.0NRT,287.2,1.48,N
34.19074,-118.14756,305.33,0.34,0.56,2025-01-09,1021,N21,VIIRS,n,2.0NRT,286.47,1.48,N
34.18989,-118.14412,301.52,0.34,0.56,2025-01-09,1021,N21,VIIRS,n,2.0NRT,285.7,1.15,N
34.18904,-118.14066,303.66,0.34,0.56,2025-01-09,1021,N21,VIIRS,n,2.0NRT,284.84,1.15,N
34.18818,-118.13718,296.62,0.34,0.56,2025-01-09,1021,N21,VIIRS,n,2.0NRT,283.35,1.27,N
34.18732,-118.1337,309.54,0.34,0.56,2025-01-09,1021,N21,VIIRS,n,2.0NRT,285.2,1.27,N
34.18645,-118.13019,312.3,0.34,0.56,2025-01-09,1021,N21,VIIRS,n,2.0NRT,287.06,1.11,N
34.18559,-118.12666,304.12,0.34,0.56,2025-01-09,1021,N21,VIIRS,n,2.0NRT,284.47,1.11,N
34.18471,-118.12311,299.83,0.34,0.56,2025-01-09,1021,N21,VIIRS,n,2.0NRT,283.59,1.45,N
34.18744,-118.15587,298.12,0.33,0.56,2025-01-09,1021,N21,VIIRS,n,2.0NRT,282.43,1.36,N
34.18659,-118.15242,309.93,0.34,0.56,2025-01-09,1021,N21,VIIRS,n,2.0NRT,282.25,1.48,N
34.18229,-118.13503,297.73,0.34,0.56,2025-01-09,1021,N21,VIIRS,n,2.0NRT,281.73,1.27,N
34.18143,-118.13155,297.79,0.34,0.56,2025-01-09,1021,N21,VIIRS,n,2.0NRT,282.39,1.11,N
34.18057,-118.12804,295.63,0.34,0.56,2025-01-09,1021,N21,VIIRS,n,2.0NRT,281.87,1.11,N
34.15409,-118.19014,300.66,0.33,0.56,2025-01-09,1021,N21,VIIRS,n,2.0NRT,277.89,1.38,N
34.03313,-118.10626,295.92,0.34,0.56,2025-01-09,1021,N21,VIIRS,n,2.0NRT,278.6,0.42,N
34.09705,-118.52452,367,0.32,0.55,2025-01-09,1021,N21,VIIRS,h,2.0NRT,291.54,13.32,N
34.09628,-118.52134,354.35,0.32,0.55,2025-01-09,1021,N21,VIIRS,n,2.0NRT,288.08,13.32,N
34.09872,-118.53149,301.27,0.32,0.55,2025-01-09,1021,N21,VIIRS,n,2.0NRT,284.98,4.24,N
34.09785,-118.52782,318.91,0.32,0.55,2025-01-09,1021,N21,VIIRS,n,2.0NRT,286.44,4.24,N
34.09677,-118.54516,367,0.32,0.55,2025-01-09,1021,N21,VIIRS,h,2.0NRT,297.79,15.16,N
34.09579,-118.54109,343.43,0.32,0.55,2025-01-09,1021,N21,VIIRS,n,2.0NRT,299.36,21.23,N
34.09481,-118.53698,367,0.32,0.55,2025-01-09,1021,N21,VIIRS,h,2.0NRT,309.64,21.23,N
34.09386,-118.53306,346.24,0.32,0.55,2025-01-09,1021,N21,VIIRS,n,2.0NRT,324.6,37.29,N
34.09295,-118.52926,346.19,0.32,0.55,2025-01-09,1021,N21,VIIRS,n,2.0NRT,332.53,37.29,N
34.09211,-118.5258,320.88,0.32,0.55,2025-01-09,1021,N21,VIIRS,n,2.0NRT,304.85,20.96,N
34.09132,-118.52251,367,0.32,0.55,2025-01-09,1021,N21,VIIRS,h,2.0NRT,295.09,20.96,N
34.09053,-118.51926,342.17,0.32,0.55,2025-01-09,1021,N21,VIIRS,n,2.0NRT,287.11,5.78,N
34.09428,-118.55653,367,0.32,0.55,2025-01-09,1021,N21,VIIRS,h,2.0NRT,289.86,9.69,N
34.09354,-118.55348,351.32,0.32,0.55,2025-01-09,1021,N21,VIIRS,n,2.0NRT,289.64,9.69,N
34.09274,-118.55019,367,0.32,0.55,2025-01-09,1021,N21,VIIRS,h,2.0NRT,293.81,15.16,N
34.09191,-118.54675,367,0.32,0.55,2025-01-09,1021,N21,VIIRS,h,2.0NRT,297.77,15.16,N
34.09101,-118.54301,352.37,0.32,0.55,2025-01-09,1021,N21,VIIRS,n,2.0NRT,294.45,21.23,N
34.08557,-118.52043,345.24,0.32,0.55,2025-01-09,1021,N21,VIIRS,n,2.0NRT,288.57,5.78,N
34.09008,-118.53915,319.47,0.32,0.55,2025-01-09,1021,N21,VIIRS,n,2.0NRT,290.87,21.23,N
34.08912,-118.53513,316,0.32,0.55,2025-01-09,1021,N21,VIIRS,n,2.0NRT,291.48,37.29,N
34.08814,-118.53107,304.73,0.32,0.55,2025-01-09,1021,N21,VIIRS,n,2.0NRT,288.8,37.29,N
34.08724,-118.52734,299.73,0.32,0.55,2025-01-09,1021,N21,VIIRS,n,2.0NRT,288.17,20.96,N
34.08994,-118.56024,298.12,0.32,0.55,2025-01-09,1021,N21,VIIRS,n,2.0NRT,287.39,1.29,N
34.08715,-118.5703,367,0.32,0.55,2025-01-09,1021,N21,VIIRS,h,2.0NRT,296.56,10.28,N
34.08636,-118.56709,332.97,0.32,0.55,2025-01-09,1021,N21,VIIRS,n,2.0NRT,291.39,10.28,N
34.08798,-118.57376,295.49,0.32,0.54,2025-01-09,1021,N21,VIIRS,n,2.0NRT,284.59,6.29,N
34.08562,-118.56403,302.1,0.32,0.55,2025-01-09,1021,N21,VIIRS,n,2.0NRT,288.22,1.29,N
34.0866,-118.58971,367,0.32,0.54,2025-01-09,1021,N21,VIIRS,h,2.0NRT,287.12,23.55,N
34.08579,-118.58636,339.7,0.32,0.54,2025-01-09,1021,N21,VIIRS,n,2.0NRT,303.23,14.19,N
34.08494,-118.58285,367,0.32,0.54,2025-01-09,1021,N21,VIIRS,h,2.0NRT,294.71,14.19,N
34.08409,-118.57932,350.83,0.32,0.54,2025-01-09,1021,N21,VIIRS,n,2.0NRT,308.34,16.67,N
34.08321,-118.57568,367,0.32,0.54,2025-01-09,1021,N21,VIIRS,h,2.0NRT,300.65,16.67,N
34.08231,-118.57195,348.18,0.32,0.55,2025-01-09,1021,N21,VIIRS,n,2.0NRT,309.65,8.26,N
34.08146,-118.56845,307.84,0.32,0.55,2025-01-09,1021,N21,VIIRS,n,2.0NRT,287.3,8.26,N
34.08068,-118.56522,309.59,0.32,0.55,2025-01-09,1021,N21,VIIRS,n,2.0NRT,287.22,1.18,N
34.07992,-118.56213,302.45,0.32,0.55,2025-01-09,1021,N21,VIIRS,n,2.0NRT,285.15,1.18,N
34.07922,-118.55923,295.17,0.32,0.55,2025-01-09,1021,N21,VIIRS,n,2.0NRT,284.57,1.2,N
34.07711,-118.55051,296.26,0.32,0.55,2025-01-09,1021,N21,VIIRS,n,2.0NRT,284.56,1.02,N
34.0424,-118.54356,327.79,0.52,0.67,2025-01-09,2001,N21,VIIRS,n,2.0NRT,295.42,2.06,D
34.20491,-118.06948,336.27,0.48,0.65,2025-01-09,2001,N21,VIIRS,n,2.0NRT,290.43,9.03,D
34.22136,-118.10144,355.56,0.49,0.65,2025-01-09,2001,N21,VIIRS,l,2.0NRT,293.44,29.28,D
34.22003,-118.10635,355.65,0.49,0.65,2025-01-09,2001,N21,VIIRS,l,2.0NRT,296.14,29.28,D
34.09925,-118.54841,367,0.52,0.67,2025-01-09,2001,N21,VIIRS,l,2.0NRT,370.38,417.94,D
34.09774,-118.55389,367,0.52,0.67,2025-01-09,2001,N21,VIIRS,l,2.0NRT,369.9,417.94,D
34.09584,-118.56078,207.38,0.52,0.67,2025-01-09,2001,N21,VIIRS,l,2.0NRT,305.84,198.99,D
34.23166,-118.08662,367,0.48,0.65,2025-01-09,2001,N21,VIIRS,h,2.0NRT,299.42,28.51,D
34.22644,-118.1059,367,0.49,0.65,2025-01-09,2001,N21,VIIRS,h,2.0NRT,296.74,29.28,D
34.1077,-118.54116,367,0.52,0.66,2025-01-09,2001,N21,VIIRS,h,2.0NRT,297.42,123.11,D
34.10513,-118.55048,367,0.52,0.67,2025-01-09,2001,N21,VIIRS,h,2.0NRT,319.31,417.94,D
34.10367,-118.55583,367,0.52,0.67,2025-01-09,2001,N21,VIIRS,h,2.0NRT,333.85,417.94,D
34.07085,-118.67485,367,0.53,0.67,2025-01-09,2001,N21,VIIRS,h,2.0NRT,299.71,22.44,D
34.23326,-118.08065,351.24,0.48,0.65,2025-01-09,2001,N21,VIIRS,n,2.0NRT,287.78,28.51,D
34.23016,-118.09214,339.18,0.48,0.65,2025-01-09,2001,N21,VIIRS,n,2.0NRT,286.47,19.37,D
34.22461,-118.11267,336.59,0.49,0.65,2025-01-09,2001,N21,VIIRS,n,2.0NRT,301.46,25.57,D
34.2225,-118.12047,340.12,0.49,0.65,2025-01-09,2001,N21,VIIRS,n,2.0NRT,287.88,25.57,D
34.10645,-118.54573,337.81,0.52,0.67,2025-01-09,2001,N21,VIIRS,n,2.0NRT,306.64,123.11,D
34.10199,-118.5619,346.23,0.52,0.67,2025-01-09,2001,N21,VIIRS,n,2.0NRT,292.31,198.99,D
34.06882,-118.6822,341.04,0.53,0.67,2025-01-09,2001,N21,VIIRS,n,2.0NRT,294.49,18.73,D
34.23248,-118.10681,345.56,0.49,0.65,2025-01-09,2001,N21,VIIRS,n,2.0NRT,286.86,75.46,D
34.22817,-118.12276,354.01,0.49,0.65,2025-01-09,2001,N21,VIIRS,n,2.0NRT,289.47,178.12,D
34.22609,-118.13045,331.65,0.49,0.65,2025-01-09,2001,N21,VIIRS,n,2.0NRT,286.15,10.38,D
34.07033,-118.68095,367,0.53,0.67,2025-01-09,2001,N21,VIIRS,h,2.0NRT,296.97,15.75,D
34.22958,-118.11229,350.52,0.49,0.65,2025-01-09,2001,N21,VIIRS,n,2.0NRT,321.29,242.6,D
34.10587,-118.55505,325.43,0.52,0.67,2025-01-09,2001,N21,VIIRS,n,2.0NRT,290.59,6.2,D
34.07264,-118.67283,338.21,0.52,0.67,2025-01-09,2001,N21,VIIRS,n,2.0NRT,298.15,13.51,D
36.09613,-121.03602,331.71,0.62,0.71,2025-01-09,2001,N21,VIIRS,n,2.0NRT,292.03,4.6,D
36.09568,-121.03897,327.75,0.62,0.71,2025-01-09,2001,N21,VIIRS,n,2.0NRT,292,3.73,D
34.20275,-118.07743,336.96,0.48,0.65,2025-01-09,2001,N21,VIIRS,n,2.0NRT,290.16,7.85,D
34.21317,-118.06221,333.57,0.48,0.65,2025-01-09,2001,N21,VIIRS,n,2.0NRT,289.92,9.03,D
34.2106,-118.07166,354.44,0.48,0.65,2025-01-09,2001,N21,VIIRS,n,2.0NRT,293.8,9.03,D
34.20819,-118.08051,347.4,0.48,0.65,2025-01-09,2001,N21,VIIRS,n,2.0NRT,290.75,7.85,D
34.20635,-118.08727,330.1,0.48,0.65,2025-01-09,2001,N21,VIIRS,n,2.0NRT,286.06,7.85,D
34.20462,-118.09359,325.16,0.48,0.65,2025-01-09,2001,N21,VIIRS,n,2.0NRT,285.8,6.98,D
34.08947,-118.51366,330.7,0.51,0.66,2025-01-09,2001,N21,VIIRS,n,2.0NRT,295.45,35.35,D
34.08778,-118.51979,346.9,0.51,0.66,2025-01-09,2001,N21,VIIRS,n,2.0NRT,312.65,35.35,D
34.21397,-118.08234,353.28,0.48,0.65,2025-01-09,2001,N21,VIIRS,n,2.0NRT,290.95,52.27,D
34.21256,-118.08754,353.3,0.48,0.65,2025-01-09,2001,N21,VIIRS,n,2.0NRT,287.75,52.27,D
34.21135,-118.092,344.45,0.48,0.65,2025-01-09,2001,N21,VIIRS,n,2.0NRT,286.64,9.51,D
34.21009,-118.09665,330.85,0.49,0.65,2025-01-09,2001,N21,VIIRS,n,2.0NRT,284.8,9.51,D
34.09386,-118.52114,352.58,0.51,0.66,2025-01-09,2001,N21,VIIRS,n,2.0NRT,321.77,97.81,D
34.09223,-118.52702,328.8,0.51,0.66,2025-01-09,2001,N21,VIIRS,n,2.0NRT,300.62,62.54,D
34.21923,-118.063,355.39,0.48,0.65,2025-01-09,2001,N21,VIIRS,l,2.0NRT,289.82,120.16,D
34.21865,-118.08823,367,0.48,0.65,2025-01-09,2001,N21,VIIRS,h,2.0NRT,290.73,52.27,D
34.0998,-118.52299,367,0.51,0.66,2025-01-09,2001,N21,VIIRS,h,2.0NRT,315.43,97.81,D
34.09825,-118.5286,367,0.51,0.66,2025-01-09,2001,N21,VIIRS,h,2.0NRT,332.23,62.54,D
34.0917,-118.55236,367,0.52,0.67,2025-01-09,2001,N21,VIIRS,h,2.0NRT,302.51,18.82,D
34.08604,-118.57288,367,0.52,0.67,2025-01-09,2001,N21,VIIRS,h,2.0NRT,300.37,41.76,D
34.08474,-118.57758,367,0.52,0.67,2025-01-09,2001,N21,VIIRS,h,2.0NRT,312.29,41.76,D
34.0743,-118.61536,367,0.52,0.67,2025-01-09,2001,N21,VIIRS,h,2.0NRT,296.76,13.56,D
34.22536,-118.06352,354.78,0.48,0.65,2025-01-09,2001,N21,VIIRS,n,2.0NRT,286.71,120.16,D
34.22302,-118.07216,342.04,0.48,0.65,2025-01-09,2001,N21,VIIRS,n,2.0NRT,310.21,120.16,D
34.2202,-118.08253,336.39,0.48,0.65,2025-01-09,2001,N21,VIIRS,n,2.0NRT,295.66,52.27,D
34.21753,-118.09238,351.84,0.48,0.65,2025-01-09,2001,N21,VIIRS,n,2.0NRT,289.81,9.51,D
34.21645,-118.09634,340.44,0.49,0.65,2025-01-09,2001,N21,VIIRS,n,2.0NRT,289.77,9.51,D
34.21526,-118.10078,336.67,0.49,0.65,2025-01-09,2001,N21,VIIRS,n,2.0NRT,289.33,12.23,D
34.09692,-118.53345,352.9,0.52,0.66,2025-01-09,2001,N21,VIIRS,n,2.0NRT,310.36,62.54,D
34.09569,-118.53792,335.36,0.52,0.66,2025-01-09,2001,N21,VIIRS,n,2.0NRT,300.53,13.48,D
34.09451,-118.5422,348.66,0.52,0.67,2025-01-09,2001,N21,VIIRS,n,2.0NRT,304.28,13.48,D
34.09322,-118.54684,344.97,0.52,0.67,2025-01-09,2001,N21,VIIRS,n,2.0NRT,303.47,18.82,D
34.08968,-118.55968,355.58,0.52,0.67,2025-01-09,2001,N21,VIIRS,n,2.0NRT,298.67,18.97,D
34.0876,-118.56721,348.49,0.52,0.67,2025-01-09,2001,N21,VIIRS,n,2.0NRT,294.96,18.97,D
34.08344,-118.58231,342.72,0.52,0.67,2025-01-09,2001,N21,VIIRS,n,2.0NRT,297.9,33.06,D
34.08191,-118.58784,339.57,0.52,0.67,2025-01-09,2001,N21,VIIRS,n,2.0NRT,290.68,33.06,D
34.08023,-118.59391,326.89,0.52,0.67,2025-01-09,2001,N21,VIIRS,n,2.0NRT,287.83,9.57,D
34.0755,-118.61103,350.83,0.52,0.67,2025-01-09,2001,N21,VIIRS,n,2.0NRT,295.71,13.56,D
34.06622,-118.64459,340.63,0.52,0.67,2025-01-09,2001,N21,VIIRS,n,2.0NRT,293.56,5.6,D
34.22947,-118.0715,367,0.48,0.65,2025-01-09,2001,N21,VIIRS,h,2.0NRT,292.34,44.72,D
34.10312,-118.53436,367,0.52,0.66,2025-01-09,2001,N21,VIIRS,h,2.0NRT,336.41,275.51,D
34.10061,-118.5435,367,0.52,0.67,2025-01-09,2001,N21,VIIRS,h,2.0NRT,356.6,123.11,D
34.094,-118.56744,367,0.52,0.67,2025-01-09,2001,N21,VIIRS,h,2.0NRT,293.07,198.99,D
34.09081,-118.57904,367,0.52,0.67,2025-01-09,2001,N21,VIIRS,h,2.0NRT,297.68,38.06,D
34.08791,-118.58953,367,0.52,0.67,2025-01-09,2001,N21,VIIRS,h,2.0NRT,294.85,40.03,D
34.22688,-118.08109,348.59,0.48,0.65,2025-01-09,2001,N21,VIIRS,n,2.0NRT,297.84,28.51,D
34.22254,-118.0971,354.84,0.49,0.65,2025-01-09,2001,N21,VIIRS,n,2.0NRT,291.65,19.37,D
34.21819,-118.11314,351.53,0.49,0.65,2025-01-09,2001,N21,VIIRS,n,2.0NRT,291.5,25.57,D
34.10574,-118.52482,343.11,0.51,0.66,2025-01-09,2001,N21,VIIRS,n,2.0NRT,295.44,49.87,D
34.1019,-118.5388,351.98,0.52,0.66,2025-01-09,2001,N21,VIIRS,n,2.0NRT,324.1,123.11,D
34.09234,-118.57348,350.23,0.52,0.67,2025-01-09,2001,N21,VIIRS,n,2.0NRT,291.59,38.06,D
34.08939,-118.5842,338.08,0.52,0.67,2025-01-09,2001,N21,VIIRS,n,2.0NRT,302.74,40.03,D
34.08625,-118.59557,345.15,0.52,0.67,2025-01-09,2001,N21,VIIRS,n,2.0NRT,289.04,15.84,D
34.22507,-118.08775,355.65,0.48,0.65,2025-01-09,2001,N21,VIIRS,l,2.0NRT,293.02,28.51,D
34.22373,-118.0927,355.56,0.48,0.65,2025-01-09,2001,N21,VIIRS,l,2.0NRT,293.35,19.37,D
34.20397,-118.06515,327.08,0.44,0.62,2025-01-09,2142,N21,VIIRS,n,2.0NRT,291.19,6.96,D
34.20357,-118.07259,341.65,0.44,0.62,2025-01-09,2142,N21,VIIRS,n,2.0NRT,288.98,12.74,D
34.20911,-118.07672,367,0.44,0.62,2025-01-09,2142,N21,VIIRS,h,2.0NRT,299.3,12.74,D
34.20892,-118.0802,367,0.44,0.62,2025-01-09,2142,N21,VIIRS,h,2.0NRT,300.09,16.06,D
34.20965,-118.06681,335.96,0.44,0.62,2025-01-09,2142,N21,VIIRS,n,2.0NRT,292.14,6.96,D
34.20947,-118.07011,341.09,0.44,0.62,2025-01-09,2142,N21,VIIRS,n,2.0NRT,293.45,6.96,D
34.20929,-118.07339,351.2,0.44,0.62,2025-01-09,2142,N21,VIIRS,n,2.0NRT,295.85,12.74,D
34.21552,-118.06487,350.01,0.44,0.62,2025-01-09,2142,N21,VIIRS,n,2.0NRT,313.84,118.64,D
34.21516,-118.07127,346.84,0.44,0.62,2025-01-09,2142,N21,VIIRS,n,2.0NRT,317.13,199.48,D
34.215,-118.07439,352.12,0.44,0.62,2025-01-09,2142,N21,VIIRS,n,2.0NRT,304.84,27.51,D
34.21482,-118.07764,347.23,0.44,0.62,2025-01-09,2142,N21,VIIRS,n,2.0NRT,298.51,27.51,D
34.21574,-118.06087,355.72,0.44,0.62,2025-01-09,2142,N21,VIIRS,l,2.0NRT,299.99,118.64,D
34.22102,-118.06974,367,0.44,0.62,2025-01-09,2142,N21,VIIRS,h,2.0NRT,325.23,199.48,D
34.22066,-118.07609,367,0.44,0.62,2025-01-09,2142,N21,VIIRS,h,2.0NRT,302.27,27.51,D
34.22048,-118.07942,367,0.44,0.62,2025-01-09,2142,N21,VIIRS,h,2.0NRT,301.52,27.51,D
34.22027,-118.08324,367,0.44,0.62,2025-01-09,2142,N21,VIIRS,h,2.0NRT,298.66,13.14,D
34.22166,-118.05782,335.69,0.44,0.62,2025-01-09,2142,N21,VIIRS,n,2.0NRT,295.15,37.55,D
34.22141,-118.06264,355.41,0.44,0.62,2025-01-09,2142,N21,VIIRS,n,2.0NRT,312.47,118.64,D
34.22002,-118.08777,329.43,0.44,0.62,2025-01-09,2142,N21,VIIRS,n,2.0NRT,295.59,13.14,D
34.21937,-118.09994,330.55,0.44,0.62,2025-01-09,2142,N21,VIIRS,n,2.0NRT,295.15,8.53,D
34.21908,-118.10524,334.66,0.44,0.62,2025-01-09,2142,N21,VIIRS,n,2.0NRT,295.22,7.61,D
34.21638,-118.15408,335.63,0.43,0.62,2025-01-09,2142,N21,VIIRS,n,2.0NRT,295.06,5.16,D
34.22686,-118.06833,367,0.44,0.62,2025-01-09,2142,N21,VIIRS,h,2.0NRT,319.87,17.66,D
34.22666,-118.07198,367,0.44,0.62,2025-01-09,2142,N21,VIIRS,h,2.0NRT,312.12,29.9,D
34.2261,-118.08202,367,0.44,0.62,2025-01-09,2142,N21,VIIRS,h,2.0NRT,299.94,24.92,D
34.22561,-118.09103,367,0.44,0.62,2025-01-09,2142,N21,VIIRS,h,2.0NRT,301.55,16.67,D
34.22469,-118.10778,367,0.44,0.62,2025-01-09,2142,N21,VIIRS,h,2.0NRT,298.83,141.92,D
34.22708,-118.06426,353.17,0.44,0.62,2025-01-09,2142,N21,VIIRS,n,2.0NRT,296.45,17.66,D
34.22588,-118.08613,351.44,0.44,0.62,2025-01-09,2142,N21,VIIRS,n,2.0NRT,301.33,16.67,D
34.22529,-118.09686,340.03,0.44,0.62,2025-01-09,2142,N21,VIIRS,n,2.0NRT,296.23,35.19,D
34.22495,-118.10311,347.94,0.44,0.62,2025-01-09,2142,N21,VIIRS,n,2.0NRT,298.72,35.19,D
34.22447,-118.11181,354.27,0.44,0.62,2025-01-09,2142,N21,VIIRS,n,2.0NRT,301.51,141.92,D
34.22427,-118.11557,344.89,0.44,0.62,2025-01-09,2142,N21,VIIRS,n,2.0NRT,290.92,72.3,D
34.22649,-118.07512,355.57,0.44,0.62,2025-01-09,2142,N21,VIIRS,l,2.0NRT,308.88,29.9,D
34.2263,-118.07841,355.54,0.44,0.62,2025-01-09,2142,N21,VIIRS,l,2.0NRT,305.03,24.92,D
34.23239,-118.07251,367,0.44,0.62,2025-01-09,2142,N21,VIIRS,h,2.0NRT,302.3,29.9,D
34.23217,-118.07648,367,0.44,0.62,2025-01-09,2142,N21,VIIRS,h,2.0NRT,303.36,29.9,D
34.23195,-118.08047,367,0.44,0.62,2025-01-09,2142,N21,VIIRS,h,2.0NRT,302.1,24.92,D
34.23172,-118.08474,367,0.44,0.62,2025-01-09,2142,N21,VIIRS,h,2.0NRT,300.59,24.92,D
34.23146,-118.08934,367,0.44,0.62,2025-01-09,2142,N21,VIIRS,h,2.0NRT,300.6,16.67,D
34.23119,-118.09426,367,0.44,0.62,2025-01-09,2142,N21,VIIRS,h,2.0NRT,300.47,16.67,D
34.23035,-118.10949,367,0.44,0.62,2025-01-09,2142,N21,VIIRS,h,2.0NRT,337.19,141.92,D
34.23263,-118.06814,340.53,0.44,0.62,2025-01-09,2142,N21,VIIRS,n,2.0NRT,293.46,17.66,D
34.23086,-118.10033,342.2,0.44,0.62,2025-01-09,2142,N21,VIIRS,n,2.0NRT,297.44,35.19,D
34.23057,-118.10558,353.94,0.44,0.62,2025-01-09,2142,N21,VIIRS,n,2.0NRT,325.15,35.19,D
34.22977,-118.12005,329.88,0.44,0.62,2025-01-09,2142,N21,VIIRS,n,2.0NRT,288.86,72.3,D
34.23016,-118.11304,367,0.44,0.62,2025-01-09,2142,N21,VIIRS,l,2.0NRT,356.11,141.92,D
34.22996,-118.11655,207.38,0.44,0.62,2025-01-09,2142,N21,VIIRS,l,2.0NRT,316.47,72.3,D
34.23607,-118.11015,367,0.44,0.62,2025-01-09,2142,N21,VIIRS,h,2.0NRT,299.96,95.42,D
34.23792,-118.07678,334.11,0.44,0.62,2025-01-09,2142,N21,VIIRS,n,2.0NRT,286.36,3.97,D
34.23761,-118.08222,340.99,0.44,0.62,2025-01-09,2142,N21,VIIRS,n,2.0NRT,289.12,5.18,D
34.23586,-118.11381,344.81,0.44,0.62,2025-01-09,2142,N21,VIIRS,n,2.0NRT,311.69,95.42,D
34.23565,-118.11755,207.38,0.44,0.62,2025-01-09,2142,N21,VIIRS,l,2.0NRT,313.41,149.13,D
36.61919,-119.01221,335.81,0.41,0.6,2025-01-09,2142,N21,VIIRS,n,2.0NRT,289.99,5.63,D
34.06419,-118.67932,342.38,0.4,0.6,2025-01-09,2142,N21,VIIRS,n,2.0NRT,301.6,23.29,D
34.06977,-118.67912,367,0.4,0.6,2025-01-09,2142,N21,VIIRS,h,2.0NRT,315.64,23.29,D
34.07382,-118.61012,331.27,0.41,0.6,2025-01-09,2142,N21,VIIRS,n,2.0NRT,296.55,2.73,D
34.06955,-118.68285,346.59,0.4,0.6,2025-01-09,2142,N21,VIIRS,n,2.0NRT,297.73,28.42,D
34.07553,-118.67583,367,0.4,0.6,2025-01-09,2142,N21,VIIRS,h,2.0NRT,302.1,6.37,D
34.0801,-118.59816,335.87,0.41,0.6,2025-01-09,2142,N21,VIIRS,n,2.0NRT,294.66,70.95,D
34.07572,-118.67272,325.8,0.4,0.6,2025-01-09,2142,N21,VIIRS,n,2.0NRT,298.27,4.56,D
34.07534,-118.679,327.55,0.4,0.6,2025-01-09,2142,N21,VIIRS,n,2.0NRT,299.04,6.37,D
34.08669,-118.5814,367,0.41,0.61,2025-01-09,2142,N21,VIIRS,h,2.0NRT,312.75,15.62,D
34.08614,-118.59064,367,0.41,0.61,2025-01-09,2142,N21,VIIRS,h,2.0NRT,316.14,31.25,D
34.08591,-118.59465,367,0.41,0.6,2025-01-09,2142,N21,VIIRS,h,2.0NRT,302.78,70.95,D
34.08567,-118.59876,367,0.41,0.6,2025-01-09,2142,N21,VIIRS,h,2.0NRT,344.24,70.95,D
34.09008,-118.5234,328.19,0.41,0.61,2025-01-09,2142,N21,VIIRS,n,2.0NRT,295.22,2.22,D
34.08982,-118.52784,334.53,0.41,0.61,2025-01-09,2142,N21,VIIRS,n,2.0NRT,295.2,2.22,D
34.08952,-118.53313,325.74,0.41,0.61,2025-01-09,2142,N21,VIIRS,n,2.0NRT,293.19,2.89,D
34.08726,-118.57166,335.9,0.41,0.61,2025-01-09,2142,N21,VIIRS,n,2.0NRT,298.66,5.86,D
34.08698,-118.57635,335.31,0.41,0.61,2025-01-09,2142,N21,VIIRS,n,2.0NRT,299.43,15.62,D
34.0864,-118.58632,353.74,0.41,0.61,2025-01-09,2142,N21,VIIRS,n,2.0NRT,307.36,31.25,D
34.08541,-118.6031,327.18,0.41,0.6,2025-01-09,2142,N21,VIIRS,n,2.0NRT,292.87,46.94,D
34.09391,-118.55402,367,0.41,0.61,2025-01-09,2142,N21,VIIRS,h,2.0NRT,317.29,45.11,D
34.09368,-118.55779,367,0.41,0.61,2025-01-09,2142,N21,VIIRS,h,2.0NRT,299.38,45.11,D
34.09221,-118.58264,367,0.41,0.61,2025-01-09,2142,N21,VIIRS,h,2.0NRT,302.48,15.43,D
34.09667,-118.50691,334.23,0.41,0.61,2025-01-09,2142,N21,VIIRS,n,2.0NRT,287.32,6.61,D
34.09636,-118.51229,332.67,0.41,0.61,2025-01-09,2142,N21,VIIRS,n,2.0NRT,290.59,6.61,D
34.09611,-118.51646,331.78,0.41,0.61,2025-01-09,2142,N21,VIIRS,n,2.0NRT,290.74,17.32,D
34.09588,-118.52039,338.53,0.41,0.61,2025-01-09,2142,N21,VIIRS,n,2.0NRT,291.12,17.32,D
34.09564,-118.52448,337.17,0.41,0.61,2025-01-09,2142,N21,VIIRS,n,2.0NRT,296.16,89.19,D
34.09539,-118.52881,330.54,0.41,0.61,2025-01-09,2142,N21,VIIRS,n,2.0NRT,297.1,89.19,D
34.09509,-118.53389,328.38,0.41,0.61,2025-01-09,2142,N21,VIIRS,n,2.0NRT,297.01,25.06,D
34.09476,-118.53945,329.94,0.41,0.61,2025-01-09,2142,N21,VIIRS,n,2.0NRT,293.73,25.06,D
34.09444,-118.54504,336.2,0.41,0.61,2025-01-09,2142,N21,VIIRS,n,2.0NRT,298.16,29.31,D
34.09415,-118.54983,335.8,0.41,0.61,2025-01-09,2142,N21,VIIRS,n,2.0NRT,300.22,29.31,D
34.09195,-118.58703,339.71,0.41,0.61,2025-01-09,2142,N21,VIIRS,n,2.0NRT,295.81,8.9,D
34.10191,-118.51338,367,0.41,0.61,2025-01-09,2142,N21,VIIRS,h,2.0NRT,290.65,6.61,D
34.10168,-118.51725,367,0.41,0.61,2025-01-09,2142,N21,VIIRS,h,2.0NRT,292.04,17.32,D
34.10145,-118.52121,367,0.41,0.61,2025-01-09,2142,N21,VIIRS,h,2.0NRT,297.22,17.32,D
34.10093,-118.53,367,0.41,0.61,2025-01-09,2142,N21,VIIRS,h,2.0NRT,338.34,89.19,D
34.10028,-118.54096,367,0.41,0.61,2025-01-09,2142,N21,VIIRS,h,2.0NRT,306.25,25.06,D
34.09998,-118.54611,367,0.41,0.61,2025-01-09,2142,N21,VIIRS,h,2.0NRT,316.78,29.31,D
34.09946,-118.55505,367,0.41,0.61,2025-01-09,2142,N21,VIIRS,h,2.0NRT,356.13,45.11,D
34.10224,-118.5079,335.46,0.41,0.61,2025-01-09,2142,N21,VIIRS,n,2.0NRT,290.6,6.61,D
34.10061,-118.53546,342.45,0.41,0.61,2025-01-09,2142,N21,VIIRS,n,2.0NRT,310.98,25.06,D
34.09971,-118.55079,355.04,0.41,0.61,2025-01-09,2142,N21,VIIRS,n,2.0NRT,328.58,29.31,D
34.09922,-118.55898,344.72,0.41,0.61,2025-01-09,2142,N21,VIIRS,n,2.0NRT,302.47,45.11,D
34.10726,-118.51801,367,0.41,0.61,2025-01-09,2142,N21,VIIRS,h,2.0NRT,293.75,215.66,D
34.10702,-118.52205,367,0.41,0.61,2025-01-09,2142,N21,VIIRS,h,2.0NRT,315.46,215.66,D
34.10585,-118.54176,367,0.41,0.61,2025-01-09,2142,N21,VIIRS,h,2.0NRT,341.38,270.55,D
34.10749,-118.51414,332.12,0.41,0.61,2025-01-09,2142,N21,VIIRS,n,2.0NRT,292.55,9.38,D
34.10501,-118.55579,348.31,0.41,0.61,2025-01-09,2142,N21,VIIRS,n,2.0NRT,304.11,47.66,D
34.10677,-118.52631,367,0.41,0.61,2025-01-09,2142,N21,VIIRS,l,2.0NRT,372.82,867.27,D
34.10648,-118.53113,367,0.41,0.61,2025-01-09,2142,N21,VIIRS,l,2.0NRT,372.35,867.27,D
34.10616,-118.53654,207.38,0.41,0.61,2025-01-09,2142,N21,VIIRS,l,2.0NRT,308.8,270.55,D
34.10557,-118.54664,367,0.41,0.61,2025-01-09,2142,N21,VIIRS,l,2.0NRT,369.29,264.17,D
34.10528,-118.55135,207.38,0.41,0.61,2025-01-09,2142,N21,VIIRS,l,2.0NRT,318.56,264.17,D
34.20376,-118.06897,367,0.44,0.62,2025-01-09,2142,N21,VIIRS,h,2.0NRT,293.88,6.96,D
34.60958,-117.33607,301.81,0.4,0.44,2025-01-10,1004,N21,VIIRS,n,2.0NRT,274.42,1.18,N
34.35431,-116.85274,296.8,0.43,0.46,2025-01-10,1004,N21,VIIRS,n,2.0NRT,275.58,1.16,N
34.43167,-118.64487,299.87,0.52,0.42,2025-01-10,1004,N21,VIIRS,n,2.0NRT,281.87,0.74,N
34.33568,-118.52086,312.03,0.53,0.42,2025-01-10,1004,N21,VIIRS,n,2.0NRT,282.7,1.43,N
34.23394,-118.08061,313.22,0.56,0.43,2025-01-10,1004,N21,VIIRS,n,2.0NRT,281.16,2.42,N
34.23276,-118.0749,295.08,0.56,0.43,2025-01-10,1004,N21,VIIRS,n,2.0NRT,279.03,1.57,N
34.31829,-118.51359,301.18,0.53,0.42,2025-01-10,1004,N21,VIIRS,n,2.0NRT,282.46,0.43,N
34.23248,-118.09333,313.31,0.56,0.43,2025-01-10,1004,N21,VIIRS,n,2.0NRT,281.78,2.97,N
34.2312,-118.08714,306.79,0.56,0.43,2025-01-10,1004,N21,VIIRS,n,2.0NRT,281.67,2.42,N
34.22998,-118.08122,307.26,0.56,0.43,2025-01-10,1004,N21,VIIRS,n,2.0NRT,282.46,2.42,N
34.22887,-118.07581,307.59,0.56,0.43,2025-01-10,1004,N21,VIIRS,n,2.0NRT,281.18,1.57,N
34.22851,-118.09385,320.12,0.56,0.43,2025-01-10,1004,N21,VIIRS,n,2.0NRT,284.58,3.34,N
34.2272,-118.08748,296.86,0.56,0.43,2025-01-10,1004,N21,VIIRS,n,2.0NRT,280.23,1.74,N
34.22598,-118.0816,310.5,0.56,0.43,2025-01-10,1004,N21,VIIRS,n,2.0NRT,282.92,1.74,N
34.22486,-118.0762,311.64,0.56,0.43,2025-01-10,1004,N21,VIIRS,n,2.0NRT,282.54,2.1,N
34.2238,-118.07102,304.61,0.56,0.43,2025-01-10,1004,N21,VIIRS,n,2.0NRT,280.47,2.1,N
34.22269,-118.0657,298.81,0.56,0.43,2025-01-10,1004,N21,VIIRS,n,2.0NRT,280.23,2.04,N
34.22945,-118.11816,325.17,0.56,0.43,2025-01-10,1004,N21,VIIRS,n,2.0NRT,283.82,4.31,N
34.22597,-118.1013,323.64,0.56,0.43,2025-01-10,1004,N21,VIIRS,n,2.0NRT,281.37,3.34,N
34.22837,-118.11293,301.17,0.56,0.43,2025-01-10,1004,N21,VIIRS,n,2.0NRT,281.91,1.98,N
34.22455,-118.09438,308.76,0.56,0.43,2025-01-10,1004,N21,VIIRS,n,2.0NRT,280.99,3.34,N
34.22196,-118.08187,301.54,0.56,0.43,2025-01-10,1004,N21,VIIRS,n,2.0NRT,281.58,1.74,N
34.22085,-118.07652,308.68,0.56,0.43,2025-01-10,1004,N21,VIIRS,n,2.0NRT,283.37,2.1,N
34.2198,-118.07142,308.76,0.56,0.43,2025-01-10,1004,N21,VIIRS,n,2.0NRT,283.09,2.1,N
34.21873,-118.06628,318.71,0.56,0.43,2025-01-10,1004,N21,VIIRS,n,2.0NRT,282.93,2.04,N
34.21759,-118.06075,306.69,0.56,0.43,2025-01-10,1004,N21,VIIRS,n,2.0NRT,281.68,2.04,N
34.22555,-118.11898,323.05,0.56,0.43,2025-01-10,1004,N21,VIIRS,n,2.0NRT,283.18,2.95,N
34.22446,-118.11369,309.37,0.56,0.43,2025-01-10,1004,N21,VIIRS,n,2.0NRT,283.38,2.4,N
34.21799,-118.0824,302.74,0.56,0.43,2025-01-10,1004,N21,VIIRS,n,2.0NRT,282.94,2.22,N
34.21582,-118.07191,311.09,0.56,0.43,2025-01-10,1004,N21,VIIRS,n,2.0NRT,283.04,1.73,N
34.21478,-118.06689,311.18,0.56,0.43,2025-01-10,1004,N21,VIIRS,n,2.0NRT,282.84,2.24,N
34.21364,-118.06139,306.61,0.56,0.43,2025-01-10,1004,N21,VIIRS,n,2.0NRT,281.58,2.24,N
34.21289,-118.07752,297.65,0.56,0.43,2025-01-10,1004,N21,VIIRS,n,2.0NRT,281.71,1.73,N
34.21185,-118.07249,301.56,0.56,0.43,2025-01-10,1004,N21,VIIRS,n,2.0NRT,283.36,1.73,N
34.23199,-118.0938,318.88,0.56,0.43,2025-01-10,1004,N21,VIIRS,n,2.0NRT,283.18,2.28,N
34.23074,-118.08755,307.66,0.56,0.43,2025-01-10,1004,N21,VIIRS,n,2.0NRT,281.82,2.28,N
34.22956,-118.08163,307.47,0.56,0.43,2025-01-10,1004,N21,VIIRS,n,2.0NRT,282.59,2.02,N
34.22847,-118.0762,308.73,0.56,0.43,2025-01-10,1004,N21,VIIRS,n,2.0NRT,281.92,2.02,N
34.22743,-118.07111,295.9,0.56,0.43,2025-01-10,1004,N21,VIIRS,n,2.0NRT,277.84,1.05,N
34.22803,-118.09435,320.24,0.56,0.43,2025-01-10,1004,N21,VIIRS,n,2.0NRT,284.12,2.28,N
34.22675,-118.08789,296.52,0.56,0.43,2025-01-10,1004,N21,VIIRS,n,2.0NRT,280.42,2.28,N
34.22557,-118.08198,310.28,0.56,0.43,2025-01-10,1004,N21,VIIRS,n,2.0NRT,282.58,2.02,N
34.22447,-118.07654,311.55,0.56,0.43,2025-01-10,1004,N21,VIIRS,n,2.0NRT,282.81,2.02,N
34.22342,-118.07137,307.61,0.56,0.43,2025-01-10,1004,N21,VIIRS,n,2.0NRT,281.13,1.05,N
34.22235,-118.06606,300.92,0.56,0.43,2025-01-10,1004,N21,VIIRS,n,2.0NRT,281.01,1.05,N
34.22884,-118.11865,329.85,0.56,0.43,2025-01-10,1004,N21,VIIRS,n,2.0NRT,283.65,2.52,N
34.22778,-118.11341,302.72,0.56,0.43,2025-01-10,1004,N21,VIIRS,n,2.0NRT,282.53,2.52,N
34.22546,-118.10181,313.32,0.56,0.43,2025-01-10,1004,N21,VIIRS,n,2.0NRT,280.31,3.08,N
34.22408,-118.09489,313.05,0.56,0.43,2025-01-10,1004,N21,VIIRS,n,2.0NRT,280.98,3.29,N
34.22156,-118.08226,301.29,0.56,0.43,2025-01-10,1004,N21,VIIRS,n,2.0NRT,281.94,1.43,N
34.22047,-118.07687,305.51,0.56,0.43,2025-01-10,1004,N21,VIIRS,n,2.0NRT,282.81,1.43,N
34.21944,-118.07176,309.03,0.56,0.43,2025-01-10,1004,N21,VIIRS,n,2.0NRT,283.37,2.33,N
34.2184,-118.06665,319.35,0.56,0.43,2025-01-10,1004,N21,VIIRS,n,2.0NRT,282.96,2.33,N
34.2173,-118.0612,307.3,0.56,0.43,2025-01-10,1004,N21,VIIRS,n,2.0NRT,282.13,1.86,N
34.22495,-118.11949,304.29,0.56,0.43,2025-01-10,1004,N21,VIIRS,n,2.0NRT,281.23,2.52,N
34.22388,-118.11417,309.94,0.56,0.43,2025-01-10,1004,N21,VIIRS,n,2.0NRT,282.21,2.52,N
34.21761,-118.08282,299.78,0.56,0.43,2025-01-10,1004,N21,VIIRS,n,2.0NRT,282.16,1.43,N
34.21547,-118.07227,309.34,0.56,0.43,2025-01-10,1004,N21,VIIRS,n,2.0NRT,283.52,2.33,N
34.21445,-118.06725,311.41,0.56,0.43,2025-01-10,1004,N21,VIIRS,n,2.0NRT,283.13,2.33,N
34.21336,-118.06185,302.93,0.56,0.43,2025-01-10,1004,N21,VIIRS,n,2.0NRT,281.08,1.86,N
34.21254,-118.0779,298.31,0.56,0.43,2025-01-10,1004,N21,VIIRS,n,2.0NRT,282.28,1.34,N
34.21152,-118.07288,299.62,0.56,0.43,2025-01-10,1004,N21,VIIRS,n,2.0NRT,282.35,1.79,N
34.20866,-118.07887,296.03,0.56,0.43,2025-01-10,1004,N21,VIIRS,n,2.0NRT,282.69,1.34,N
34.20762,-118.07375,303.78,0.56,0.43,2025-01-10,1004,N21,VIIRS,n,2.0NRT,282.52,1.79,N
34.20372,-118.07463,310.62,0.56,0.43,2025-01-10,1004,N21,VIIRS,n,2.0NRT,282.88,2.19,N
34.20262,-118.06922,310.5,0.56,0.43,2025-01-10,1004,N21,VIIRS,n,2.0NRT,282.52,2.19,N
34.21579,-118.15458,319.22,0.56,0.43,2025-01-10,1004,N21,VIIRS,n,2.0NRT,285.31,4.09,N
34.3423,-119.01144,295.64,0.5,0.41,2025-01-10,1004,N21,VIIRS,n,2.0NRT,284.87,0.56,N
34.15397,-118.19033,314.2,0.55,0.43,2025-01-10,1004,N21,VIIRS,n,2.0NRT,279.84,2.39,N
34.31263,-119.267,300.8,0.49,0.4,2025-01-10,1004,N21,VIIRS,n,2.0NRT,283.12,0.53,N
34.17857,-118.68063,295.44,0.53,0.42,2025-01-10,1004,N21,VIIRS,n,2.0NRT,283.75,0.65,N
34.17747,-118.67509,296.53,0.53,0.42,2025-01-10,1004,N21,VIIRS,n,2.0NRT,283.39,0.65,N
34.11607,-118.52724,326.73,0.54,0.42,2025-01-10,1004,N21,VIIRS,n,2.0NRT,296.52,33.53,N
34.11492,-118.52154,319.82,0.54,0.42,2025-01-10,1004,N21,VIIRS,n,2.0NRT,283.79,14.94,N
34.1134,-118.53381,334.82,0.53,0.42,2025-01-10,1004,N21,VIIRS,n,2.0NRT,299.43,128.08,N
34.11112,-118.52251,320.97,0.54,0.42,2025-01-10,1004,N21,VIIRS,n,2.0NRT,285.41,9.72,N
34.10965,-118.535,327.04,0.53,0.42,2025-01-10,1004,N21,VIIRS,n,2.0NRT,324.5,128.08,N
34.10847,-118.52914,325.9,0.54,0.42,2025-01-10,1004,N21,VIIRS,n,2.0NRT,295.52,128.08,N
34.14662,-118.71876,296.11,0.52,0.42,2025-01-10,1004,N21,VIIRS,n,2.0NRT,284,0.68,N
34.10732,-118.52347,309.34,0.54,0.42,2025-01-10,1004,N21,VIIRS,n,2.0NRT,288.08,9.72,N
34.10711,-118.54218,344.63,0.53,0.42,2025-01-10,1004,N21,VIIRS,n,2.0NRT,293.14,20.08,N
34.10593,-118.53635,345.44,0.53,0.42,2025-01-10,1004,N21,VIIRS,n,2.0NRT,300.53,11.55,N
34.10468,-118.53019,302.14,0.54,0.42,2025-01-10,1004,N21,VIIRS,n,2.0NRT,288.46,11.55,N
34.10352,-118.52442,308.31,0.54,0.42,2025-01-10,1004,N21,VIIRS,n,2.0NRT,289,1.91,N
34.10569,-118.55494,336.57,0.53,0.42,2025-01-10,1004,N21,VIIRS,n,2.0NRT,303.77,42,N
34.10456,-118.5493,328.89,0.53,0.42,2025-01-10,1004,N21,VIIRS,n,2.0NRT,294.32,20.08,N
34.10339,-118.54353,322.06,0.53,0.42,2025-01-10,1004,N21,VIIRS,n,2.0NRT,286.55,20.08,N
34.09972,-118.52541,298.29,0.54,0.42,2025-01-10,1004,N21,VIIRS,n,2.0NRT,286.41,1.91,N
34.0986,-118.51989,317.67,0.54,0.42,2025-01-10,1004,N21,VIIRS,n,2.0NRT,288.99,1.91,N
34.10303,-118.5615,321.96,0.53,0.42,2025-01-10,1004,N21,VIIRS,n,2.0NRT,289.07,1.7,N
34.09479,-118.52081,321.17,0.54,0.42,2025-01-10,1004,N21,VIIRS,n,2.0NRT,289.25,4.04,N
34.10192,-118.55602,306.77,0.53,0.42,2025-01-10,1004,N21,VIIRS,n,2.0NRT,289.51,1.7,N
34.09921,-118.56229,303.42,0.53,0.42,2025-01-10,1004,N21,VIIRS,n,2.0NRT,284.82,1.7,N
34.09811,-118.55691,296.22,0.53,0.42,2025-01-10,1004,N21,VIIRS,n,2.0NRT,285.66,1.7,N
34.09429,-118.55772,300.95,0.53,0.42,2025-01-10,1004,N21,VIIRS,n,2.0NRT,285.63,1.08,N
34.10316,-118.55634,337.08,0.53,0.42,2025-01-10,1004,N21,VIIRS,n,2.0NRT,295.53,10.18,N
34.09624,-118.52107,329.3,0.54,0.42,2025-01-10,1004,N21,VIIRS,n,2.0NRT,292.12,5.29,N
34.10424,-118.56184,307.45,0.53,0.42,2025-01-10,1004,N21,VIIRS,n,2.0NRT,285.38,1.73,N
34.10205,-118.5507,313.67,0.53,0.42,2025-01-10,1004,N21,VIIRS,n,2.0NRT,286.91,10.18,N
34.10043,-118.56268,314.71,0.53,0.42,2025-01-10,1004,N21,VIIRS,n,2.0NRT,286.78,1.73,N
34.09554,-118.55808,297.46,0.53,0.42,2025-01-10,1004,N21,VIIRS,n,2.0NRT,284.23,1.02,N
34.08965,-118.58874,297.84,0.53,0.42,2025-01-10,1004,N21,VIIRS,n,2.0NRT,285.35,0.83,N
34.08851,-118.58298,301.09,0.53,0.42,2025-01-10,1004,N21,VIIRS,n,2.0NRT,285.01,1.25,N
34.08802,-118.60062,324.33,0.53,0.42,2025-01-10,1004,N21,VIIRS,n,2.0NRT,296.71,27.35,N
34.08695,-118.59524,301.76,0.53,0.42,2025-01-10,1004,N21,VIIRS,n,2.0NRT,285.05,3.25,N
34.08587,-118.58976,306.29,0.53,0.42,2025-01-10,1004,N21,VIIRS,n,2.0NRT,287.58,3.25,N
34.08427,-118.6018,295.32,0.53,0.42,2025-01-10,1004,N21,VIIRS,n,2.0NRT,284.13,27.35,N
34.08314,-118.5961,304.58,0.53,0.42,2025-01-10,1004,N21,VIIRS,n,2.0NRT,286.97,3.25,N
34.08387,-118.64011,298.79,0.53,0.42,2025-01-10,1004,N21,VIIRS,n,2.0NRT,284.12,0.85,N
34.07568,-118.59861,303.33,0.53,0.42,2025-01-10,1004,N21,VIIRS,n,2.0NRT,286.91,1.53,N
34.07805,-118.67082,321.38,0.53,0.42,2025-01-10,1004,N21,VIIRS,n,2.0NRT,286.25,3.15,N
34.079,-118.67559,301.59,0.53,0.42,2025-01-10,1004,N21,VIIRS,n,2.0NRT,285.57,1.43,N
34.07622,-118.6815,300.21,0.53,0.42,2025-01-10,1004,N21,VIIRS,n,2.0NRT,284.01,1.43,N
34.07524,-118.6766,308.94,0.53,0.42,2025-01-10,1004,N21,VIIRS,n,2.0NRT,287.02,1.43,N
34.0725,-118.68278,343.77,0.53,0.42,2025-01-10,1004,N21,VIIRS,n,2.0NRT,290.94,16.28,N
34.06877,-118.68398,336.34,0.53,0.42,2025-01-10,1004,N21,VIIRS,n,2.0NRT,301.3,16.28,N
33.79206,-117.47383,306.53,0.41,0.45,2025-01-10,1004,N21,VIIRS,n,2.0NRT,281.27,1.35,N
33.71441,-117.71029,305.25,0.4,0.44,2025-01-10,1004,N21,VIIRS,n,2.0NRT,285.74,1.16,N
33.61472,-117.82273,308.08,0.39,0.44,2025-01-10,1004,N21,VIIRS,n,2.0NRT,285.77,1.09,N
33.61293,-117.82143,311.31,0.39,0.44,2025-01-10,1004,N21,VIIRS,n,2.0NRT,286.05,0.86,N
33.49038,-117.61671,297.78,0.41,0.45,2025-01-10,1004,N21,VIIRS,n,2.0NRT,278.95,0.52,N
32.85606,-117.02924,302.35,0.45,0.47,2025-01-10,1004,N21,VIIRS,n,2.0NRT,284.08,1.05,N
32.59951,-117.01027,302.12,0.46,0.47,2025-01-10,1004,N21,VIIRS,n,2.0NRT,280.73,0.82,N
32.42244,-116.92261,325.3,0.47,0.47,2025-01-10,1004,N21,VIIRS,n,2.0NRT,284.05,3.61,N
32.43696,-117.07497,301.09,0.46,0.47,2025-01-10,1004,N21,VIIRS,n,2.0NRT,278.72,0.74,N
32.43274,-117.07613,311.18,0.46,0.47,2025-01-10,1004,N21,VIIRS,n,2.0NRT,278.05,0.88,N
32.37273,-117.06801,301.73,0.46,0.47,2025-01-10,1004,N21,VIIRS,n,2.0NRT,280.69,0.68,N
32.03299,-116.86473,311.92,0.48,0.48,2025-01-10,1004,N21,VIIRS,n,2.0NRT,285.94,2.21,N
32.03077,-116.87548,354.85,0.48,0.48,2025-01-10,1004,N21,VIIRS,n,2.0NRT,299.98,25.33,N
32.02973,-116.87073,344.01,0.48,0.48,2025-01-10,1004,N21,VIIRS,n,2.0NRT,291.26,6.03,N
32.0287,-116.86598,330.85,0.48,0.48,2025-01-10,1004,N21,VIIRS,n,2.0NRT,287.56,6.03,N
32.0318,-116.88025,300.28,0.48,0.48,2025-01-10,1004,N21,VIIRS,n,2.0NRT,286.66,25.33,N
32.0275,-116.88146,337.1,0.48,0.48,2025-01-10,1004,N21,VIIRS,n,2.0NRT,288.89,25.33,N
32.02646,-116.87669,350.22,0.48,0.48,2025-01-10,1004,N21,VIIRS,n,2.0NRT,301.69,25.33,N
32.02542,-116.87194,300.2,0.48,0.48,2025-01-10,1004,N21,VIIRS,n,2.0NRT,286.38,6.03,N
37.1729,-119.56464,345.1,0.42,0.45,2025-01-10,2122,N21,VIIRS,n,2.0NRT,288.49,5.71,D
32.9579,-115.64868,367,0.62,0.54,2025-01-10,2122,N21,VIIRS,h,2.0NRT,335.26,265.9,D
32.95844,-115.64204,333.41,0.62,0.54,2025-01-10,2122,N21,VIIRS,n,2.0NRT,295.03,72.25,D
32.96339,-115.64258,339.47,0.62,0.54,2025-01-10,2122,N21,VIIRS,n,2.0NRT,292.43,69.07,D
32.95436,-115.64919,340.37,0.62,0.54,2025-01-10,2122,N21,VIIRS,n,2.0NRT,296.09,18.26,D
32.95932,-115.64972,367,0.62,0.54,2025-01-10,2122,N21,VIIRS,h,2.0NRT,335.26,183.41,D
32.95981,-115.64308,342.13,0.62,0.54,2025-01-10,2122,N21,VIIRS,n,2.0NRT,302.18,183.41,D
32.96477,-115.64362,339.06,0.62,0.54,2025-01-10,2122,N21,VIIRS,n,2.0NRT,293.92,183.41,D
33.09483,-115.39333,352.46,0.32,0.55,2025-01-10,2122,N21,VIIRS,n,2.0NRT,305.7,13.39,D
33.09456,-115.39676,353.36,0.32,0.55,2025-01-10,2122,N21,VIIRS,n,2.0NRT,300.97,24.27,D
33.09409,-115.39552,350.6,0.32,0.55,2025-01-10,2122,N21,VIIRS,n,2.0NRT,304.06,18.72,D
33.09384,-115.39896,334.94,0.32,0.55,2025-01-10,2122,N21,VIIRS,n,2.0NRT,293.69,18.72,D
34.07432,-118.5971,344.44,0.43,0.46,2025-01-10,2125,N21,VIIRS,n,2.0NRT,304.23,5.25,D
34.0747,-118.6781,336.74,0.43,0.46,2025-01-10,2125,N21,VIIRS,n,2.0NRT,303.81,9.08,D
34.0743,-118.68219,331.24,0.43,0.46,2025-01-10,2125,N21,VIIRS,n,2.0NRT,301,3.45,D
34.08835,-118.58498,335.2,0.43,0.46,2025-01-10,2125,N21,VIIRS,n,2.0NRT,306.25,5.1,D
34.08788,-118.58969,353.12,0.43,0.46,2025-01-10,2125,N21,VIIRS,n,2.0NRT,309.85,24.53,D
34.08698,-118.59853,342.47,0.43,0.46,2025-01-10,2125,N21,VIIRS,n,2.0NRT,306.17,6.27,D
34.0793,-118.67467,355.14,0.43,0.46,2025-01-10,2125,N21,VIIRS,n,2.0NRT,301.63,9.08,D
34.07892,-118.67843,352.54,0.43,0.46,2025-01-10,2125,N21,VIIRS,n,2.0NRT,308.61,9.08,D
34.08842,-118.58669,342.07,0.43,0.46,2025-01-10,2125,N21,VIIRS,n,2.0NRT,305.98,13.26,D
34.08799,-118.59123,343.11,0.43,0.46,2025-01-10,2125,N21,VIIRS,n,2.0NRT,306.99,13.26,D
34.08715,-118.60014,347.14,0.43,0.46,2025-01-10,2125,N21,VIIRS,n,2.0NRT,302.85,6.94,D
34.08036,-118.67226,336.99,0.43,0.46,2025-01-10,2125,N21,VIIRS,n,2.0NRT,297.12,8.38,D
34.07999,-118.67604,353.28,0.43,0.46,2025-01-10,2125,N21,VIIRS,n,2.0NRT,302.02,8.38,D
34.07962,-118.67985,329.38,0.43,0.46,2025-01-10,2125,N21,VIIRS,n,2.0NRT,299.04,5,D
34.10587,-118.5379,348.44,0.44,0.46,2025-01-10,2125,N21,VIIRS,n,2.0NRT,299.93,8.92,D
34.10539,-118.54298,352.07,0.44,0.46,2025-01-10,2125,N21,VIIRS,n,2.0NRT,307.7,12.56,D
34.10492,-118.54792,336.05,0.44,0.46,2025-01-10,2125,N21,VIIRS,n,2.0NRT,305.43,12.56,D
34.1036,-118.56188,335.56,0.44,0.46,2025-01-10,2125,N21,VIIRS,l,2.0NRT,305.96,7.59,D
34.11013,-118.53804,342.01,0.44,0.46,2025-01-10,2125,N21,VIIRS,n,2.0NRT,308.13,106.96,D
34.10872,-118.55302,351.08,0.44,0.46,2025-01-10,2125,N21,VIIRS,n,2.0NRT,318.2,145.48,D
34.11526,-118.52923,367,0.44,0.46,2025-01-10,2125,N21,VIIRS,h,2.0NRT,342.6,242.71,D
34.11482,-118.53382,367,0.44,0.46,2025-01-10,2125,N21,VIIRS,h,2.0NRT,335.28,106.96,D
34.11614,-118.51989,327.67,0.44,0.46,2025-01-10,2125,N21,VIIRS,n,2.0NRT,294.98,18.91,D
34.11438,-118.53849,367,0.44,0.46,2025-01-10,2125,N21,VIIRS,l,2.0NRT,337.64,106.96,D
34.11903,-118.53463,367,0.44,0.46,2025-01-10,2125,N21,VIIRS,h,2.0NRT,358.69,217.97,D
34.11992,-118.52534,340.76,0.44,0.46,2025-01-10,2125,N21,VIIRS,n,2.0NRT,299.16,50.8,D
34.11947,-118.53004,346.16,0.44,0.46,2025-01-10,2125,N21,VIIRS,n,2.0NRT,313.42,50.8,D
34.11859,-118.53923,337.41,0.44,0.46,2025-01-10,2125,N21,VIIRS,n,2.0NRT,298.07,217.97,D
34.22554,-118.09972,340.27,0.46,0.47,2025-01-10,2125,N21,VIIRS,n,2.0NRT,298.16,4.78,D
35.26646,-118.98727,332.16,0.43,0.46,2025-01-10,2125,N21,VIIRS,n,2.0NRT,295.89,2.87,D
36.14243,-121.09033,326.58,0.51,0.41,2025-01-10,2125,N21,VIIRS,n,2.0NRT,295.86,8.05,D
36.14179,-121.09603,344.2,0.51,0.41,2025-01-10,2125,N21,VIIRS,n,2.0NRT,297.81,8.05,D
37.02382,-120.19812,312.89,0.41,0.37,2025-01-11,0943,N21,VIIRS,n,2.0NRT,276.95,1.34,N
36.66458,-120.13509,295.42,0.4,0.37,2025-01-11,0943,N21,VIIRS,n,2.0NRT,276.62,0.7,N
35.87712,-119.64546,315.74,0.39,0.36,2025-01-11,0943,N21,VIIRS,n,2.0NRT,277.7,1.57,N
34.62242,-117.10043,311.26,0.4,0.37,2025-01-11,0943,N21,VIIRS,n,2.0NRT,278.74,1.63,N
34.60864,-117.3383,300.77,0.4,0.37,2025-01-11,0943,N21,VIIRS,n,2.0NRT,278.09,1.64,N
34.35339,-116.85424,304.66,0.41,0.37,2025-01-11,0943,N21,VIIRS,n,2.0NRT,278.73,1.2,N
34.42912,-118.64397,309.19,0.38,0.36,2025-01-11,0945,N21,VIIRS,n,2.0NRT,277.56,1.23,N
34.33397,-118.51912,312.89,0.39,0.36,2025-01-11,0945,N21,VIIRS,n,2.0NRT,281.93,1.39,N
34.14068,-117.4285,300.36,0.4,0.37,2025-01-11,0945,N21,VIIRS,n,2.0NRT,278.39,0.84,N
34.23431,-118.09233,330.16,0.39,0.36,2025-01-11,0945,N21,VIIRS,n,2.0NRT,285.07,1.73,N
34.23362,-118.08813,299.86,0.39,0.36,2025-01-11,0945,N21,VIIRS,n,2.0NRT,284.14,1.57,N
34.2317,-118.09722,312.55,0.39,0.36,2025-01-11,0945,N21,VIIRS,n,2.0NRT,281.94,1.73,N
34.23101,-118.09302,300.64,0.39,0.36,2025-01-11,0945,N21,VIIRS,n,2.0NRT,283.38,1.73,N
34.2283,-118.07646,295.37,0.39,0.36,2025-01-11,0945,N21,VIIRS,n,2.0NRT,282.5,1.41,N
34.22842,-118.09795,308.54,0.39,0.36,2025-01-11,0945,N21,VIIRS,n,2.0NRT,282.94,1.86,N
34.22567,-118.08121,298.02,0.39,0.36,2025-01-11,0945,N21,VIIRS,n,2.0NRT,282.65,1.42,N
34.22103,-118.07374,296.04,0.39,0.36,2025-01-11,0945,N21,VIIRS,n,2.0NRT,283.04,0.74,N
34.22037,-118.06968,300.23,0.39,0.36,2025-01-11,0945,N21,VIIRS,n,2.0NRT,281.87,0.74,N
34.2197,-118.06564,295.93,0.39,0.36,2025-01-11,0945,N21,VIIRS,n,2.0NRT,282.1,0.6,N
34.20324,-118.07168,298.24,0.39,0.36,2025-01-11,0945,N21,VIIRS,n,2.0NRT,283.31,0.7,N
34.24303,-118.37981,302.48,0.39,0.36,2025-01-11,0945,N21,VIIRS,n,2.0NRT,276.79,0.58,N
34.2897,-118.80114,307.88,0.38,0.36,2025-01-11,0945,N21,VIIRS,n,2.0NRT,278.05,1,N
34.15182,-118.195,313.3,0.39,0.36,2025-01-11,0945,N21,VIIRS,n,2.0NRT,281.85,0.96,N
34.13521,-118.53706,299.53,0.39,0.36,2025-01-11,0945,N21,VIIRS,n,2.0NRT,281.34,0.42,N
34.13258,-118.52058,295.13,0.39,0.36,2025-01-11,0945,N21,VIIRS,n,2.0NRT,281.67,0.7,N
34.13194,-118.53785,301.67,0.39,0.36,2025-01-11,0945,N21,VIIRS,n,2.0NRT,282.15,0.42,N
34.13128,-118.53374,296.15,0.39,0.36,2025-01-11,0945,N21,VIIRS,n,2.0NRT,283.3,0.42,N
34.13062,-118.52962,300.57,0.39,0.36,2025-01-11,0945,N21,VIIRS,n,2.0NRT,283.28,0.67,N
34.12996,-118.52551,299.37,0.39,0.36,2025-01-11,0945,N21,VIIRS,n,2.0NRT,283.63,0.67,N
34.1293,-118.52138,296.62,0.39,0.36,2025-01-11,0945,N21,VIIRS,n,2.0NRT,283.79,0.7,N
34.12867,-118.53861,337.72,0.39,0.36,2025-01-11,0945,N21,VIIRS,n,2.0NRT,293.98,47.79,N
34.12669,-118.52625,320.08,0.39,0.36,2025-01-11,0945,N21,VIIRS,n,2.0NRT,285.38,54.13,N
34.12603,-118.52213,345.34,0.39,0.36,2025-01-11,0945,N21,VIIRS,n,2.0NRT,318.44,37.54,N
34.12537,-118.51801,341.9,0.39,0.36,2025-01-11,0945,N21,VIIRS,n,2.0NRT,290.4,37.54,N
34.12471,-118.51389,321.55,0.39,0.36,2025-01-11,0945,N21,VIIRS,n,2.0NRT,285.95,6.77,N
34.12933,-118.54272,308.99,0.39,0.36,2025-01-11,0945,N21,VIIRS,n,2.0NRT,282.31,12.68,N
34.12801,-118.53451,304.47,0.39,0.36,2025-01-11,0945,N21,VIIRS,n,2.0NRT,283.81,47.79,N
34.12735,-118.53038,305.04,0.39,0.36,2025-01-11,0945,N21,VIIRS,n,2.0NRT,283.88,54.13,N
34.12605,-118.54346,336.67,0.39,0.36,2025-01-11,0945,N21,VIIRS,n,2.0NRT,285.28,12.68,N
34.12539,-118.53937,367,0.39,0.36,2025-01-11,0945,N21,VIIRS,h,2.0NRT,348.04,47.79,N
34.12474,-118.53526,325.06,0.39,0.36,2025-01-11,0945,N21,VIIRS,n,2.0NRT,286.16,47.79,N
34.12407,-118.53113,340.74,0.39,0.36,2025-01-11,0945,N21,VIIRS,n,2.0NRT,311.54,54.13,N
34.12341,-118.52702,367,0.39,0.36,2025-01-11,0945,N21,VIIRS,h,2.0NRT,334.49,54.13,N
34.12275,-118.52288,367,0.39,0.36,2025-01-11,0945,N21,VIIRS,h,2.0NRT,340.14,37.54,N
34.12209,-118.51877,340.27,0.39,0.36,2025-01-11,0945,N21,VIIRS,n,2.0NRT,297.31,37.54,N
34.12143,-118.51464,355.66,0.39,0.36,2025-01-11,0945,N21,VIIRS,n,2.0NRT,302.86,6.77,N
34.12077,-118.51051,300.96,0.39,0.36,2025-01-11,0945,N21,VIIRS,n,2.0NRT,284.17,6.77,N
34.12278,-118.54422,343.3,0.39,0.36,2025-01-11,0945,N21,VIIRS,n,2.0NRT,285.54,19.65,N
34.12212,-118.54011,367,0.39,0.36,2025-01-11,0945,N21,VIIRS,h,2.0NRT,346.01,192.19,N
34.12146,-118.536,345.37,0.39,0.36,2025-01-11,0945,N21,VIIRS,n,2.0NRT,302.93,192.19,N
34.1208,-118.53187,367,0.39,0.36,2025-01-11,0945,N21,VIIRS,h,2.0NRT,339.23,35.5,N
34.12014,-118.52776,348.75,0.39,0.36,2025-01-11,0945,N21,VIIRS,n,2.0NRT,300.83,35.5,N
34.11948,-118.52363,348.98,0.39,0.36,2025-01-11,0945,N21,VIIRS,n,2.0NRT,297.66,4.36,N
34.11882,-118.51951,330.71,0.39,0.36,2025-01-11,0945,N21,VIIRS,n,2.0NRT,296.73,4.36,N
34.11816,-118.5154,347.38,0.39,0.36,2025-01-11,0945,N21,VIIRS,n,2.0NRT,310.54,3.41,N
34.1175,-118.51128,321.9,0.39,0.36,2025-01-11,0945,N21,VIIRS,n,2.0NRT,290.68,3.41,N
34.12343,-118.54836,301.21,0.39,0.36,2025-01-11,0945,N21,VIIRS,n,2.0NRT,283.35,19.65,N
34.11683,-118.50714,306.32,0.39,0.36,2025-01-11,0945,N21,VIIRS,n,2.0NRT,285.6,1.84,N
34.1195,-118.54498,349.89,0.39,0.36,2025-01-11,0945,N21,VIIRS,n,2.0NRT,294.73,19.65,N
34.11818,-118.53674,341.4,0.39,0.36,2025-01-11,0945,N21,VIIRS,n,2.0NRT,295.61,192.19,N
34.11752,-118.53262,323.31,0.39,0.36,2025-01-11,0945,N21,VIIRS,n,2.0NRT,288.32,35.5,N
34.11356,-118.5079,321.62,0.39,0.36,2025-01-11,0945,N21,VIIRS,n,2.0NRT,293.12,1.84,N
34.12016,-118.54911,302.85,0.39,0.36,2025-01-11,0945,N21,VIIRS,n,2.0NRT,284.09,19.65,N
34.11686,-118.52851,317.72,0.39,0.36,2025-01-11,0945,N21,VIIRS,n,2.0NRT,288.65,35.5,N
34.1162,-118.52438,319.79,0.39,0.36,2025-01-11,0945,N21,VIIRS,n,2.0NRT,290.22,4.36,N
34.11554,-118.52026,318.54,0.39,0.36,2025-01-11,0945,N21,VIIRS,n,2.0NRT,291.03,4.36,N
34.11488,-118.51616,319.42,0.39,0.36,2025-01-11,0945,N21,VIIRS,n,2.0NRT,294.15,3.41,N
34.11422,-118.51203,313.84,0.39,0.36,2025-01-11,0945,N21,VIIRS,n,2.0NRT,290.42,3.41,N
34.11289,-118.50374,317.2,0.39,0.36,2025-01-11,0945,N21,VIIRS,n,2.0NRT,286.76,1.84,N
34.11623,-118.54575,335.21,0.39,0.36,2025-01-11,0945,N21,VIIRS,n,2.0NRT,313.18,33.84,N
34.11557,-118.54161,354.96,0.39,0.36,2025-01-11,0945,N21,VIIRS,n,2.0NRT,302.12,11.09,N
34.1149,-118.53748,340.21,0.39,0.36,2025-01-11,0945,N21,VIIRS,n,2.0NRT,292.22,11.09,N
34.11226,-118.52101,342.2,0.39,0.36,2025-01-11,0945,N21,VIIRS,n,2.0NRT,296.52,3.73,N
34.1116,-118.51691,367,0.39,0.36,2025-01-11,0945,N21,VIIRS,h,2.0NRT,301.32,22.93,N
34.11095,-118.51279,325.51,0.39,0.36,2025-01-11,0945,N21,VIIRS,n,2.0NRT,290.83,22.93,N
34.11028,-118.50866,333.34,0.39,0.36,2025-01-11,0945,N21,VIIRS,n,2.0NRT,313.86,26.51,N
34.10962,-118.50449,344.49,0.39,0.36,2025-01-11,0945,N21,VIIRS,n,2.0NRT,298.05,26.51,N
34.11689,-118.54989,306.2,0.39,0.36,2025-01-11,0945,N21,VIIRS,n,2.0NRT,284.42,33.84,N
34.11424,-118.53337,309.16,0.39,0.36,2025-01-11,0945,N21,VIIRS,n,2.0NRT,285.39,0.99,N
34.11358,-118.52924,302.39,0.39,0.36,2025-01-11,0945,N21,VIIRS,n,2.0NRT,284.9,0.99,N
34.11293,-118.52512,300.36,0.39,0.36,2025-01-11,0945,N21,VIIRS,n,2.0NRT,284.93,3.73,N
34.11295,-118.5465,333.63,0.39,0.36,2025-01-11,0945,N21,VIIRS,n,2.0NRT,296.91,33.84,N
34.11229,-118.54237,332.23,0.39,0.36,2025-01-11,0945,N21,VIIRS,n,2.0NRT,291.59,11.09,N
34.10833,-118.51765,337.1,0.39,0.36,2025-01-11,0945,N21,VIIRS,n,2.0NRT,301.2,22.93,N
34.10767,-118.51355,327.17,0.39,0.36,2025-01-11,0945,N21,VIIRS,n,2.0NRT,308.54,22.93,N
34.10701,-118.5094,347.84,0.39,0.36,2025-01-11,0945,N21,VIIRS,n,2.0NRT,299.57,26.51,N
34.11361,-118.55064,301.89,0.39,0.36,2025-01-11,0945,N21,VIIRS,n,2.0NRT,284.54,33.84,N
34.11163,-118.53825,312.52,0.39,0.36,2025-01-11,0945,N21,VIIRS,n,2.0NRT,287.93,11.09,N
34.11097,-118.53412,300.96,0.39,0.36,2025-01-11,0945,N21,VIIRS,n,2.0NRT,284.35,0.99,N
34.11031,-118.53,296.64,0.39,0.36,2025-01-11,0945,N21,VIIRS,n,2.0NRT,283.62,0.99,N
34.10965,-118.52587,296.29,0.39,0.36,2025-01-11,0945,N21,VIIRS,n,2.0NRT,283.79,3.73,N
34.10899,-118.52174,304.12,0.39,0.36,2025-01-11,0945,N21,VIIRS,n,2.0NRT,284.36,3.73,N
34.10634,-118.50524,318.68,0.39,0.36,2025-01-11,0945,N21,VIIRS,n,2.0NRT,283.01,26.51,N
34.10505,-118.5184,331.15,0.39,0.36,2025-01-11,0945,N21,VIIRS,n,2.0NRT,285.67,31.49,N
34.10439,-118.51429,329.69,0.39,0.36,2025-01-11,0945,N21,VIIRS,n,2.0NRT,316.67,31.49,N
34.10373,-118.51016,338.13,0.39,0.36,2025-01-11,0945,N21,VIIRS,n,2.0NRT,310.46,52.91,N
34.11034,-118.55141,305.02,0.39,0.36,2025-01-11,0945,N21,VIIRS,n,2.0NRT,288.89,0.92,N
34.10968,-118.54729,309.6,0.39,0.36,2025-01-11,0945,N21,VIIRS,n,2.0NRT,287.49,0.92,N
34.10902,-118.54315,313.59,0.39,0.36,2025-01-11,0945,N21,VIIRS,n,2.0NRT,290.21,1.03,N
34.10836,-118.53902,302.37,0.39,0.36,2025-01-11,0945,N21,VIIRS,n,2.0NRT,287,1.03,N
34.10306,-118.506,301.03,0.39,0.36,2025-01-11,0945,N21,VIIRS,n,2.0NRT,281.39,52.91,N
34.10112,-118.51504,333.81,0.39,0.36,2025-01-11,0945,N21,VIIRS,n,2.0NRT,296.55,31.49,N
34.10707,-118.55219,296.82,0.39,0.36,2025-01-11,0945,N21,VIIRS,n,2.0NRT,286.52,0.92,N
34.10641,-118.54807,301.27,0.39,0.36,2025-01-11,0945,N21,VIIRS,n,2.0NRT,287.49,0.92,N
34.10575,-118.54393,298.46,0.39,0.36,2025-01-11,0945,N21,VIIRS,n,2.0NRT,286.29,1.03,N
34.03463,-118.10531,302.39,0.39,0.36,2025-01-11,0945,N21,VIIRS,n,2.0NRT,279.84,0.7,N
34.09718,-118.51167,298.26,0.39,0.36,2025-01-11,0945,N21,VIIRS,n,2.0NRT,282.38,0.8,N
33.79252,-117.47765,295.63,0.4,0.37,2025-01-11,0945,N21,VIIRS,n,2.0NRT,277.55,0.87,N
33.7918,-117.47342,299.21,0.4,0.37,2025-01-11,0945,N21,VIIRS,n,2.0NRT,277.07,1.01,N
33.92633,-118.42818,305.65,0.39,0.36,2025-01-11,0945,N21,VIIRS,n,2.0NRT,279.85,0.84,N
33.90527,-118.40314,299.4,0.39,0.36,2025-01-11,0945,N21,VIIRS,n,2.0NRT,285.83,1.17,N
33.85318,-118.33386,301.87,0.39,0.36,2025-01-11,0945,N21,VIIRS,n,2.0NRT,288.15,0.93,N
33.85251,-118.32973,299.28,0.39,0.36,2025-01-11,0945,N21,VIIRS,n,2.0NRT,286.53,0.93,N
33.81797,-118.2434,299.71,0.39,0.36,2025-01-11,0945,N21,VIIRS,n,2.0NRT,285.47,1.44,N
33.81332,-118.2359,296.8,0.39,0.36,2025-01-11,0945,N21,VIIRS,n,2.0NRT,284.36,1.5,N
33.71657,-117.71253,299.08,0.4,0.37,2025-01-11,0945,N21,VIIRS,n,2.0NRT,281.13,0.71,N
33.79424,-118.35106,295.48,0.39,0.36,2025-01-11,0945,N21,VIIRS,n,2.0NRT,280.05,0.27,N
33.61184,-117.82329,309.81,0.39,0.36,2025-01-11,0945,N21,VIIRS,n,2.0NRT,280.87,1.22,N
33.49086,-117.61624,302.79,0.4,0.37,2025-01-11,0945,N21,VIIRS,n,2.0NRT,279.44,1,N
32.85837,-117.03039,308.46,0.41,0.37,2025-01-11,0945,N21,VIIRS,n,2.0NRT,275.82,0.86,N
32.85799,-117.14821,299.36,0.41,0.37,2025-01-11,0945,N21,VIIRS,n,2.0NRT,275.08,0.51,N
32.85703,-117.14643,298.88,0.41,0.37,2025-01-11,0945,N21,VIIRS,n,2.0NRT,275.12,0.8,N
32.59671,-117.01166,307.55,0.42,0.38,2025-01-11,0945,N21,VIIRS,n,2.0NRT,278.09,1.44,N
32.51418,-116.88554,300.63,0.42,0.38,2025-01-11,0945,N21,VIIRS,n,2.0NRT,278.25,0.8,N
32.50373,-116.84687,295.58,0.42,0.38,2025-01-11,0945,N21,VIIRS,n,2.0NRT,278.25,0.56,N
32.37283,-117.0667,304.14,0.42,0.38,2025-01-11,0945,N21,VIIRS,n,2.0NRT,278.55,1.21,N
34.08194,-118.51232,347.85,0.41,0.37,2025-01-11,2103,N21,VIIRS,n,2.0NRT,321.09,22.52,D
34.08134,-118.51671,338.71,0.41,0.37,2025-01-11,2103,N21,VIIRS,n,2.0NRT,299.12,22.52,D
34.08303,-118.5106,350.16,0.41,0.37,2025-01-11,2103,N21,VIIRS,n,2.0NRT,314.21,41.61,D
34.08244,-118.515,367,0.41,0.37,2025-01-11,2103,N21,VIIRS,l,2.0NRT,325.28,41.61,D
34.0864,-118.51138,346.36,0.41,0.37,2025-01-11,2103,N21,VIIRS,n,2.0NRT,303.94,41.61,D
34.0892,-118.5165,350.07,0.41,0.37,2025-01-11,2103,N21,VIIRS,n,2.0NRT,314.78,8.78,D
34.09037,-118.50768,367,0.41,0.37,2025-01-11,2103,N21,VIIRS,l,2.0NRT,329.12,135.3,D
34.09257,-118.51725,347.45,0.41,0.37,2025-01-11,2103,N21,VIIRS,n,2.0NRT,312.56,8.78,D
34.09773,-118.50465,344.04,0.41,0.37,2025-01-11,2103,N21,VIIRS,n,2.0NRT,297.75,27.23,D
34.09712,-118.50921,367,0.41,0.37,2025-01-11,2103,N21,VIIRS,l,2.0NRT,325.52,27.23,D
34.10111,-118.50536,342.94,0.41,0.37,2025-01-11,2103,N21,VIIRS,l,2.0NRT,316.38,27.23,D
34.10449,-118.50608,347.46,0.41,0.37,2025-01-11,2103,N21,VIIRS,n,2.0NRT,303.68,7.54,D
34.10271,-118.51936,349.63,0.41,0.37,2025-01-11,2103,N21,VIIRS,n,2.0NRT,315.44,13.59,D
34.10787,-118.50684,348.18,0.41,0.37,2025-01-11,2103,N21,VIIRS,n,2.0NRT,308.32,7.54,D
34.15326,-118.19147,328.14,0.42,0.37,2025-01-11,2103,N21,VIIRS,n,2.0NRT,299.98,2.67,D
34.11207,-118.55307,367,0.41,0.37,2025-01-11,2103,N21,VIIRS,h,2.0NRT,301.95,11.17,D
34.11267,-118.54858,352.71,0.41,0.37,2025-01-11,2103,N21,VIIRS,n,2.0NRT,306.82,9.65,D
34.11801,-118.50899,367,0.41,0.37,2025-01-11,2103,N21,VIIRS,l,2.0NRT,335.08,51.29,D
34.11606,-118.54923,367,0.41,0.37,2025-01-11,2103,N21,VIIRS,h,2.0NRT,317.38,9.65,D
34.12079,-118.51412,337.59,0.41,0.37,2025-01-11,2103,N21,VIIRS,l,2.0NRT,308.86,51.29,D
34.11666,-118.54476,349.22,0.41,0.37,2025-01-11,2103,N21,VIIRS,n,2.0NRT,312.93,9.65,D
34.11546,-118.5537,354.37,0.41,0.37,2025-01-11,2103,N21,VIIRS,n,2.0NRT,308.45,11.17,D
34.11486,-118.55811,337.97,0.41,0.37,2025-01-11,2103,N21,VIIRS,n,2.0NRT,291.82,11.17,D
34.11944,-118.5499,367,0.41,0.37,2025-01-11,2103,N21,VIIRS,h,2.0NRT,370.37,0,D
34.11884,-118.55435,367,0.41,0.37,2025-01-11,2103,N21,VIIRS,h,2.0NRT,346.13,0,D
34.12418,-118.51479,354.17,0.41,0.37,2025-01-11,2103,N21,VIIRS,n,2.0NRT,321.99,21.77,D
34.12063,-118.54105,340.6,0.41,0.37,2025-01-11,2103,N21,VIIRS,n,2.0NRT,312.05,10.34,D
34.11825,-118.55871,340.45,0.41,0.37,2025-01-11,2103,N21,VIIRS,n,2.0NRT,292.75,0,D
34.12004,-118.54545,355.24,0.41,0.37,2025-01-11,2103,N21,VIIRS,l,2.0NRT,336.7,0,D
34.12402,-118.54175,367,0.41,0.37,2025-01-11,2103,N21,VIIRS,h,2.0NRT,325.77,10.34,D
34.12343,-118.54609,367,0.41,0.37,2025-01-11,2103,N21,VIIRS,h,2.0NRT,361.32,0,D
34.12697,-118.51987,352.55,0.41,0.37,2025-01-11,2103,N21,VIIRS,n,2.0NRT,315.58,15.49,D
34.12164,-118.55933,340.09,0.41,0.37,2025-01-11,2103,N21,VIIRS,n,2.0NRT,293.02,0,D
34.12756,-118.51547,352.99,0.41,0.37,2025-01-11,2103,N21,VIIRS,l,2.0NRT,333.16,21.77,D
34.12282,-118.55055,367,0.41,0.37,2025-01-11,2103,N21,VIIRS,l,2.0NRT,371.53,0,D
34.12222,-118.55501,367,0.41,0.37,2025-01-11,2103,N21,VIIRS,l,2.0NRT,365.77,0,D
34.1274,-118.5424,367,0.41,0.37,2025-01-11,2103,N21,VIIRS,h,2.0NRT,313.91,8.38,D
34.12621,-118.55121,367,0.41,0.37,2025-01-11,2103,N21,VIIRS,h,2.0NRT,335.64,127.64,D
34.12798,-118.53809,336.78,0.41,0.37,2025-01-11,2103,N21,VIIRS,n,2.0NRT,310.69,8.38,D
34.12681,-118.54675,367,0.41,0.37,2025-01-11,2103,N21,VIIRS,l,2.0NRT,329.38,127.64,D
34.292,-118.80138,328,0.4,0.37,2025-01-11,2103,N21,VIIRS,n,2.0NRT,299.96,2.53,D
34.33388,-118.51743,330.89,0.41,0.37,2025-01-11,2103,N21,VIIRS,n,2.0NRT,298.97,1.47,D
34.42897,-118.64238,326.27,0.41,0.37,2025-01-11,2103,N21,VIIRS,l,2.0NRT,298.16,1.48,D
36.43175,-120.95673,328.7,0.38,0.36,2025-01-11,2103,N21,VIIRS,n,2.0NRT,291.92,12.92,D
34.60767,-117.3382,315.38,0.44,0.38,2025-01-12,0926,N21,VIIRS,n,2.0NRT,278.75,1.58,N
34.49111,-117.47208,312.99,0.44,0.39,2025-01-12,0926,N21,VIIRS,n,2.0NRT,268.97,2.25,N
34.43165,-118.64709,299.36,0.5,0.41,2025-01-12,0926,N21,VIIRS,n,2.0NRT,278.55,1.79,N
34.4295,-118.64468,311.54,0.49,0.41,2025-01-12,0926,N21,VIIRS,n,2.0NRT,279.2,1.94,N
34.33514,-118.51858,307.73,0.49,0.4,2025-01-12,0926,N21,VIIRS,n,2.0NRT,279.67,1.49,N
34.3192,-118.51084,297.38,0.49,0.4,2025-01-12,0926,N21,VIIRS,n,2.0NRT,280.07,0.55,N
34.14253,-117.42935,304.65,0.44,0.38,2025-01-12,0926,N21,VIIRS,n,2.0NRT,278.61,0.8,N
34.24451,-118.38287,299.69,0.48,0.4,2025-01-12,0926,N21,VIIRS,n,2.0NRT,279.47,0.71,N
34.21602,-118.15073,299.7,0.47,0.4,2025-01-12,0926,N21,VIIRS,n,2.0NRT,283.54,1.01,N
34.29096,-118.80214,314.65,0.5,0.41,2025-01-12,0926,N21,VIIRS,n,2.0NRT,279.32,1.63,N
34.15428,-118.19582,297.63,0.47,0.4,2025-01-12,0926,N21,VIIRS,n,2.0NRT,280.74,0.72,N
34.15364,-118.19074,304.1,0.47,0.4,2025-01-12,0926,N21,VIIRS,n,2.0NRT,281.12,0.72,N
33.95466,-117.12217,296.58,0.43,0.38,2025-01-12,0926,N21,VIIRS,n,2.0NRT,277.99,0.56,N
34.04108,-117.82034,297.81,0.45,0.39,2025-01-12,0926,N21,VIIRS,n,2.0NRT,277.54,0.43,N
34.1473,-118.72343,302,0.5,0.41,2025-01-12,0926,N21,VIIRS,n,2.0NRT,282.26,0.71,N
34.11783,-118.5066,303.86,0.48,0.4,2025-01-12,0926,N21,VIIRS,n,2.0NRT,286.01,1.73,N
34.11355,-118.50216,308.58,0.48,0.4,2025-01-12,0926,N21,VIIRS,n,2.0NRT,286.4,2.45,N
34.09158,-118.50646,297.71,0.48,0.4,2025-01-12,0926,N21,VIIRS,n,2.0NRT,283.72,1.16,N
33.8758,-116.99989,296.04,0.42,0.38,2025-01-12,0926,N21,VIIRS,n,2.0NRT,279.16,0.52,N
33.79459,-117.47302,309.32,0.44,0.38,2025-01-12,0926,N21,VIIRS,n,2.0NRT,281.43,1.4,N
33.85492,-118.33295,295.27,0.47,0.4,2025-01-12,0926,N21,VIIRS,n,2.0NRT,283.11,1.06,N
33.85129,-118.33357,300.97,0.47,0.4,2025-01-12,0926,N21,VIIRS,n,2.0NRT,286.52,1.06,N
33.82089,-118.24253,297.71,0.47,0.4,2025-01-12,0926,N21,VIIRS,n,2.0NRT,284.89,1.07,N
33.81302,-118.23875,295.53,0.47,0.4,2025-01-12,0926,N21,VIIRS,n,2.0NRT,285.23,1.45,N
33.71666,-117.70842,301.64,0.45,0.39,2025-01-12,0926,N21,VIIRS,n,2.0NRT,284.04,1.01,N
33.73591,-118.27292,296.4,0.47,0.4,2025-01-12,0926,N21,VIIRS,n,2.0NRT,281.25,0.65,N
33.61236,-117.82384,308.32,0.45,0.39,2025-01-12,0926,N21,VIIRS,n,2.0NRT,283.58,1.13,N
33.49221,-117.61919,301.86,0.44,0.38,2025-01-12,0926,N21,VIIRS,n,2.0NRT,283.57,0.51,N
32.85748,-117.02752,305.89,0.42,0.37,2025-01-12,0926,N21,VIIRS,n,2.0NRT,275.98,1.28,N
32.85597,-117.14632,304,0.42,0.38,2025-01-12,0926,N21,VIIRS,n,2.0NRT,272.77,0.74,N
32.59957,-117.0098,299.65,0.41,0.37,2025-01-12,0926,N21,VIIRS,n,2.0NRT,276.76,0.76,N
32.59981,-117.013,310.44,0.41,0.37,2025-01-12,0926,N21,VIIRS,n,2.0NRT,276.07,1.34,N
32.37252,-117.06609,313.31,0.41,0.37,2025-01-12,0926,N21,VIIRS,n,2.0NRT,278.59,1.4,N
36.51017,-119.91885,327.8,0.44,0.38,2025-01-12,2046,N21,VIIRS,n,2.0NRT,288.26,4.5,D
34.60576,-117.33447,301.01,0.5,0.49,2025-01-13,0909,N21,VIIRS,n,2.0NRT,269.95,2.65,N
34.52231,-117.49638,297.9,0.51,0.49,2025-01-13,0909,N21,VIIRS,n,2.0NRT,266.95,1.05,N
34.42905,-118.6463,297.67,0.59,0.53,2025-01-13,0909,N21,VIIRS,n,2.0NRT,277.17,1.78,N
34.29077,-118.80264,298.59,0.6,0.53,2025-01-13,0909,N21,VIIRS,n,2.0NRT,280.68,1.41,N
34.29292,-118.80256,298.49,0.6,0.53,2025-01-13,0909,N21,VIIRS,n,2.0NRT,280.38,1.62,N
33.79161,-117.47697,299.64,0.5,0.49,2025-01-13,0909,N21,VIIRS,n,2.0NRT,274.85,1.16,N
33.85216,-118.33271,303.34,0.56,0.52,2025-01-13,0909,N21,VIIRS,n,2.0NRT,286.18,2.54,N
33.71504,-117.71025,298.7,0.51,0.5,2025-01-13,0909,N21,VIIRS,n,2.0NRT,281.91,1.18,N
33.61376,-117.82195,299.42,0.52,0.5,2025-01-13,0909,N21,VIIRS,n,2.0NRT,279.52,0.85,N
33.49301,-117.61609,295.67,0.5,0.49,2025-01-13,0909,N21,VIIRS,n,2.0NRT,280.42,0.53,N
32.85871,-117.02748,301.01,0.46,0.47,2025-01-13,0909,N21,VIIRS,n,2.0NRT,274.06,1.01,N
32.59715,-117.01203,295.88,0.46,0.47,2025-01-13,0909,N21,VIIRS,n,2.0NRT,275.56,0.78,N
32.49715,-116.83466,306.34,0.44,0.46,2025-01-13,0909,N21,VIIRS,n,2.0NRT,280.45,1.16,N
32.49771,-116.83214,304.46,0.44,0.46,2025-01-13,0909,N21,VIIRS,n,2.0NRT,280.18,0.94,N
32.50328,-117.03899,326.32,0.41,0.45,2025-01-13,2025,N21,VIIRS,n,2.0NRT,293.6,2.27,D
33.79776,-118.23189,333.17,0.45,0.47,2025-01-13,2025,N21,VIIRS,n,2.0NRT,295.78,13.64,D
33.79674,-118.23657,326.55,0.45,0.47,2025-01-13,2025,N21,VIIRS,n,2.0NRT,299.56,13.64,D
34.15218,-118.19173,325.28,0.44,0.46,2025-01-13,2025,N21,VIIRS,n,2.0NRT,295.81,2.31,D
34.60828,-117.33723,325.53,0.39,0.44,2025-01-13,2025,N21,VIIRS,n,2.0NRT,290.73,1.96,D
36.13906,-121.0973,336.54,0.57,0.52,2025-01-13,2027,N21,VIIRS,n,2.0NRT,291.67,6.11,D
36.14364,-121.09901,339.61,0.57,0.52,2025-01-13,2027,N21,VIIRS,n,2.0NRT,293.96,5.96,D
36.14336,-121.10282,328.89,0.7,0.75,2025-01-13,2207,N21,VIIRS,n,2.0NRT,292.5,9.1,D
35.78325,-119.30085,314.83,0.63,0.72,2025-01-14,0847,N21,VIIRS,n,2.0NRT,271.25,2.33,N
34.61024,-117.33608,299.9,0.47,0.64,2025-01-14,0847,N21,VIIRS,n,2.0NRT,269.48,1.42,N
34.60645,-117.33869,300.66,0.47,0.64,2025-01-14,0847,N21,VIIRS,n,2.0NRT,272.53,1.36,N
34.31078,-119.26964,295.36,0.61,0.71,2025-01-14,0847,N21,VIIRS,n,2.0NRT,277.83,0.78,N
34.23728,-119.21407,302.28,0.61,0.71,2025-01-14,0847,N21,VIIRS,n,2.0NRT,278.38,2.57,N
34.23703,-119.20746,313.16,0.6,0.71,2025-01-14,0847,N21,VIIRS,n,2.0NRT,279.51,2.57,N
34.15044,-118.19653,299.18,0.53,0.67,2025-01-14,0847,N21,VIIRS,n,2.0NRT,277.71,0.93,N
34.10116,-117.29791,310.84,0.47,0.64,2025-01-14,0847,N21,VIIRS,n,2.0NRT,275.02,2.71,N
34.09528,-117.29848,323.61,0.47,0.64,2025-01-14,0847,N21,VIIRS,n,2.0NRT,275.24,2.71,N
32.59915,-117.01223,295.39,0.44,0.62,2025-01-14,0847,N21,VIIRS,n,2.0NRT,275.06,0.48,N
32.37092,-117.0696,300.88,0.44,0.62,2025-01-14,0847,N21,VIIRS,n,2.0NRT,281.88,1.2,N
32.21701,-116.87693,367,0.42,0.61,2025-01-14,0847,N21,VIIRS,h,2.0NRT,285.74,7.86,N
32.21669,-116.87191,297.77,0.42,0.61,2025-01-14,0847,N21,VIIRS,n,2.0NRT,279.48,5.05,N
32.21201,-116.88756,367,0.42,0.61,2025-01-14,0847,N21,VIIRS,h,2.0NRT,288.35,9.53,N
32.21168,-116.88239,353.5,0.42,0.61,2025-01-14,0847,N21,VIIRS,n,2.0NRT,290.11,7.86,N
32.21232,-116.89249,312.98,0.42,0.61,2025-01-14,0847,N21,VIIRS,n,2.0NRT,280.05,9.53,N
32.21136,-116.87742,309.7,0.42,0.61,2025-01-14,0847,N21,VIIRS,n,2.0NRT,282.13,7.86,N
32.20669,-116.89335,367,0.42,0.61,2025-01-14,0847,N21,VIIRS,h,2.0NRT,295.49,26.39,N
32.20636,-116.88827,354.92,0.42,0.61,2025-01-14,0847,N21,VIIRS,n,2.0NRT,288.07,26.39,N
32.03001,-116.7517,330.6,0.42,0.61,2025-01-14,0849,N21,VIIRS,n,2.0NRT,281.23,3.6,N
32.03151,-116.74966,328.57,0.41,0.61,2025-01-14,0849,N21,VIIRS,n,2.0NRT,281.27,2.75,N
34.60973,-117.33771,299.36,0.44,0.63,2025-01-14,1028,N21,VIIRS,n,2.0NRT,268.89,1.54,N
34.60859,-117.33341,296.07,0.44,0.63,2025-01-14,1028,N21,VIIRS,n,2.0NRT,268.79,1.54,N
34.42971,-118.64364,301.16,0.38,0.59,2025-01-14,1028,N21,VIIRS,n,2.0NRT,276.75,0.86,N
34.33528,-118.51752,301.12,0.39,0.59,2025-01-14,1028,N21,VIIRS,n,2.0NRT,277.88,1.13,N
34.1511,-118.19043,299.36,0.41,0.6,2025-01-14,1028,N21,VIIRS,n,2.0NRT,276.55,0.75,N
34.34404,-119.01264,295.65,0.36,0.58,2025-01-14,1028,N21,VIIRS,n,2.0NRT,279.48,0.44,N
34.31303,-119.26874,306.95,0.35,0.57,2025-01-14,1028,N21,VIIRS,n,2.0NRT,280.22,0.71,N
34.23782,-119.20943,303.89,0.36,0.57,2025-01-14,1028,N21,VIIRS,n,2.0NRT,275.83,1.85,N
34.23689,-119.20575,301.88,0.36,0.57,2025-01-14,1028,N21,VIIRS,n,2.0NRT,276.57,1.37,N
34.23705,-119.21196,297.81,0.36,0.57,2025-01-14,1028,N21,VIIRS,n,2.0NRT,276.34,1.05,N
34.23614,-119.20829,307.7,0.36,0.57,2025-01-14,1028,N21,VIIRS,n,2.0NRT,278.38,1.05,N
34.23523,-119.20459,298.89,0.36,0.57,2025-01-14,1028,N21,VIIRS,n,2.0NRT,277.05,0.89,N
33.79489,-117.47394,295.84,0.46,0.63,2025-01-14,1028,N21,VIIRS,n,2.0NRT,275.19,0.98,N
33.85295,-118.33262,302.96,0.41,0.6,2025-01-14,1028,N21,VIIRS,n,2.0NRT,285.22,1.75,N
33.81821,-118.24345,300.28,0.41,0.61,2025-01-14,1028,N21,VIIRS,n,2.0NRT,284.48,1.67,N
32.52856,-116.78096,301.45,0.54,0.68,2025-01-14,1028,N21,VIIRS,n,2.0NRT,276.45,1.21,N
32.21912,-116.87249,322.43,0.54,0.68,2025-01-14,1030,N21,VIIRS,n,2.0NRT,280.69,12.8,N
32.22043,-116.87727,314.28,0.54,0.68,2025-01-14,1030,N21,VIIRS,n,2.0NRT,279.82,12.8,N
32.21585,-116.88449,333.61,0.54,0.68,2025-01-14,1030,N21,VIIRS,n,2.0NRT,281.11,10.84,N
32.2145,-116.87955,367,0.54,0.68,2025-01-14,1030,N21,VIIRS,h,2.0NRT,289.05,12.8,N
32.2132,-116.87482,367,0.54,0.68,2025-01-14,1030,N21,VIIRS,h,2.0NRT,290,12.8,N
32.21112,-116.89114,367,0.54,0.68,2025-01-14,1030,N21,VIIRS,h,2.0NRT,286.34,21.32,N
32.20978,-116.88623,350.91,0.54,0.68,2025-01-14,1030,N21,VIIRS,n,2.0NRT,294.32,21.32,N
32.20847,-116.88146,313.54,0.54,0.68,2025-01-14,1030,N21,VIIRS,n,2.0NRT,284.19,5.44,N
32.20713,-116.87661,312.89,0.54,0.68,2025-01-14,1030,N21,VIIRS,n,2.0NRT,281.97,5.44,N
32.2051,-116.89304,367,0.54,0.68,2025-01-14,1030,N21,VIIRS,h,2.0NRT,297.43,21.32,N
32.2065,-116.89817,299.12,0.54,0.68,2025-01-14,1030,N21,VIIRS,n,2.0NRT,280.84,16.53,N
32.20376,-116.88818,313.47,0.54,0.68,2025-01-14,1030,N21,VIIRS,n,2.0NRT,282.6,21.32,N
32.20518,-116.89434,367,0.54,0.68,2025-01-14,1030,N21,VIIRS,h,2.0NRT,293.08,27.33,N
32.20384,-116.88933,340.33,0.54,0.68,2025-01-14,1030,N21,VIIRS,n,2.0NRT,284.85,18.62,N
32.2167,-116.87064,346.56,0.38,0.59,2025-01-14,2008,N21,VIIRS,n,2.0NRT,296.77,5.79,D
32.2157,-116.87473,338.28,0.38,0.59,2025-01-14,2008,N21,VIIRS,n,2.0NRT,294.84,5.79,D
32.21493,-116.87132,367,0.38,0.59,2025-01-14,2008,N21,VIIRS,h,2.0NRT,299.38,9.51,D
32.5393,-116.64179,334.39,0.36,0.58,2025-01-14,2008,N21,VIIRS,n,2.0NRT,289.66,14.49,D
32.53839,-116.64544,352.46,0.36,0.58,2025-01-14,2008,N21,VIIRS,n,2.0NRT,298.92,14.92,D
32.53748,-116.64912,334.64,0.36,0.58,2025-01-14,2008,N21,VIIRS,n,2.0NRT,287.61,14.92,D
32.54427,-116.64397,354.98,0.36,0.58,2025-01-14,2008,N21,VIIRS,n,2.0NRT,295.04,6.36,D
33.77243,-117.03182,355.17,0.36,0.57,2025-01-14,2008,N21,VIIRS,n,2.0NRT,295.05,6.06,D
33.98922,-117.3893,327.51,0.37,0.58,2025-01-14,2008,N21,VIIRS,n,2.0NRT,290.04,2.62,D
33.99426,-117.39142,351.62,0.37,0.58,2025-01-14,2008,N21,VIIRS,n,2.0NRT,294.51,8,D
37.01276,-121.35585,331.5,0.5,0.66,2025-01-14,2008,N21,VIIRS,n,2.0NRT,290.82,4.59,D
37.16468,-121.01977,343.73,0.48,0.65,2025-01-14,2008,N21,VIIRS,n,2.0NRT,288.05,4.99,D
37.16351,-121.02142,326.31,0.48,0.65,2025-01-14,2008,N21,VIIRS,n,2.0NRT,286.38,6.06,D
33.093,-115.53941,334.6,0.75,0.77,2025-01-14,2148,N21,VIIRS,n,2.0NRT,296.81,6.63,D
33.09072,-115.5399,331.96,0.75,0.77,2025-01-14,2148,N21,VIIRS,n,2.0NRT,295.27,8.86,D
34.2394,-118.59371,332.34,0.5,0.66,2025-01-14,2148,N21,VIIRS,n,2.0NRT,293.4,3.56,D
34.24058,-118.59633,336.12,0.5,0.66,2025-01-14,2148,N21,VIIRS,n,2.0NRT,293.96,4.7,D
36.17702,-121.12624,367,0.37,0.58,2025-01-14,2148,N21,VIIRS,h,2.0NRT,295.57,7.3,D
36.17727,-121.12201,342.44,0.37,0.58,2025-01-14,2148,N21,VIIRS,n,2.0NRT,296.89,7.3,D
32.53848,-116.62861,312.07,0.8,0.78,2025-01-15,0830,N21,VIIRS,n,2.0NRT,277.39,5.53,N
32.53605,-116.63046,304.97,0.79,0.78,2025-01-15,0830,N21,VIIRS,n,2.0NRT,277.7,3.61,N
32.53578,-116.62094,298.56,0.79,0.78,2025-01-15,0830,N21,VIIRS,n,2.0NRT,279.67,4.41,N
37.02517,-120.19855,301.41,0.47,0.4,2025-01-15,1010,N21,VIIRS,n,2.0NRT,275.38,0.73,N
34.62272,-117.10167,300.59,0.5,0.49,2025-01-15,1010,N21,VIIRS,n,2.0NRT,275.23,1.64,N
34.60595,-117.33685,302.94,0.48,0.48,2025-01-15,1010,N21,VIIRS,n,2.0NRT,272.48,1.66,N
34.35412,-116.85124,296.02,0.52,0.5,2025-01-15,1010,N21,VIIRS,n,2.0NRT,274.57,0.89,N
34.1279,-117.29064,336.13,0.5,0.49,2025-01-15,1010,N21,VIIRS,n,2.0NRT,276.93,6.76,N
34.42767,-118.64357,307.92,0.41,0.45,2025-01-15,1010,N21,VIIRS,n,2.0NRT,279.77,1.65,N
34.42869,-118.645,306.32,0.41,0.45,2025-01-15,1010,N21,VIIRS,n,2.0NRT,279.84,1.51,N
34.1289,-117.29095,335.54,0.5,0.49,2025-01-15,1010,N21,VIIRS,n,2.0NRT,275.72,5.09,N
34.12774,-117.2857,310.19,0.5,0.49,2025-01-15,1010,N21,VIIRS,n,2.0NRT,274.48,5.09,N
34.33366,-118.52145,309.7,0.42,0.45,2025-01-15,1010,N21,VIIRS,n,2.0NRT,278.26,1.03,N
34.31848,-118.51123,295.31,0.42,0.45,2025-01-15,1010,N21,VIIRS,n,2.0NRT,279.34,0.71,N
34.34402,-119.01305,295.63,0.4,0.44,2025-01-15,1010,N21,VIIRS,n,2.0NRT,283.29,0.32,N
34.15268,-118.19499,304.22,0.44,0.46,2025-01-15,1010,N21,VIIRS,n,2.0NRT,278,1.06,N
34.15164,-118.19025,295.39,0.44,0.46,2025-01-15,1010,N21,VIIRS,n,2.0NRT,280.08,1.19,N
34.31115,-119.26785,302.94,0.39,0.44,2025-01-15,1010,N21,VIIRS,n,2.0NRT,285.07,0.61,N
33.85425,-118.33172,296.51,0.44,0.46,2025-01-15,1010,N21,VIIRS,n,2.0NRT,283.2,1.86,N
33.71405,-117.7123,301.96,0.48,0.48,2025-01-15,1010,N21,VIIRS,n,2.0NRT,283.34,0.82,N
33.81737,-118.2435,297.66,0.45,0.47,2025-01-15,1010,N21,VIIRS,n,2.0NRT,283.44,2.03,N
33.80386,-118.24277,296.16,0.45,0.47,2025-01-15,1010,N21,VIIRS,n,2.0NRT,283.68,1.37,N
33.61363,-117.82095,303.5,0.48,0.48,2025-01-15,1010,N21,VIIRS,n,2.0NRT,279.25,0.85,N
32.54123,-116.61371,303.64,0.59,0.53,2025-01-15,1010,N21,VIIRS,n,2.0NRT,278.5,9.1,N
32.53993,-116.6082,314.32,0.59,0.53,2025-01-15,1010,N21,VIIRS,n,2.0NRT,277.76,9.1,N
32.53653,-116.6151,336.53,0.59,0.53,2025-01-15,1010,N21,VIIRS,n,2.0NRT,284.79,9.1,N
32.53525,-116.60969,334.32,0.59,0.53,2025-01-15,1010,N21,VIIRS,n,2.0NRT,280.95,9.1,N
32.53315,-116.62212,296.56,0.59,0.53,2025-01-15,1010,N21,VIIRS,n,2.0NRT,280.17,2.1,N
32.53986,-116.60834,326.06,0.59,0.53,2025-01-15,1010,N21,VIIRS,n,2.0NRT,278.71,9.26,N
32.54113,-116.6139,301.29,0.59,0.53,2025-01-15,1010,N21,VIIRS,n,2.0NRT,278.86,9.25,N
32.53643,-116.6153,336.3,0.59,0.53,2025-01-15,1010,N21,VIIRS,n,2.0NRT,282.91,9.25,N
32.53518,-116.60986,334.23,0.59,0.53,2025-01-15,1010,N21,VIIRS,n,2.0NRT,281.85,9.26,N
32.53302,-116.62232,296.34,0.59,0.53,2025-01-15,1010,N21,VIIRS,n,2.0NRT,279.98,1.21,N
32.37344,-117.06764,297.09,0.56,0.51,2025-01-15,1010,N21,VIIRS,n,2.0NRT,282.12,1.25,N
32.09526,-116.86455,296.81,0.58,0.52,2025-01-15,1010,N21,VIIRS,n,2.0NRT,277.37,1.12,N
32.39945,-117.04594,335.2,0.71,0.75,2025-01-15,1946,N21,VIIRS,n,2.0NRT,291.91,7.25,D
36.11892,-121.0722,334.03,0.41,0.45,2025-01-15,2129,N21,VIIRS,n,2.0NRT,297.21,3.72,D
36.17524,-121.12446,339.17,0.41,0.45,2025-01-15,2129,N21,VIIRS,n,2.0NRT,300.68,15.33,D
36.1748,-121.12899,335.49,0.41,0.45,2025-01-15,2129,N21,VIIRS,n,2.0NRT,298.98,15.33,D
37.02371,-120.19527,313.64,0.39,0.36,2025-01-16,0949,N21,VIIRS,n,2.0NRT,275.54,1.25,N
36.71357,-121.7661,297.89,0.4,0.37,2025-01-16,0949,N21,VIIRS,n,2.0NRT,276.71,0.54,N
34.6202,-117.09837,299.23,0.44,0.39,2025-01-16,0949,N21,VIIRS,n,2.0NRT,273.42,0.91,N
34.62318,-117.09956,297.9,0.44,0.39,2025-01-16,0949,N21,VIIRS,n,2.0NRT,272.2,1.78,N
34.6086,-117.33823,308.23,0.43,0.38,2025-01-16,0951,N21,VIIRS,n,2.0NRT,273.3,1.23,N
34.35413,-116.854,300.49,0.46,0.39,2025-01-16,0951,N21,VIIRS,n,2.0NRT,275.08,1.4,N
34.35419,-116.85145,298.46,0.46,0.39,2025-01-16,0951,N21,VIIRS,n,2.0NRT,275.61,1.1,N
34.43161,-118.64623,303.57,0.4,0.37,2025-01-16,0951,N21,VIIRS,n,2.0NRT,275.69,1.51,N
34.42828,-118.647,295.06,0.4,0.37,2025-01-16,0951,N21,VIIRS,n,2.0NRT,273.8,0.61,N
34.14136,-117.42631,305.49,0.44,0.38,2025-01-16,0951,N21,VIIRS,n,2.0NRT,279.24,0.77,N
34.33308,-118.5184,321.16,0.4,0.37,2025-01-16,0951,N21,VIIRS,n,2.0NRT,279.64,1.25,N
34.31984,-118.51128,306.09,0.41,0.37,2025-01-16,0951,N21,VIIRS,n,2.0NRT,279.4,0.64,N
34.2414,-118.38066,297.27,0.41,0.37,2025-01-16,0951,N21,VIIRS,n,2.0NRT,275.54,0.7,N
34.15197,-118.19524,311.47,0.41,0.37,2025-01-16,0951,N21,VIIRS,n,2.0NRT,280.16,2.09,N
34.31385,-119.2692,317.69,0.39,0.36,2025-01-16,0951,N21,VIIRS,n,2.0NRT,284.29,1,N
34.03996,-117.82185,300.39,0.43,0.38,2025-01-16,0951,N21,VIIRS,n,2.0NRT,278.11,0.71,N
34.03357,-118.10448,303.46,0.42,0.37,2025-01-16,0951,N21,VIIRS,n,2.0NRT,277.56,0.57,N
34.03393,-118.10661,297.46,0.42,0.37,2025-01-16,0951,N21,VIIRS,n,2.0NRT,277.9,0.54,N
33.79359,-117.47399,308.76,0.44,0.38,2025-01-16,0951,N21,VIIRS,n,2.0NRT,277.5,1.7,N
33.90572,-118.40434,299.9,0.41,0.37,2025-01-16,0951,N21,VIIRS,n,2.0NRT,285.06,1.34,N
33.85405,-118.33046,295.61,0.41,0.37,2025-01-16,0951,N21,VIIRS,n,2.0NRT,283.05,0.66,N
33.85397,-118.333,301.14,0.41,0.37,2025-01-16,0951,N21,VIIRS,n,2.0NRT,286.05,1.83,N
33.82098,-118.24478,296.93,0.42,0.37,2025-01-16,0951,N21,VIIRS,n,2.0NRT,281.9,1.2,N
33.71533,-117.70898,310.2,0.43,0.38,2025-01-16,0951,N21,VIIRS,n,2.0NRT,281.46,0.94,N
33.7734,-118.2153,304.43,0.42,0.37,2025-01-16,0951,N21,VIIRS,n,2.0NRT,281.28,0.77,N
33.79332,-118.34856,296.25,0.41,0.37,2025-01-16,0951,N21,VIIRS,n,2.0NRT,277.25,0.42,N
33.61163,-117.82362,307.35,0.43,0.38,2025-01-16,0951,N21,VIIRS,n,2.0NRT,278.35,1.24,N
32.85662,-117.02976,303.02,0.47,0.4,2025-01-16,0951,N21,VIIRS,n,2.0NRT,272.69,1.18,N
32.59786,-117.01077,301.91,0.47,0.4,2025-01-16,0951,N21,VIIRS,n,2.0NRT,276.23,1.17,N
32.40333,-116.74401,299,0.49,0.4,2025-01-16,0951,N21,VIIRS,n,2.0NRT,275.96,0.79,N
32.37373,-117.06891,298.58,0.47,0.4,2025-01-16,0951,N21,VIIRS,n,2.0NRT,279.16,1.11,N
33.09918,-115.40672,326.38,0.42,0.45,2025-01-16,2110,N21,VIIRS,n,2.0NRT,297.98,7.29,D
33.09873,-115.41118,338.68,0.42,0.45,2025-01-16,2110,N21,VIIRS,n,2.0NRT,305.76,7.29,D
33.10334,-115.4073,334.47,0.42,0.45,2025-01-16,2110,N21,VIIRS,n,2.0NRT,297.61,7.29,D
33.10288,-115.41177,340.35,0.42,0.45,2025-01-16,2110,N21,VIIRS,n,2.0NRT,305.45,7.29,D
33.1407,-115.49414,337.52,0.42,0.45,2025-01-16,2110,N21,VIIRS,n,2.0NRT,298.43,22.81,D
33.14162,-115.48526,367,0.42,0.45,2025-01-16,2110,N21,VIIRS,l,2.0NRT,332.46,136.48,D
33.14116,-115.4897,367,0.42,0.45,2025-01-16,2110,N21,VIIRS,l,2.0NRT,354.06,136.48,D
33.14576,-115.48586,351.38,0.42,0.45,2025-01-16,2110,N21,VIIRS,n,2.0NRT,310.39,136.48,D
33.14529,-115.4903,350.26,0.42,0.45,2025-01-16,2110,N21,VIIRS,n,2.0NRT,303.91,136.48,D
33.14772,-115.48952,367,0.42,0.45,2025-01-16,2110,N21,VIIRS,h,2.0NRT,296.2,10.22,D
33.14816,-115.48507,341.83,0.42,0.45,2025-01-16,2110,N21,VIIRS,n,2.0NRT,289.8,10.22,D
36.35614,-119.20414,325.25,0.45,0.39,2025-01-16,2110,N21,VIIRS,n,2.0NRT,292.55,1.14,D
36.17089,-121.11122,331.99,0.4,0.37,2025-01-16,2110,N21,VIIRS,n,2.0NRT,295.65,2.95,D
36.21853,-121.18936,332.77,0.4,0.37,2025-01-16,2110,N21,VIIRS,n,2.0NRT,296.91,7.16,D
36.80404,-121.78177,324.07,0.42,0.45,2025-01-17,0932,N21,VIIRS,n,2.0NRT,280.09,3.08,N
34.62268,-117.09889,303.41,0.4,0.37,2025-01-17,0932,N21,VIIRS,n,2.0NRT,274.62,1.15,N
34.60874,-117.33649,305.98,0.4,0.37,2025-01-17,0932,N21,VIIRS,n,2.0NRT,276.74,1.5,N
34.35499,-116.85074,302.22,0.39,0.36,2025-01-17,0932,N21,VIIRS,n,2.0NRT,275.54,1.35,N
34.4295,-118.64355,314.63,0.43,0.38,2025-01-17,0932,N21,VIIRS,n,2.0NRT,273.65,2.33,N
34.33349,-118.52119,318.01,0.43,0.38,2025-01-17,0932,N21,VIIRS,n,2.0NRT,277.2,1.78,N
34.3179,-118.51034,301.61,0.43,0.38,2025-01-17,0932,N21,VIIRS,n,2.0NRT,277.22,0.81,N
34.14192,-117.42704,300.1,0.4,0.37,2025-01-17,0932,N21,VIIRS,n,2.0NRT,275.44,0.79,N
34.24176,-118.38271,299.66,0.42,0.38,2025-01-17,0932,N21,VIIRS,n,2.0NRT,275.41,0.65,N
34.29086,-118.80411,311.48,0.44,0.38,2025-01-17,0932,N21,VIIRS,n,2.0NRT,275.32,1.95,N
34.07789,-117.50033,296.98,0.4,0.37,2025-01-17,0932,N21,VIIRS,n,2.0NRT,277.98,1.02,N
34.15271,-118.19149,315.42,0.42,0.37,2025-01-17,0932,N21,VIIRS,n,2.0NRT,277.91,1.07,N
33.9558,-117.12156,295.98,0.39,0.36,2025-01-17,0932,N21,VIIRS,n,2.0NRT,274.46,0.58,N
33.79276,-117.47491,311.47,0.4,0.37,2025-01-17,0932,N21,VIIRS,n,2.0NRT,276.09,1.56,N
33.85334,-118.33277,297.37,0.42,0.37,2025-01-17,0932,N21,VIIRS,n,2.0NRT,284.07,0.78,N
33.71409,-117.71011,305.66,0.4,0.37,2025-01-17,0932,N21,VIIRS,n,2.0NRT,279.82,1.38,N
33.61432,-117.82152,307.67,0.4,0.37,2025-01-17,0932,N21,VIIRS,n,2.0NRT,280,1.02,N
33.49001,-117.61571,303.57,0.4,0.37,2025-01-17,0932,N21,VIIRS,n,2.0NRT,279.59,0.64,N
32.85666,-117.03047,305.75,0.39,0.36,2025-01-17,0932,N21,VIIRS,n,2.0NRT,275.12,0.64,N
32.59838,-117.01047,307.34,0.39,0.36,2025-01-17,0932,N21,VIIRS,n,2.0NRT,278.5,0.85,N
33.08264,-115.6159,337.97,0.4,0.37,2025-01-17,2053,N21,VIIRS,n,2.0NRT,299.22,6.15,D
33.11394,-115.41743,355.32,0.4,0.37,2025-01-17,2053,N21,VIIRS,n,2.0NRT,308.51,14.27,D
33.11729,-115.41809,349.65,0.4,0.37,2025-01-17,2053,N21,VIIRS,n,2.0NRT,305.89,14.27,D
34.15433,-118.19171,326.81,0.39,0.36,2025-01-17,2053,N21,VIIRS,n,2.0NRT,296.18,1.3,D
36.39417,-120.10731,338.66,0.4,0.37,2025-01-17,2053,N21,VIIRS,n,2.0NRT,295.84,3.08,D
36.39751,-120.10817,336.57,0.4,0.37,2025-01-17,2053,N21,VIIRS,n,2.0NRT,295.42,3.08,D
34.60648,-117.33671,309.56,0.41,0.45,2025-01-18,0913,N21,VIIRS,n,2.0NRT,276.48,1.99,N
34.43193,-118.64573,297.19,0.48,0.48,2025-01-18,0913,N21,VIIRS,n,2.0NRT,275.53,1.59,N
34.33578,-118.52065,308.87,0.48,0.48,2025-01-18,0913,N21,VIIRS,n,2.0NRT,278.3,1.45,N
34.29129,-118.80382,305.79,0.49,0.49,2025-01-18,0913,N21,VIIRS,n,2.0NRT,275.98,0.77,N
34.03444,-118.10652,295.03,0.45,0.47,2025-01-18,0913,N21,VIIRS,n,2.0NRT,279.51,0.52,N
33.79922,-118.23134,299.94,0.45,0.47,2025-01-18,0913,N21,VIIRS,n,2.0NRT,279.42,1.45,N
33.79589,-118.2416,298.15,0.45,0.47,2025-01-18,0913,N21,VIIRS,n,2.0NRT,278.49,1.25,N
33.7954,-118.23676,297.62,0.45,0.47,2025-01-18,0913,N21,VIIRS,n,2.0NRT,278.79,1.22,N
33.79493,-118.23193,306.49,0.45,0.47,2025-01-18,0913,N21,VIIRS,n,2.0NRT,280.6,1.22,N
33.717,-117.71229,300.88,0.42,0.45,2025-01-18,0913,N21,VIIRS,n,2.0NRT,279.02,1.22,N
32.85637,-117.02911,301.04,0.57,0.43,2025-01-18,0913,N21,VIIRS,n,2.0NRT,275.89,1.18,N
32.50895,-116.76723,296.27,0.55,0.42,2025-01-18,0913,N21,VIIRS,n,2.0NRT,274.99,1.13,N
32.49989,-116.79249,296.3,0.55,0.43,2025-01-18,0913,N21,VIIRS,n,2.0NRT,276.87,0.66,N
32.4986,-116.78884,295.61,0.55,0.42,2025-01-18,0913,N21,VIIRS,n,2.0NRT,276.73,0.93,N
34.29258,-118.80309,325.08,0.39,0.44,2025-01-18,2031,N21,VIIRS,n,2.0NRT,296.5,1.28,D
35.36299,-120.5301,333.03,0.46,0.47,2025-01-18,2033,N21,VIIRS,n,2.0NRT,288.52,3.9,D
36.43326,-120.95645,337.11,0.46,0.47,2025-01-18,2033,N21,VIIRS,n,2.0NRT,290.45,3.8,D
36.86304,-120.18983,337.78,0.41,0.45,2025-01-18,2033,N21,VIIRS,n,2.0NRT,292.25,11.8,D
36.86207,-120.1943,330.04,0.41,0.45,2025-01-18,2033,N21,VIIRS,n,2.0NRT,288.48,11.8,D
34.33577,-118.52121,296.1,0.45,0.63,2025-01-19,0854,N21,VIIRS,n,2.0NRT,277.98,0.84,N
34.29251,-118.80192,300.84,0.47,0.64,2025-01-19,0854,N21,VIIRS,n,2.0NRT,276.65,0.92,N
34.15292,-118.19351,305.6,0.43,0.62,2025-01-19,0854,N21,VIIRS,n,2.0NRT,277.89,1.35,N
33.85105,-118.33565,313.82,0.43,0.62,2025-01-19,0854,N21,VIIRS,n,2.0NRT,283.82,1.95,N
33.84534,-118.33604,296.14,0.43,0.62,2025-01-19,0854,N21,VIIRS,n,2.0NRT,280.51,0.43,N
33.61388,-117.82399,296.24,0.4,0.6,2025-01-19,0854,N21,VIIRS,n,2.0NRT,278.33,0.44,N
34.6054,-117.33823,303.07,0.39,0.59,2025-01-19,0854,N21,VIIRS,n,2.0NRT,275.01,0.92,N
32.85543,-117.02906,302.81,0.36,0.57,2025-01-19,0854,N21,VIIRS,n,2.0NRT,275.7,0.77,N
32.4999,-116.79091,295.53,0.34,0.56,2025-01-19,0854,N21,VIIRS,n,2.0NRT,275.71,1.12,N
32.49759,-116.79053,300.71,0.34,0.56,2025-01-19,0854,N21,VIIRS,n,2.0NRT,276.07,1,N
32.49577,-116.83389,367,0.34,0.56,2025-01-19,0854,N21,VIIRS,h,2.0NRT,281.12,8.3,N
36.49751,-119.90475,301.52,0.56,0.69,2025-01-19,0854,N21,VIIRS,n,2.0NRT,274.02,1.31,N
32.3709,-117.06798,304.63,0.35,0.57,2025-01-19,0856,N21,VIIRS,n,2.0NRT,280.1,0.71,N
36.49646,-119.90385,322.49,0.35,0.57,2025-01-19,1034,N21,VIIRS,n,2.0NRT,273.96,1.72,N
34.6086,-117.3381,300.45,0.54,0.68,2025-01-19,1034,N21,VIIRS,n,2.0NRT,273.4,2.68,N
34.60707,-117.33472,303.03,0.54,0.68,2025-01-19,1034,N21,VIIRS,n,2.0NRT,273.35,1.83,N
34.33368,-118.52036,297.86,0.47,0.64,2025-01-19,1034,N21,VIIRS,n,2.0NRT,277.89,0.94,N
32.49612,-116.83734,318.59,0.65,0.73,2025-01-19,1034,N21,VIIRS,n,2.0NRT,277.35,4.29,N
32.49407,-116.83022,309.32,0.65,0.73,2025-01-19,1034,N21,VIIRS,n,2.0NRT,276.92,4.29,N
34.60958,-117.33707,299.85,0.73,0.76,2025-01-20,0837,N21,VIIRS,n,2.0NRT,274.2,2.09,N
34.60943,-117.33458,301.13,0.59,0.53,2025-01-20,1017,N21,VIIRS,n,2.0NRT,271.99,1.59,N
34.60939,-117.33617,302.5,0.59,0.53,2025-01-20,1017,N21,VIIRS,n,2.0NRT,272.61,2.31,N
32.44078,-116.87436,344.85,0.57,0.69,2025-01-20,1953,N21,VIIRS,n,2.0NRT,275.62,11.81,D
36.45758,-121.45963,330.6,0.78,0.78,2025-01-20,1955,N21,VIIRS,n,2.0NRT,288.69,8.21,D
36.45516,-121.46095,332.51,0.78,0.78,2025-01-20,1955,N21,VIIRS,n,2.0NRT,288.42,7.73,D
32.97756,-117.06566,367,0.39,0.59,2025-01-20,2133,N21,VIIRS,h,2.0NRT,297.72,19.58,D
32.97335,-117.06419,367,0.39,0.59,2025-01-20,2133,N21,VIIRS,h,2.0NRT,294.56,15.58,D
36.96637,-120.23652,326.19,0.56,0.52,2025-01-20,2135,N21,VIIRS,n,2.0NRT,286.83,4.34,D
37.18316,-121.67819,298.64,0.39,0.36,2025-01-21,0956,N21,VIIRS,n,2.0NRT,275.44,0.62,N
33.36039,-117.16447,312.03,0.53,0.42,2025-01-21,0958,N21,VIIRS,n,2.0NRT,280.34,1.45,N
34.62028,-117.10056,305.66,0.51,0.41,2025-01-21,0958,N21,VIIRS,n,2.0NRT,271.64,1.7,N
34.60634,-117.33646,308.87,0.5,0.41,2025-01-21,0958,N21,VIIRS,n,2.0NRT,272.03,2.1,N
34.4299,-118.64316,314,0.44,0.39,2025-01-21,0958,N21,VIIRS,n,2.0NRT,278.32,1.88,N
33.40688,-117.24332,307.18,0.53,0.42,2025-01-21,0958,N21,VIIRS,n,2.0NRT,278.81,1.61,N
33.36271,-117.1618,341.43,0.53,0.42,2025-01-21,0958,N21,VIIRS,n,2.0NRT,281.8,7.16,N
33.36415,-117.16336,336.58,0.53,0.42,2025-01-21,0958,N21,VIIRS,n,2.0NRT,282.23,6.24,N
33.31084,-117.15541,328.91,0.53,0.42,2025-01-21,0958,N21,VIIRS,n,2.0NRT,287.68,39.09,N
33.30973,-117.1498,317.23,0.53,0.42,2025-01-21,0958,N21,VIIRS,n,2.0NRT,289.93,84.37,N
33.30709,-117.15659,335.98,0.53,0.42,2025-01-21,0958,N21,VIIRS,n,2.0NRT,293.33,39.09,N
32.85681,-117.03137,301.33,0.55,0.43,2025-01-21,0958,N21,VIIRS,n,2.0NRT,277.63,1.18,N
32.37008,-117.06842,302.12,0.56,0.43,2025-01-21,0958,N21,VIIRS,n,2.0NRT,280.73,1.63,N
34.14081,-117.42946,298.09,0.5,0.41,2025-01-21,0958,N21,VIIRS,n,2.0NRT,278.84,0.63,N
34.333,-118.51768,308.78,0.45,0.39,2025-01-21,0958,N21,VIIRS,n,2.0NRT,276.13,1.67,N
34.32069,-118.51082,299.13,0.45,0.39,2025-01-21,0958,N21,VIIRS,n,2.0NRT,276.26,0.83,N
34.29048,-118.80382,319.12,0.44,0.38,2025-01-21,0958,N21,VIIRS,n,2.0NRT,280.37,1.32,N
34.15478,-118.19377,311.1,0.47,0.39,2025-01-21,0958,N21,VIIRS,n,2.0NRT,277.11,0.98,N
33.79201,-117.47627,297.49,0.51,0.41,2025-01-21,0958,N21,VIIRS,n,2.0NRT,272.71,1.05,N
33.85413,-118.33184,297.48,0.46,0.39,2025-01-21,0958,N21,VIIRS,n,2.0NRT,284.14,1.99,N
33.81856,-118.2428,295.91,0.47,0.4,2025-01-21,0958,N21,VIIRS,n,2.0NRT,283.88,1.55,N
33.71581,-117.70994,300.46,0.5,0.41,2025-01-21,0958,N21,VIIRS,n,2.0NRT,281.17,0.76,N
33.77448,-118.21478,295.85,0.47,0.4,2025-01-21,0958,N21,VIIRS,n,2.0NRT,281.18,0.47,N
33.61221,-117.82242,306.7,0.49,0.4,2025-01-21,0958,N21,VIIRS,n,2.0NRT,279.53,1.37,N
33.61319,-117.82327,304.25,0.49,0.4,2025-01-21,0958,N21,VIIRS,n,2.0NRT,279.56,1.01,N
33.49289,-117.61892,297.97,0.5,0.41,2025-01-21,0958,N21,VIIRS,n,2.0NRT,280.26,1.05,N
32.26276,-116.92146,327.85,0.41,0.45,2025-01-21,2116,N21,VIIRS,n,2.0NRT,279.74,3.86,D
32.26229,-116.92589,344.41,0.41,0.45,2025-01-21,2116,N21,VIIRS,n,2.0NRT,284.03,32.05,D
32.26184,-116.9302,339,0.41,0.45,2025-01-21,2116,N21,VIIRS,n,2.0NRT,296.41,32.05,D
32.26684,-116.92243,331.2,0.41,0.45,2025-01-21,2116,N21,VIIRS,n,2.0NRT,281.09,3.92,D
32.26637,-116.92686,325.3,0.41,0.45,2025-01-21,2116,N21,VIIRS,n,2.0NRT,278.61,3.55,D
32.35292,-116.59464,326.32,0.43,0.46,2025-01-21,2116,N21,VIIRS,n,2.0NRT,287.24,2.19,D
32.47084,-117.06262,367,0.41,0.45,2025-01-21,2116,N21,VIIRS,h,2.0NRT,295.85,11.03,D
32.47039,-117.06689,367,0.41,0.45,2025-01-21,2116,N21,VIIRS,h,2.0NRT,298.5,8,D
32.46993,-117.07111,326.83,0.41,0.45,2025-01-21,2116,N21,VIIRS,n,2.0NRT,289.71,8,D
32.47491,-117.06338,350.01,0.41,0.45,2025-01-21,2116,N21,VIIRS,n,2.0NRT,296.47,9.62,D
32.47446,-117.0676,326.05,0.41,0.45,2025-01-21,2116,N21,VIIRS,n,2.0NRT,290.71,4.07,D
36.28828,-121.27982,326.93,0.43,0.38,2025-01-21,2116,N21,VIIRS,n,2.0NRT,297.12,2.77,D
37.13046,-119.27572,331.15,0.53,0.42,2025-01-21,2118,N21,VIIRS,n,2.0NRT,285.36,6.54,D
37.13027,-119.27371,307.9,0.43,0.38,2025-01-22,0938,N21,VIIRS,n,2.0NRT,271.43,0.98,N
32.8577,-117.03021,301.87,0.39,0.36,2025-01-22,0938,N21,VIIRS,n,2.0NRT,270.57,0.47,N
32.85634,-117.14861,295.34,0.39,0.36,2025-01-22,0938,N21,VIIRS,n,2.0NRT,269.66,0.53,N
32.82975,-118.40357,308.25,0.39,0.36,2025-01-22,0938,N21,VIIRS,n,2.0NRT,278.86,1.61,N
32.82769,-118.41244,309.17,0.39,0.36,2025-01-22,0938,N21,VIIRS,n,2.0NRT,277.15,0.83,N
32.82441,-118.41315,304.85,0.39,0.36,2025-01-22,0938,N21,VIIRS,n,2.0NRT,275.2,0.83,N
32.81701,-118.43163,295.28,0.39,0.36,2025-01-22,0938,N21,VIIRS,n,2.0NRT,275.89,1.02,N
32.479,-117.05337,341.59,0.39,0.36,2025-01-22,0938,N21,VIIRS,n,2.0NRT,287.04,4.69,N
32.47572,-117.05412,329.5,0.39,0.36,2025-01-22,0938,N21,VIIRS,n,2.0NRT,285.5,4.69,N
32.37213,-117.06831,305.42,0.39,0.36,2025-01-22,0938,N21,VIIRS,n,2.0NRT,275.33,1.07,N
32.83281,-118.40823,343.58,0.38,0.36,2025-01-22,2057,N21,VIIRS,n,2.0NRT,298.28,5.49,D
34.52279,-118.58128,336.44,0.39,0.36,2025-01-22,2057,N21,VIIRS,n,2.0NRT,284.82,4.44,D
34.52217,-118.58543,337.95,0.39,0.36,2025-01-22,2057,N21,VIIRS,n,2.0NRT,280.04,4.44,D
34.52156,-118.58958,331.37,0.39,0.36,2025-01-22,2057,N21,VIIRS,n,2.0NRT,277.71,5.99,D
34.52793,-118.57317,367,0.39,0.36,2025-01-22,2057,N21,VIIRS,h,2.0NRT,292.03,224.72,D
34.52977,-118.56071,332.37,0.39,0.36,2025-01-22,2057,N21,VIIRS,n,2.0NRT,289.29,3.63,D
34.52916,-118.56486,345.35,0.39,0.36,2025-01-22,2057,N21,VIIRS,n,2.0NRT,289.96,67.06,D
34.52855,-118.56901,354.25,0.39,0.36,2025-01-22,2057,N21,VIIRS,n,2.0NRT,291.51,67.06,D
34.52732,-118.57732,355.1,0.39,0.36,2025-01-22,2057,N21,VIIRS,n,2.0NRT,292.55,224.72,D
34.5267,-118.58145,354.85,0.39,0.36,2025-01-22,2057,N21,VIIRS,n,2.0NRT,289.58,82.79,D
34.52608,-118.58559,355.59,0.39,0.36,2025-01-22,2057,N21,VIIRS,l,2.0NRT,283.5,82.79,D
34.53245,-118.56558,367,0.39,0.36,2025-01-22,2057,N21,VIIRS,h,2.0NRT,293.46,67.06,D
34.53429,-118.55309,328.38,0.39,0.36,2025-01-22,2057,N21,VIIRS,n,2.0NRT,290.13,3,D
34.53368,-118.55727,336.09,0.39,0.36,2025-01-22,2057,N21,VIIRS,n,2.0NRT,290.55,3.63,D
34.53307,-118.56143,347.34,0.39,0.36,2025-01-22,2057,N21,VIIRS,n,2.0NRT,290.49,3.63,D
34.52937,-118.5863,337.27,0.39,0.36,2025-01-22,2057,N21,VIIRS,n,2.0NRT,293.53,82.79,D
34.53121,-118.57388,367,0.39,0.36,2025-01-22,2057,N21,VIIRS,l,2.0NRT,331.85,224.72,D
34.5306,-118.57803,367,0.39,0.36,2025-01-22,2057,N21,VIIRS,l,2.0NRT,339.64,224.72,D
34.52998,-118.58217,207.38,0.39,0.36,2025-01-22,2057,N21,VIIRS,l,2.0NRT,316.35,82.79,D
34.53635,-118.56214,367,0.39,0.36,2025-01-22,2057,N21,VIIRS,h,2.0NRT,293.33,120.5,D
34.53573,-118.56629,367,0.39,0.36,2025-01-22,2057,N21,VIIRS,h,2.0NRT,348.99,0,D
34.53327,-118.58285,367,0.39,0.36,2025-01-22,2057,N21,VIIRS,h,2.0NRT,337.39,161.71,D
34.53758,-118.55383,336.47,0.39,0.36,2025-01-22,2057,N21,VIIRS,n,2.0NRT,290.85,8.46,D
34.53696,-118.55798,350.57,0.39,0.36,2025-01-22,2057,N21,VIIRS,n,2.0NRT,291.12,120.5,D
34.53265,-118.587,353.43,0.39,0.36,2025-01-22,2057,N21,VIIRS,n,2.0NRT,284.63,161.71,D
34.53511,-118.57043,367,0.39,0.36,2025-01-22,2057,N21,VIIRS,l,2.0NRT,371.63,0,D
34.53388,-118.57871,367,0.39,0.36,2025-01-22,2057,N21,VIIRS,l,2.0NRT,360.6,0,D
34.54148,-118.55038,338.54,0.39,0.36,2025-01-22,2057,N21,VIIRS,n,2.0NRT,290.37,8.46,D
34.54086,-118.55454,353.64,0.39,0.36,2025-01-22,2057,N21,VIIRS,n,2.0NRT,296.33,8.46,D
34.5347,-118.59603,351.73,0.39,0.36,2025-01-22,2057,N21,VIIRS,n,2.0NRT,301.57,82.96,D
34.53347,-118.60435,351.47,0.39,0.36,2025-01-22,2057,N21,VIIRS,n,2.0NRT,311.74,97.28,D
34.54025,-118.55871,367,0.39,0.36,2025-01-22,2057,N21,VIIRS,l,2.0NRT,330.68,120.5,D
34.53963,-118.56287,367,0.39,0.36,2025-01-22,2057,N21,VIIRS,l,2.0NRT,362.75,120.5,D
34.53901,-118.56699,367,0.39,0.36,2025-01-22,2057,N21,VIIRS,l,2.0NRT,373.06,0,D
34.5384,-118.57113,367,0.39,0.36,2025-01-22,2057,N21,VIIRS,l,2.0NRT,373.22,0,D
34.53778,-118.57528,367,0.39,0.36,2025-01-22,2057,N21,VIIRS,l,2.0NRT,341.6,0,D
34.53408,-118.6002,319.81,0.39,0.36,2025-01-22,2057,N21,VIIRS,l,2.0NRT,323.64,97.28,D
34.54415,-118.55524,367,0.39,0.36,2025-01-22,2057,N21,VIIRS,h,2.0NRT,349.88,162.5,D
34.54168,-118.57184,367,0.39,0.36,2025-01-22,2057,N21,VIIRS,h,2.0NRT,331.91,181.47,D
34.54476,-118.55109,345.33,0.39,0.36,2025-01-22,2057,N21,VIIRS,n,2.0NRT,290.78,162.5,D
34.53799,-118.59676,348.31,0.39,0.36,2025-01-22,2057,N21,VIIRS,n,2.0NRT,290.65,19.49,D
34.53737,-118.60092,339.48,0.39,0.36,2025-01-22,2057,N21,VIIRS,n,2.0NRT,287.17,9.96,D
34.53675,-118.60506,353.93,0.39,0.36,2025-01-22,2057,N21,VIIRS,n,2.0NRT,301.12,9.96,D
34.54353,-118.55941,367,0.39,0.36,2025-01-22,2057,N21,VIIRS,l,2.0NRT,372.39,322.16,D
34.5423,-118.56771,367,0.39,0.36,2025-01-22,2057,N21,VIIRS,l,2.0NRT,367.22,181.47,D
34.54004,-118.6058,367,0.39,0.36,2025-01-22,2057,N21,VIIRS,h,2.0NRT,307.55,9.96,D
34.53942,-118.60994,367,0.39,0.36,2025-01-22,2057,N21,VIIRS,h,2.0NRT,302.15,9.03,D
34.54805,-118.5518,348.06,0.39,0.36,2025-01-22,2057,N21,VIIRS,n,2.0NRT,288.84,162.5,D
34.5388,-118.61407,334.18,0.39,0.36,2025-01-22,2057,N21,VIIRS,n,2.0NRT,291.12,9.03,D
34.54682,-118.56012,367,0.39,0.36,2025-01-22,2057,N21,VIIRS,l,2.0NRT,371.47,322.16,D
34.5462,-118.56427,367,0.39,0.36,2025-01-22,2057,N21,VIIRS,l,2.0NRT,353.05,322.16,D
34.54559,-118.56842,367,0.39,0.36,2025-01-22,2057,N21,VIIRS,l,2.0NRT,354.66,181.47,D
34.55072,-118.55666,367,0.39,0.36,2025-01-22,2057,N21,VIIRS,h,2.0NRT,342.13,84.01,D
34.5501,-118.56083,367,0.39,0.36,2025-01-22,2057,N21,VIIRS,h,2.0NRT,335.6,74.28,D
34.54825,-118.57327,367,0.39,0.36,2025-01-22,2057,N21,VIIRS,h,2.0NRT,300.63,13.71,D
34.55133,-118.55251,346.73,0.39,0.36,2025-01-22,2057,N21,VIIRS,n,2.0NRT,291.29,84.01,D
34.54887,-118.56912,353.54,0.39,0.36,2025-01-22,2057,N21,VIIRS,n,2.0NRT,308.39,13.71,D
34.5464,-118.58572,345.3,0.39,0.36,2025-01-22,2057,N21,VIIRS,n,2.0NRT,292.81,5.19,D
34.54579,-118.58987,344.06,0.39,0.36,2025-01-22,2057,N21,VIIRS,n,2.0NRT,291.76,5.19,D
34.54393,-118.60237,352.44,0.39,0.36,2025-01-22,2057,N21,VIIRS,n,2.0NRT,298.48,8.82,D
34.54332,-118.60651,354.75,0.39,0.36,2025-01-22,2057,N21,VIIRS,n,2.0NRT,303.06,8.82,D
34.5427,-118.61065,355.22,0.39,0.36,2025-01-22,2057,N21,VIIRS,n,2.0NRT,305.52,9.25,D
34.54208,-118.6148,340.57,0.39,0.36,2025-01-22,2057,N21,VIIRS,n,2.0NRT,290.55,9.25,D
34.55462,-118.55322,367,0.39,0.36,2025-01-22,2057,N21,VIIRS,h,2.0NRT,292.45,84.01,D
34.55338,-118.56154,367,0.39,0.36,2025-01-22,2057,N21,VIIRS,h,2.0NRT,305.06,74.28,D
34.55277,-118.56569,367,0.39,0.36,2025-01-22,2057,N21,VIIRS,h,2.0NRT,310.07,74.28,D
34.55215,-118.56985,367,0.39,0.36,2025-01-22,2057,N21,VIIRS,h,2.0NRT,301.76,13.71,D
34.54722,-118.60308,367,0.39,0.36,2025-01-22,2057,N21,VIIRS,h,2.0NRT,304.22,8.82,D
34.5466,-118.60723,367,0.39,0.36,2025-01-22,2057,N21,VIIRS,h,2.0NRT,302.39,8.82,D
34.54537,-118.61551,367,0.39,0.36,2025-01-22,2057,N21,VIIRS,h,2.0NRT,298.36,9.25,D
34.55523,-118.54906,351.07,0.39,0.36,2025-01-22,2057,N21,VIIRS,n,2.0NRT,290.74,9.9,D
34.554,-118.55737,353.74,0.39,0.36,2025-01-22,2057,N21,VIIRS,n,2.0NRT,308.06,84.01,D
34.55154,-118.57397,354.96,0.39,0.36,2025-01-22,2057,N21,VIIRS,n,2.0NRT,295.66,13.71,D
34.5503,-118.58229,348.31,0.39,0.36,2025-01-22,2057,N21,VIIRS,n,2.0NRT,294.5,16.12,D
34.54969,-118.58644,353.69,0.39,0.36,2025-01-22,2057,N21,VIIRS,n,2.0NRT,296.92,5.19,D
34.54907,-118.59061,344.93,0.39,0.36,2025-01-22,2057,N21,VIIRS,n,2.0NRT,290.34,5.19,D
34.54845,-118.59477,349.3,0.39,0.36,2025-01-22,2057,N21,VIIRS,n,2.0NRT,291.4,10.83,D
34.54784,-118.59894,353.7,0.39,0.36,2025-01-22,2057,N21,VIIRS,n,2.0NRT,301.66,10.83,D
34.54598,-118.61137,347.86,0.39,0.36,2025-01-22,2057,N21,VIIRS,n,2.0NRT,298.1,9.25,D
34.55851,-118.54983,367,0.39,0.36,2025-01-22,2057,N21,VIIRS,h,2.0NRT,345.75,99.87,D
34.5579,-118.55397,367,0.39,0.36,2025-01-22,2057,N21,VIIRS,h,2.0NRT,346.39,87.2,D
34.55667,-118.56225,367,0.39,0.36,2025-01-22,2057,N21,VIIRS,h,2.0NRT,299.06,7.99,D
34.55605,-118.5664,367,0.39,0.36,2025-01-22,2057,N21,VIIRS,h,2.0NRT,302,7.99,D
34.55543,-118.57056,367,0.39,0.36,2025-01-22,2057,N21,VIIRS,h,2.0NRT,299.64,7.73,D
34.55112,-118.59965,367,0.39,0.36,2025-01-22,2057,N21,VIIRS,h,2.0NRT,306.29,9.1,D
34.5505,-118.60382,367,0.39,0.36,2025-01-22,2057,N21,VIIRS,h,2.0NRT,308.96,7.35,D
34.55913,-118.54568,341.67,0.39,0.36,2025-01-22,2057,N21,VIIRS,n,2.0NRT,290.25,99.87,D
34.55728,-118.55811,355.83,0.39,0.36,2025-01-22,2057,N21,VIIRS,n,2.0NRT,303.21,87.2,D
34.55482,-118.57469,355.24,0.39,0.36,2025-01-22,2057,N21,VIIRS,n,2.0NRT,297.78,7.73,D
34.55359,-118.583,348.84,0.39,0.36,2025-01-22,2057,N21,VIIRS,n,2.0NRT,298.44,10.68,D
34.55235,-118.59133,345.81,0.39,0.36,2025-01-22,2057,N21,VIIRS,n,2.0NRT,292.84,6.35,D
34.55173,-118.59551,355.16,0.39,0.36,2025-01-22,2057,N21,VIIRS,n,2.0NRT,296.77,9.1,D
34.54988,-118.60796,342.29,0.39,0.36,2025-01-22,2057,N21,VIIRS,n,2.0NRT,301.67,7.35,D
34.54927,-118.6121,355.01,0.39,0.36,2025-01-22,2057,N21,VIIRS,n,2.0NRT,302.36,40.48,D
34.54865,-118.61625,354.55,0.39,0.36,2025-01-22,2057,N21,VIIRS,n,2.0NRT,304.63,40.48,D
34.54803,-118.62038,350.51,0.39,0.36,2025-01-22,2057,N21,VIIRS,n,2.0NRT,293.19,148.27,D
34.55933,-118.56711,367,0.39,0.36,2025-01-22,2057,N21,VIIRS,h,2.0NRT,300.49,7.99,D
34.55502,-118.59624,367,0.39,0.36,2025-01-22,2057,N21,VIIRS,h,2.0NRT,307.69,9.1,D
34.5544,-118.6004,367,0.39,0.36,2025-01-22,2057,N21,VIIRS,h,2.0NRT,312.27,9.1,D
34.56241,-118.54643,335.82,0.39,0.36,2025-01-22,2057,N21,VIIRS,n,2.0NRT,289.51,99.87,D
34.56179,-118.55057,343.89,0.39,0.36,2025-01-22,2057,N21,VIIRS,n,2.0NRT,310.98,99.87,D
34.56118,-118.55471,353.54,0.39,0.36,2025-01-22,2057,N21,VIIRS,n,2.0NRT,303.25,87.2,D
34.56057,-118.55885,350.21,0.39,0.36,2025-01-22,2057,N21,VIIRS,n,2.0NRT,294.48,87.2,D
34.55995,-118.56299,349.06,0.39,0.36,2025-01-22,2057,N21,VIIRS,n,2.0NRT,298.94,7.99,D
34.55872,-118.57127,343.72,0.39,0.36,2025-01-22,2057,N21,VIIRS,n,2.0NRT,295.15,7.73,D
34.55687,-118.58373,354.62,0.39,0.36,2025-01-22,2057,N21,VIIRS,n,2.0NRT,304.59,10.68,D
34.55625,-118.58791,346.53,0.39,0.36,2025-01-22,2057,N21,VIIRS,n,2.0NRT,297.85,6.35,D
34.55563,-118.59208,344.43,0.39,0.36,2025-01-22,2057,N21,VIIRS,n,2.0NRT,297.46,6.35,D
34.55378,-118.60454,354.52,0.39,0.36,2025-01-22,2057,N21,VIIRS,n,2.0NRT,305.47,7.35,D
34.55317,-118.60868,350.96,0.39,0.36,2025-01-22,2057,N21,VIIRS,n,2.0NRT,300.69,7.35,D
34.55255,-118.61283,353.61,0.39,0.36,2025-01-22,2057,N21,VIIRS,n,2.0NRT,303.86,40.48,D
34.55193,-118.61696,345.36,0.39,0.36,2025-01-22,2057,N21,VIIRS,n,2.0NRT,318.81,40.48,D
34.56385,-118.55956,367,0.39,0.36,2025-01-22,2057,N21,VIIRS,h,2.0NRT,300.51,7.25,D
34.56015,-118.5845,367,0.39,0.36,2025-01-22,2057,N21,VIIRS,h,2.0NRT,309.39,7.69,D
34.5583,-118.59697,367,0.39,0.36,2025-01-22,2057,N21,VIIRS,h,2.0NRT,310.06,7.29,D
34.55522,-118.61768,367,0.39,0.36,2025-01-22,2057,N21,VIIRS,h,2.0NRT,340.68,93.37,D
34.56569,-118.54716,337.75,0.39,0.36,2025-01-22,2057,N21,VIIRS,n,2.0NRT,290.93,35.93,D
34.56508,-118.55129,346.3,0.39,0.36,2025-01-22,2057,N21,VIIRS,n,2.0NRT,313.1,35.93,D
34.56446,-118.55544,353.66,0.39,0.36,2025-01-22,2057,N21,VIIRS,n,2.0NRT,300.43,7.25,D
34.56323,-118.5637,354.98,0.39,0.36,2025-01-22,2057,N21,VIIRS,n,2.0NRT,297.03,5.75,D
34.56262,-118.56783,338.03,0.39,0.36,2025-01-22,2057,N21,VIIRS,n,2.0NRT,293.01,5.75,D
34.56139,-118.57616,346.4,0.39,0.36,2025-01-22,2057,N21,VIIRS,n,2.0NRT,300.26,7.17,D
34.56077,-118.58032,353.8,0.39,0.36,2025-01-22,2057,N21,VIIRS,n,2.0NRT,305.35,7.69,D
34.55954,-118.58865,351.52,0.39,0.36,2025-01-22,2057,N21,VIIRS,n,2.0NRT,302.32,5.77,D
34.55892,-118.59282,348.86,0.39,0.36,2025-01-22,2057,N21,VIIRS,n,2.0NRT,303.13,5.77,D
34.55768,-118.60113,350.6,0.39,0.36,2025-01-22,2057,N21,VIIRS,n,2.0NRT,304.5,7.29,D
34.55707,-118.60526,346.54,0.39,0.36,2025-01-22,2057,N21,VIIRS,n,2.0NRT,299.85,29.83,D
34.55583,-118.61354,348.23,0.39,0.36,2025-01-22,2057,N21,VIIRS,n,2.0NRT,307.41,93.37,D
34.5546,-118.62183,339.76,0.39,0.36,2025-01-22,2057,N21,VIIRS,n,2.0NRT,298.84,33.33,D
34.56836,-118.552,367,0.39,0.36,2025-01-22,2057,N21,VIIRS,h,2.0NRT,346.08,35.93,D
34.56158,-118.59772,367,0.39,0.36,2025-01-22,2057,N21,VIIRS,h,2.0NRT,306.8,7.29,D
34.56035,-118.60599,367,0.39,0.36,2025-01-22,2057,N21,VIIRS,h,2.0NRT,303.96,29.83,D
34.55973,-118.61012,367,0.39,0.36,2025-01-22,2057,N21,VIIRS,h,2.0NRT,303.87,29.83,D
34.5585,-118.61841,367,0.39,0.36,2025-01-22,2057,N21,VIIRS,h,2.0NRT,329.71,93.37,D
34.56898,-118.54789,340.21,0.39,0.36,2025-01-22,2057,N21,VIIRS,n,2.0NRT,295.01,35.93,D
34.56775,-118.55613,344.61,0.39,0.36,2025-01-22,2057,N21,VIIRS,n,2.0NRT,297.8,7.25,D
34.56713,-118.56026,352.32,0.39,0.36,2025-01-22,2057,N21,VIIRS,n,2.0NRT,298.88,7.25,D
34.56652,-118.56441,352.37,0.39,0.36,2025-01-22,2057,N21,VIIRS,n,2.0NRT,301.64,5.75,D
34.5659,-118.56857,340.21,0.39,0.36,2025-01-22,2057,N21,VIIRS,n,2.0NRT,300.26,5.75,D
34.56528,-118.57274,353.57,0.39,0.36,2025-01-22,2057,N21,VIIRS,n,2.0NRT,307.83,7.17,D
34.56467,-118.57692,351.73,0.39,0.36,2025-01-22,2057,N21,VIIRS,n,2.0NRT,306.48,7.17,D
34.56405,-118.58107,354.85,0.39,0.36,2025-01-22,2057,N21,VIIRS,n,2.0NRT,306.6,7.69,D
34.56343,-118.58525,352.78,0.39,0.36,2025-01-22,2057,N21,VIIRS,n,2.0NRT,305.72,7.69,D
34.56281,-118.58942,344.87,0.39,0.36,2025-01-22,2057,N21,VIIRS,n,2.0NRT,300.93,5.77,D
34.56219,-118.59357,347.29,0.39,0.36,2025-01-22,2057,N21,VIIRS,n,2.0NRT,300.38,5.77,D
34.56096,-118.60185,353.38,0.39,0.36,2025-01-22,2057,N21,VIIRS,n,2.0NRT,303.55,7.29,D
34.55788,-118.62254,340.4,0.39,0.36,2025-01-22,2057,N21,VIIRS,n,2.0NRT,287.22,33.33,D
34.55912,-118.61427,367,0.39,0.36,2025-01-22,2057,N21,VIIRS,l,2.0NRT,331.75,93.37,D
34.56733,-118.58185,367,0.39,0.36,2025-01-22,2057,N21,VIIRS,h,2.0NRT,307.99,10.2,D
34.56547,-118.59432,367,0.39,0.36,2025-01-22,2057,N21,VIIRS,h,2.0NRT,301.52,101.35,D
34.56486,-118.59846,367,0.39,0.36,2025-01-22,2057,N21,VIIRS,h,2.0NRT,304.68,85.91,D
34.56424,-118.60258,367,0.39,0.36,2025-01-22,2057,N21,VIIRS,h,2.0NRT,305.45,85.91,D
34.56301,-118.61084,367,0.39,0.36,2025-01-22,2057,N21,VIIRS,h,2.0NRT,349.43,123.76,D
34.5624,-118.61497,367,0.39,0.36,2025-01-22,2057,N21,VIIRS,h,2.0NRT,335.35,54.63,D
34.57226,-118.5486,352.77,0.39,0.36,2025-01-22,2057,N21,VIIRS,n,2.0NRT,308.26,15.93,D
34.57164,-118.55271,350.1,0.39,0.36,2025-01-22,2057,N21,VIIRS,n,2.0NRT,306.09,15.93,D
34.57103,-118.55684,338.68,0.39,0.36,2025-01-22,2057,N21,VIIRS,n,2.0NRT,299.65,4.98,D
34.57042,-118.56097,354.62,0.39,0.36,2025-01-22,2057,N21,VIIRS,n,2.0NRT,301.88,4.98,D
34.5698,-118.56513,349.18,0.39,0.36,2025-01-22,2057,N21,VIIRS,n,2.0NRT,303.69,6.46,D
34.56918,-118.56933,351.41,0.39,0.36,2025-01-22,2057,N21,VIIRS,n,2.0NRT,304.79,6.46,D
34.56857,-118.5735,341.24,0.39,0.36,2025-01-22,2057,N21,VIIRS,n,2.0NRT,305.86,6.85,D
34.56795,-118.57767,352.19,0.39,0.36,2025-01-22,2057,N21,VIIRS,n,2.0NRT,307.48,6.85,D
34.56671,-118.58601,353.6,0.39,0.36,2025-01-22,2057,N21,VIIRS,n,2.0NRT,305.85,10.2,D
34.56609,-118.59017,348.11,0.39,0.36,2025-01-22,2057,N21,VIIRS,n,2.0NRT,300.26,101.35,D
34.56178,-118.61912,335.92,0.39,0.36,2025-01-22,2057,N21,VIIRS,n,2.0NRT,299.93,54.63,D
34.56363,-118.6067,367,0.39,0.36,2025-01-22,2057,N21,VIIRS,l,2.0NRT,333.11,123.76,D
34.57122,-118.57844,367,0.39,0.36,2025-01-22,2057,N21,VIIRS,h,2.0NRT,310.73,6.85,D
34.57061,-118.58262,367,0.39,0.36,2025-01-22,2057,N21,VIIRS,h,2.0NRT,311.78,10.2,D
34.56999,-118.5868,367,0.39,0.36,2025-01-22,2057,N21,VIIRS,h,2.0NRT,309.2,10.2,D
34.56876,-118.59508,367,0.39,0.36,2025-01-22,2057,N21,VIIRS,h,2.0NRT,354.72,101.35,D
34.56814,-118.5992,367,0.39,0.36,2025-01-22,2057,N21,VIIRS,h,2.0NRT,346.33,85.91,D
34.56753,-118.60331,367,0.39,0.36,2025-01-22,2057,N21,VIIRS,h,2.0NRT,331.48,85.91,D
34.56691,-118.60745,367,0.39,0.36,2025-01-22,2057,N21,VIIRS,h,2.0NRT,366.74,123.76,D
34.57555,-118.54929,348.35,0.39,0.36,2025-01-22,2057,N21,VIIRS,n,2.0NRT,313.54,15.93,D
34.57493,-118.5534,350.8,0.39,0.36,2025-01-22,2057,N21,VIIRS,n,2.0NRT,300.75,15.93,D
34.57432,-118.55753,336.86,0.39,0.36,2025-01-22,2057,N21,VIIRS,n,2.0NRT,297.01,4.98,D
34.5737,-118.56169,340.91,0.39,0.36,2025-01-22,2057,N21,VIIRS,n,2.0NRT,303.39,4.98,D
34.57308,-118.56588,352.26,0.39,0.36,2025-01-22,2057,N21,VIIRS,n,2.0NRT,305.05,6.46,D
34.57246,-118.57011,352.74,0.39,0.36,2025-01-22,2057,N21,VIIRS,n,2.0NRT,308.89,6.46,D
34.57184,-118.57428,352.71,0.39,0.36,2025-01-22,2057,N21,VIIRS,n,2.0NRT,307.88,6.85,D
34.56937,-118.59093,351.96,0.39,0.36,2025-01-22,2057,N21,VIIRS,n,2.0NRT,302.98,101.35,D
34.56568,-118.6157,335.85,0.39,0.36,2025-01-22,2057,N21,VIIRS,n,2.0NRT,290.48,54.63,D
34.5663,-118.61158,367,0.39,0.36,2025-01-22,2057,N21,VIIRS,l,2.0NRT,351.67,123.76,D
34.57636,-118.56665,367,0.39,0.36,2025-01-22,2057,N21,VIIRS,h,2.0NRT,312.92,10.47,D
34.57574,-118.57085,367,0.39,0.36,2025-01-22,2057,N21,VIIRS,h,2.0NRT,312.18,10.47,D
34.57883,-118.54996,350.06,0.39,0.36,2025-01-22,2057,N21,VIIRS,n,2.0NRT,304.02,16.15,D
34.57822,-118.55409,338.28,0.39,0.36,2025-01-22,2057,N21,VIIRS,n,2.0NRT,299.25,16.15,D
34.5776,-118.55826,343.49,0.39,0.36,2025-01-22,2057,N21,VIIRS,n,2.0NRT,302.95,7.19,D
34.57698,-118.56244,354.79,0.39,0.36,2025-01-22,2057,N21,VIIRS,n,2.0NRT,308.64,7.19,D
34.57512,-118.57505,353.97,0.39,0.36,2025-01-22,2057,N21,VIIRS,n,2.0NRT,325.42,40.31,D
34.5745,-118.57923,354.08,0.39,0.36,2025-01-22,2057,N21,VIIRS,n,2.0NRT,322.51,40.31,D
34.57327,-118.58755,351.16,0.39,0.36,2025-01-22,2057,N21,VIIRS,n,2.0NRT,319.18,49.42,D
34.57265,-118.59169,343.78,0.39,0.36,2025-01-22,2057,N21,VIIRS,n,2.0NRT,294.52,5.99,D
34.57204,-118.59583,339.77,0.39,0.36,2025-01-22,2057,N21,VIIRS,n,2.0NRT,292.66,5.99,D
34.57142,-118.59994,335.99,0.39,0.36,2025-01-22,2057,N21,VIIRS,n,2.0NRT,293.32,7.58,D
34.57081,-118.60406,338.87,0.39,0.36,2025-01-22,2057,N21,VIIRS,n,2.0NRT,298.42,7.58,D
34.57019,-118.60818,347.23,0.39,0.36,2025-01-22,2057,N21,VIIRS,n,2.0NRT,313.25,21.05,D
34.56958,-118.61233,328.65,0.39,0.36,2025-01-22,2057,N21,VIIRS,n,2.0NRT,293.39,21.05,D
34.57388,-118.5834,353.74,0.39,0.36,2025-01-22,2057,N21,VIIRS,l,2.0NRT,331.87,49.42,D
34.58088,-118.559,350.57,0.39,0.36,2025-01-22,2057,N21,VIIRS,n,2.0NRT,296.16,7.19,D
34.58026,-118.56319,338.47,0.39,0.36,2025-01-22,2057,N21,VIIRS,n,2.0NRT,294.41,7.19,D
34.57964,-118.56741,351.12,0.39,0.36,2025-01-22,2057,N21,VIIRS,n,2.0NRT,300.83,10.47,D
34.57902,-118.57163,350.62,0.39,0.36,2025-01-22,2057,N21,VIIRS,n,2.0NRT,297.66,10.47,D
34.5784,-118.57581,367,0.39,0.36,2025-01-22,2057,N21,VIIRS,l,2.0NRT,331.76,40.31,D
34.57777,-118.57999,367,0.39,0.36,2025-01-22,2057,N21,VIIRS,l,2.0NRT,336.06,40.31,D
36.13872,-121.11458,340.37,0.4,0.37,2025-01-22,2057,N21,VIIRS,n,2.0NRT,295.98,3.89,D
37.13076,-119.27579,341.86,0.39,0.36,2025-01-22,2057,N21,VIIRS,n,2.0NRT,290.69,16.16,D
36.90289,-121.35913,329.15,0.4,0.37,2025-01-22,2057,N21,VIIRS,n,2.0NRT,297.89,1.47,D
34.60617,-117.33804,303.75,0.52,0.41,2025-01-23,0919,N21,VIIRS,n,2.0NRT,272.43,2.19,N
34.53527,-118.59776,306.91,0.4,0.44,2025-01-23,0919,N21,VIIRS,n,2.0NRT,279.24,1.09,N
34.53482,-118.59351,297.54,0.4,0.44,2025-01-23,0919,N21,VIIRS,n,2.0NRT,283.14,1.09,N
34.42856,-118.64387,313.72,0.4,0.44,2025-01-23,0919,N21,VIIRS,n,2.0NRT,283.66,1.84,N
34.33371,-118.52117,317.42,0.39,0.44,2025-01-23,0919,N21,VIIRS,n,2.0NRT,282.32,1.68,N
34.33648,-118.52022,308.22,0.39,0.44,2025-01-23,0919,N21,VIIRS,n,2.0NRT,283.15,1.54,N
34.3191,-118.51053,299.35,0.39,0.44,2025-01-23,0919,N21,VIIRS,n,2.0NRT,282.87,0.87,N
34.29221,-118.80125,312.91,0.41,0.45,2025-01-23,0919,N21,VIIRS,n,2.0NRT,282.66,1.26,N
34.14299,-117.42905,302.23,0.52,0.41,2025-01-23,0919,N21,VIIRS,n,2.0NRT,285.13,0.81,N
34.07802,-117.49925,299.75,0.52,0.42,2025-01-23,0919,N21,VIIRS,n,2.0NRT,286.94,1.04,N
34.15265,-118.19366,317.1,0.56,0.43,2025-01-23,0919,N21,VIIRS,n,2.0NRT,282.56,2.76,N
34.04019,-117.81978,299.17,0.54,0.42,2025-01-23,0919,N21,VIIRS,n,2.0NRT,276.23,0.78,N
33.8772,-117.00056,296.92,0.49,0.4,2025-01-23,0919,N21,VIIRS,n,2.0NRT,281.92,0.47,N
33.93075,-117.83842,297.55,0.54,0.42,2025-01-23,0919,N21,VIIRS,n,2.0NRT,287.41,0.54,N
33.90405,-118.40472,296.82,0.38,0.43,2025-01-23,0919,N21,VIIRS,n,2.0NRT,285.18,0.69,N
33.79414,-117.47563,304.35,0.52,0.41,2025-01-23,0919,N21,VIIRS,n,2.0NRT,279.61,1.73,N
33.79434,-117.47726,303.86,0.51,0.41,2025-01-23,0919,N21,VIIRS,n,2.0NRT,278.81,0.96,N
33.8534,-118.33348,306.23,0.57,0.43,2025-01-23,0919,N21,VIIRS,n,2.0NRT,289.04,2.51,N
33.81969,-118.24608,295.42,0.56,0.43,2025-01-23,0919,N21,VIIRS,n,2.0NRT,282.53,2.3,N
33.71716,-117.71315,301.68,0.53,0.42,2025-01-23,0919,N21,VIIRS,n,2.0NRT,286.14,0.92,N
33.71388,-117.70894,305.24,0.53,0.42,2025-01-23,0919,N21,VIIRS,n,2.0NRT,286.6,0.5,N
33.61394,-117.82375,303.39,0.53,0.42,2025-01-23,0919,N21,VIIRS,n,2.0NRT,283.2,0.62,N
33.6114,-117.82047,299.79,0.53,0.42,2025-01-23,0919,N21,VIIRS,n,2.0NRT,282.89,0.91,N
33.4908,-117.61687,299.72,0.52,0.41,2025-01-23,0919,N21,VIIRS,n,2.0NRT,282.87,0.97,N
32.85678,-117.02958,301.3,0.48,0.4,2025-01-23,0919,N21,VIIRS,n,2.0NRT,274.69,1.45,N
32.50211,-116.60069,352.95,0.46,0.39,2025-01-23,0919,N21,VIIRS,n,2.0NRT,306.11,18.76,N
32.5015,-116.59581,332.56,0.46,0.39,2025-01-23,0919,N21,VIIRS,n,2.0NRT,287.18,3.33,N
32.53643,-116.87804,308.41,0.47,0.4,2025-01-23,0919,N21,VIIRS,n,2.0NRT,278.64,1.14,N
32.50272,-116.60561,315.13,0.46,0.39,2025-01-23,0919,N21,VIIRS,n,2.0NRT,282.13,18.76,N
32.50089,-116.59097,300.55,0.46,0.39,2025-01-23,0919,N21,VIIRS,n,2.0NRT,283.14,3.33,N
32.49976,-116.61105,327.8,0.46,0.39,2025-01-23,0919,N21,VIIRS,n,2.0NRT,284.62,9.57,N
32.49913,-116.60609,349.74,0.46,0.39,2025-01-23,0919,N21,VIIRS,n,2.0NRT,293.94,18.76,N
32.49852,-116.60118,352.5,0.46,0.39,2025-01-23,0919,N21,VIIRS,n,2.0NRT,293.17,18.76,N
32.49791,-116.59633,319.18,0.46,0.39,2025-01-23,0919,N21,VIIRS,n,2.0NRT,287.37,3.33,N
32.49555,-116.60659,334.73,0.46,0.39,2025-01-23,0919,N21,VIIRS,n,2.0NRT,288.51,3.05,N
32.49617,-116.61157,310.55,0.46,0.39,2025-01-23,0919,N21,VIIRS,n,2.0NRT,283.6,1.37,N
32.49493,-116.60165,301.3,0.46,0.39,2025-01-23,0919,N21,VIIRS,n,2.0NRT,282.52,3.05,N
32.49258,-116.61204,305.58,0.46,0.39,2025-01-23,0919,N21,VIIRS,n,2.0NRT,285.3,1.37,N
32.49712,-116.60941,341.15,0.46,0.39,2025-01-23,0919,N21,VIIRS,n,2.0NRT,290.35,9.11,N
32.49647,-116.60442,324.62,0.46,0.39,2025-01-23,0919,N21,VIIRS,n,2.0NRT,285.76,2.37,N
32.49584,-116.59956,298.96,0.46,0.39,2025-01-23,0919,N21,VIIRS,n,2.0NRT,282.95,2.37,N
32.49353,-116.60986,307.99,0.46,0.39,2025-01-23,0919,N21,VIIRS,n,2.0NRT,284.28,9.11,N
32.48994,-116.61033,304.15,0.46,0.39,2025-01-23,0919,N21,VIIRS,n,2.0NRT,286.2,1.97,N
32.48762,-116.62063,342.76,0.46,0.39,2025-01-23,0919,N21,VIIRS,n,2.0NRT,291.13,4.22,N
32.48825,-116.62548,305.52,0.46,0.39,2025-01-23,0919,N21,VIIRS,n,2.0NRT,284.32,4.22,N
32.48698,-116.61575,307.53,0.46,0.39,2025-01-23,0919,N21,VIIRS,n,2.0NRT,286.05,1.97,N
32.48599,-116.6363,347.57,0.46,0.39,2025-01-23,0919,N21,VIIRS,n,2.0NRT,286.88,8.87,N
32.48534,-116.63125,355.49,0.46,0.39,2025-01-23,0919,N21,VIIRS,n,2.0NRT,292.98,8.87,N
32.48664,-116.64135,299.66,0.46,0.39,2025-01-23,0919,N21,VIIRS,n,2.0NRT,283.35,5.08,N
32.4847,-116.62627,316.7,0.46,0.39,2025-01-23,0919,N21,VIIRS,n,2.0NRT,284.51,2.05,N
32.48406,-116.62134,298.08,0.46,0.39,2025-01-23,0919,N21,VIIRS,n,2.0NRT,283.98,2.05,N
32.48374,-116.64712,350.37,0.46,0.39,2025-01-23,0919,N21,VIIRS,n,2.0NRT,288.77,5.08,N
32.4831,-116.64212,337.83,0.46,0.39,2025-01-23,0919,N21,VIIRS,n,2.0NRT,286.7,5.08,N
32.48181,-116.63215,331.58,0.46,0.39,2025-01-23,0919,N21,VIIRS,n,2.0NRT,286.84,8.87,N
32.48439,-116.65216,298.58,0.46,0.39,2025-01-23,0919,N21,VIIRS,n,2.0NRT,284.41,1.68,N
32.48245,-116.63716,307.84,0.46,0.39,2025-01-23,0919,N21,VIIRS,n,2.0NRT,285.21,8.87,N
32.48116,-116.62714,298.27,0.46,0.39,2025-01-23,0919,N21,VIIRS,n,2.0NRT,284.73,2.05,N
32.47987,-116.61716,318.07,0.46,0.39,2025-01-23,0919,N21,VIIRS,n,2.0NRT,282.46,2.49,N
32.48148,-116.65794,333.71,0.46,0.39,2025-01-23,0919,N21,VIIRS,n,2.0NRT,285.74,29.15,N
32.48082,-116.65289,348.59,0.46,0.39,2025-01-23,0919,N21,VIIRS,n,2.0NRT,303.25,29.15,N
32.48018,-116.64786,343.53,0.46,0.39,2025-01-23,0919,N21,VIIRS,n,2.0NRT,291.11,4.35,N
32.47631,-116.61788,351.1,0.46,0.39,2025-01-23,0919,N21,VIIRS,n,2.0NRT,288.64,6.9,N
32.47506,-116.60815,324.26,0.46,0.39,2025-01-23,0919,N21,VIIRS,n,2.0NRT,283.92,2.52,N
32.47954,-116.64287,308.41,0.46,0.39,2025-01-23,0919,N21,VIIRS,n,2.0NRT,285.32,4.35,N
32.4789,-116.63795,300.66,0.46,0.39,2025-01-23,0919,N21,VIIRS,n,2.0NRT,284.26,8.94,N
32.47825,-116.63293,300.67,0.46,0.39,2025-01-23,0919,N21,VIIRS,n,2.0NRT,284.08,8.94,N
32.4776,-116.62785,298.81,0.46,0.39,2025-01-23,0919,N21,VIIRS,n,2.0NRT,284.45,2.17,N
32.4779,-116.65858,350.08,0.46,0.39,2025-01-23,0919,N21,VIIRS,n,2.0NRT,302.99,29.15,N
32.47725,-116.6535,339.96,0.46,0.39,2025-01-23,0919,N21,VIIRS,n,2.0NRT,296.36,29.15,N
32.47596,-116.64347,321.37,0.46,0.39,2025-01-23,0919,N21,VIIRS,n,2.0NRT,285.49,4.35,N
32.47532,-116.63854,329.31,0.46,0.39,2025-01-23,0919,N21,VIIRS,n,2.0NRT,291.17,8.94,N
32.47467,-116.63346,339.57,0.46,0.39,2025-01-23,0919,N21,VIIRS,n,2.0NRT,300.44,8.94,N
32.47276,-116.61861,329.77,0.46,0.39,2025-01-23,0919,N21,VIIRS,n,2.0NRT,287.64,6.9,N
32.53329,-117.09669,301.9,0.48,0.4,2025-01-23,0919,N21,VIIRS,n,2.0NRT,279.01,1.06,N
32.4766,-116.64845,317.74,0.46,0.39,2025-01-23,0919,N21,VIIRS,n,2.0NRT,285.97,4.35,N
32.47401,-116.62836,315.37,0.46,0.39,2025-01-23,0919,N21,VIIRS,n,2.0NRT,285.46,2.17,N
32.47338,-116.62342,315.16,0.46,0.39,2025-01-23,0919,N21,VIIRS,n,2.0NRT,284.59,2.17,N
32.47215,-116.61391,313.65,0.46,0.39,2025-01-23,0919,N21,VIIRS,n,2.0NRT,285.54,6.9,N
32.47152,-116.60894,308.91,0.46,0.39,2025-01-23,0919,N21,VIIRS,n,2.0NRT,284,2.52,N
32.47301,-116.64899,349.06,0.46,0.39,2025-01-23,0919,N21,VIIRS,n,2.0NRT,293.8,29.61,N
32.47237,-116.64402,355.6,0.46,0.39,2025-01-23,0919,N21,VIIRS,n,2.0NRT,308.05,29.61,N
32.47174,-116.63908,367,0.46,0.39,2025-01-23,0919,N21,VIIRS,h,2.0NRT,305.87,35.2,N
32.47108,-116.63399,349.43,0.46,0.39,2025-01-23,0919,N21,VIIRS,n,2.0NRT,295.16,35.2,N
32.47042,-116.62888,339.29,0.46,0.39,2025-01-23,0919,N21,VIIRS,n,2.0NRT,289.15,10.8,N
32.4698,-116.62399,348.34,0.46,0.39,2025-01-23,0919,N21,VIIRS,n,2.0NRT,292.17,10.8,N
32.46919,-116.61926,329.66,0.46,0.39,2025-01-23,0919,N21,VIIRS,n,2.0NRT,287.88,8.18,N
32.4686,-116.61463,346.36,0.46,0.39,2025-01-23,0919,N21,VIIRS,n,2.0NRT,290.08,8.18,N
32.46797,-116.60973,321.35,0.46,0.39,2025-01-23,0919,N21,VIIRS,n,2.0NRT,284.46,4.16,N
32.47365,-116.65401,297.86,0.46,0.39,2025-01-23,0919,N21,VIIRS,n,2.0NRT,285.11,16.55,N
32.47007,-116.65458,337.11,0.46,0.39,2025-01-23,0919,N21,VIIRS,n,2.0NRT,296.35,16.55,N
32.46943,-116.64954,354.64,0.46,0.39,2025-01-23,0919,N21,VIIRS,n,2.0NRT,299.49,29.61,N
32.46878,-116.64452,349.16,0.46,0.39,2025-01-23,0919,N21,VIIRS,n,2.0NRT,310.75,29.61,N
32.46814,-116.63953,367,0.46,0.39,2025-01-23,0919,N21,VIIRS,h,2.0NRT,317.83,35.2,N
32.46749,-116.63445,353.31,0.46,0.39,2025-01-23,0919,N21,VIIRS,n,2.0NRT,299.17,35.2,N
32.46684,-116.62937,367,0.46,0.39,2025-01-23,0919,N21,VIIRS,h,2.0NRT,294.03,10.8,N
32.46622,-116.62457,354.23,0.46,0.39,2025-01-23,0919,N21,VIIRS,n,2.0NRT,294.48,10.8,N
32.46563,-116.6199,351.35,0.46,0.39,2025-01-23,0919,N21,VIIRS,n,2.0NRT,292.34,8.18,N
32.46503,-116.6153,348.82,0.46,0.39,2025-01-23,0919,N21,VIIRS,n,2.0NRT,293.99,8.18,N
32.46442,-116.61053,322.28,0.46,0.39,2025-01-23,0919,N21,VIIRS,n,2.0NRT,284.79,4.16,N
32.4665,-116.65527,344.66,0.46,0.39,2025-01-23,0919,N21,VIIRS,n,2.0NRT,289.84,7.9,N
32.46585,-116.65014,351.33,0.46,0.39,2025-01-23,0919,N21,VIIRS,n,2.0NRT,291.52,85.41,N
32.46453,-116.63995,347.52,0.46,0.39,2025-01-23,0919,N21,VIIRS,n,2.0NRT,296.39,31.29,N
32.46389,-116.6349,344.72,0.46,0.39,2025-01-23,0919,N21,VIIRS,n,2.0NRT,310.49,31.29,N
32.46325,-116.62988,367,0.46,0.39,2025-01-23,0919,N21,VIIRS,h,2.0NRT,295.78,19.12,N
32.46265,-116.62518,367,0.46,0.39,2025-01-23,0919,N21,VIIRS,h,2.0NRT,297.99,19.12,N
32.46206,-116.62056,367,0.46,0.39,2025-01-23,0919,N21,VIIRS,h,2.0NRT,295.48,26.45,N
32.46148,-116.616,367,0.46,0.39,2025-01-23,0919,N21,VIIRS,h,2.0NRT,293.68,26.45,N
32.46088,-116.61133,331.67,0.46,0.39,2025-01-23,0919,N21,VIIRS,n,2.0NRT,296.21,12.53,N
32.46161,-116.6456,332.14,0.46,0.39,2025-01-23,0919,N21,VIIRS,n,2.0NRT,287.78,85.41,N
32.46096,-116.64053,354.08,0.46,0.39,2025-01-23,0919,N21,VIIRS,n,2.0NRT,300.91,31.29,N
32.46032,-116.63554,367,0.46,0.39,2025-01-23,0919,N21,VIIRS,h,2.0NRT,296.93,31.29,N
32.45969,-116.63063,353.91,0.46,0.39,2025-01-23,0919,N21,VIIRS,n,2.0NRT,302.78,19.12,N
32.45909,-116.62593,367,0.46,0.39,2025-01-23,0919,N21,VIIRS,h,2.0NRT,296.15,19.12,N
32.45851,-116.62133,367,0.46,0.39,2025-01-23,0919,N21,VIIRS,h,2.0NRT,298.82,26.45,N
32.45792,-116.61674,350.36,0.46,0.39,2025-01-23,0919,N21,VIIRS,n,2.0NRT,306.5,26.45,N
32.45732,-116.61207,328.34,0.46,0.39,2025-01-23,0919,N21,VIIRS,n,2.0NRT,287.34,12.53,N
32.45807,-116.64645,328.06,0.46,0.39,2025-01-23,0919,N21,VIIRS,n,2.0NRT,311.44,39.45,N
32.45741,-116.64133,367,0.46,0.39,2025-01-23,0919,N21,VIIRS,h,2.0NRT,295.31,34.58,N
32.45676,-116.63628,338.9,0.46,0.39,2025-01-23,0919,N21,VIIRS,n,2.0NRT,310.8,34.58,N
32.45614,-116.63144,367,0.46,0.39,2025-01-23,0919,N21,VIIRS,h,2.0NRT,347.18,193.34,N
32.45554,-116.62672,352.01,0.46,0.39,2025-01-23,0919,N21,VIIRS,n,2.0NRT,307.25,193.34,N
32.45496,-116.62213,352.78,0.46,0.39,2025-01-23,0919,N21,VIIRS,n,2.0NRT,299.56,11.37,N
32.45437,-116.61749,309.31,0.46,0.39,2025-01-23,0919,N21,VIIRS,n,2.0NRT,285.57,11.37,N
32.45321,-116.63702,333.96,0.46,0.39,2025-01-23,0919,N21,VIIRS,n,2.0NRT,291.73,34.58,N
32.45452,-116.64732,299.33,0.46,0.39,2025-01-23,0919,N21,VIIRS,n,2.0NRT,285.73,39.45,N
32.45386,-116.64214,300.12,0.46,0.39,2025-01-23,0919,N21,VIIRS,n,2.0NRT,286.7,34.58,N
32.452,-116.6275,312.42,0.46,0.39,2025-01-23,0919,N21,VIIRS,n,2.0NRT,301.76,193.34,N
32.4514,-116.62287,297.34,0.46,0.39,2025-01-23,0919,N21,VIIRS,n,2.0NRT,285.4,11.37,N
32.44965,-116.63776,323.22,0.46,0.39,2025-01-23,0919,N21,VIIRS,n,2.0NRT,289.24,24.97,N
32.44904,-116.63294,367,0.46,0.39,2025-01-23,0919,N21,VIIRS,h,2.0NRT,351.65,87.59,N
32.44844,-116.62824,325.78,0.46,0.39,2025-01-23,0919,N21,VIIRS,n,2.0NRT,287.16,87.59,N
32.44548,-116.63369,305.72,0.46,0.39,2025-01-23,0919,N21,VIIRS,n,2.0NRT,285.82,87.59,N
32.47585,-117.05399,303.89,0.48,0.4,2025-01-23,0919,N21,VIIRS,n,2.0NRT,285.34,1.01,N
32.37351,-117.06956,300.01,0.48,0.4,2025-01-23,0919,N21,VIIRS,n,2.0NRT,275.44,1.14,N
32.22307,-116.90156,330.45,0.44,0.39,2025-01-23,2038,N21,VIIRS,n,2.0NRT,302.13,2.6,D
32.23005,-116.90331,333.76,0.44,0.39,2025-01-23,2038,N21,VIIRS,n,2.0NRT,299.62,5.58,D
32.3049,-117.03648,335.55,0.45,0.39,2025-01-23,2038,N21,VIIRS,n,2.0NRT,301.59,4.11,D
32.44442,-116.59876,341.38,0.43,0.38,2025-01-23,2038,N21,VIIRS,n,2.0NRT,297.79,3.77,D
32.5038,-116.27698,340.63,0.42,0.38,2025-01-23,2038,N21,VIIRS,n,2.0NRT,293.57,7.8,D
32.4521,-116.59592,347.31,0.43,0.38,2025-01-23,2038,N21,VIIRS,n,2.0NRT,299.01,8.23,D
32.45075,-116.5942,335.24,0.43,0.38,2025-01-23,2038,N21,VIIRS,n,2.0NRT,296.81,4.53,D
32.45419,-116.59505,333.53,0.43,0.38,2025-01-23,2038,N21,VIIRS,n,2.0NRT,296.52,4.53,D
32.46812,-116.59756,337.33,0.43,0.38,2025-01-23,2038,N21,VIIRS,n,2.0NRT,297.88,6.08,D
32.46724,-116.60241,344.46,0.43,0.38,2025-01-23,2038,N21,VIIRS,n,2.0NRT,305.82,6.08,D
32.47157,-116.59831,355.22,0.43,0.38,2025-01-23,2038,N21,VIIRS,n,2.0NRT,312.77,30.21,D
32.47499,-116.59924,344.39,0.43,0.38,2025-01-23,2038,N21,VIIRS,n,2.0NRT,293.82,30.21,D
32.40727,-116.97632,335.69,0.44,0.39,2025-01-23,2038,N21,VIIRS,n,2.0NRT,298.62,3.25,D
32.49314,-116.61827,336.93,0.43,0.38,2025-01-23,2038,N21,VIIRS,n,2.0NRT,299.33,9.15,D
32.49236,-116.6227,352.4,0.43,0.38,2025-01-23,2038,N21,VIIRS,n,2.0NRT,304.1,5.53,D
32.49158,-116.62716,331.55,0.43,0.38,2025-01-23,2038,N21,VIIRS,n,2.0NRT,298.46,5.53,D
32.48322,-116.6741,334.91,0.43,0.38,2025-01-23,2038,N21,VIIRS,n,2.0NRT,297.33,5.41,D
32.4958,-116.62357,348.77,0.43,0.38,2025-01-23,2038,N21,VIIRS,n,2.0NRT,295.18,18.67,D
32.49503,-116.62794,352.29,0.43,0.38,2025-01-23,2038,N21,VIIRS,n,2.0NRT,309.71,18.67,D
32.49762,-116.63354,344.94,0.43,0.38,2025-01-23,2038,N21,VIIRS,n,2.0NRT,295.08,8.46,D
32.49428,-116.65235,336.28,0.43,0.38,2025-01-23,2038,N21,VIIRS,n,2.0NRT,297.93,4.72,D
32.49177,-116.66652,346.96,0.43,0.38,2025-01-23,2038,N21,VIIRS,n,2.0NRT,315.51,44.45,D
32.49096,-116.6711,344.47,0.43,0.38,2025-01-23,2038,N21,VIIRS,n,2.0NRT,302.92,14.38,D
32.50021,-116.63917,330.95,0.43,0.38,2025-01-23,2038,N21,VIIRS,n,2.0NRT,297.8,9.3,D
32.4994,-116.64383,333.76,0.43,0.38,2025-01-23,2038,N21,VIIRS,n,2.0NRT,299.05,8.55,D
32.49772,-116.65324,346.26,0.43,0.38,2025-01-23,2038,N21,VIIRS,n,2.0NRT,297.66,7.83,D
32.49688,-116.65802,345.53,0.43,0.38,2025-01-23,2038,N21,VIIRS,n,2.0NRT,299.36,7.83,D
32.50364,-116.6401,330.77,0.43,0.38,2025-01-23,2038,N21,VIIRS,n,2.0NRT,297.44,9.3,D
32.50283,-116.64471,333.55,0.43,0.38,2025-01-23,2038,N21,VIIRS,n,2.0NRT,293.67,8.55,D
32.46491,-117.00043,337.67,0.44,0.39,2025-01-23,2038,N21,VIIRS,n,2.0NRT,297.17,8.2,D
32.49803,-116.83481,333.5,0.44,0.38,2025-01-23,2038,N21,VIIRS,n,2.0NRT,302.48,6.45,D
32.52499,-116.70259,342.48,0.43,0.38,2025-01-23,2038,N21,VIIRS,n,2.0NRT,297.7,4.72,D
33.25102,-115.49464,349.6,0.4,0.37,2025-01-23,2038,N21,VIIRS,n,2.0NRT,299.15,6.48,D
33.25032,-115.49884,355.45,0.4,0.37,2025-01-23,2038,N21,VIIRS,l,2.0NRT,299.12,27.09,D
33.25435,-115.4954,346.85,0.4,0.37,2025-01-23,2038,N21,VIIRS,n,2.0NRT,298.38,6.48,D
33.25697,-115.50038,346.87,0.4,0.37,2025-01-23,2038,N21,VIIRS,n,2.0NRT,298.91,3.79,D
34.15369,-118.195,332.03,0.47,0.4,2025-01-23,2038,N21,VIIRS,n,2.0NRT,302.46,1.6,D
34.56648,-118.62125,347.15,0.48,0.4,2025-01-23,2038,N21,VIIRS,n,2.0NRT,304.65,12.57,D
34.57218,-118.61121,341.4,0.48,0.4,2025-01-23,2038,N21,VIIRS,n,2.0NRT,300.55,10.58,D
36.52297,-120.28791,327.32,0.53,0.42,2025-01-23,2040,N21,VIIRS,n,2.0NRT,293.82,2.18,D
37.1288,-119.27417,333.05,0.47,0.4,2025-01-23,2040,N21,VIIRS,n,2.0NRT,290.23,9.02,D
37.12783,-119.27935,330.13,0.47,0.4,2025-01-23,2040,N21,VIIRS,n,2.0NRT,289.75,5.5,D
37.12597,-119.27631,342.99,0.47,0.4,2025-01-23,2040,N21,VIIRS,n,2.0NRT,292.67,7.23,D
37.12955,-119.27728,340.08,0.47,0.4,2025-01-23,2040,N21,VIIRS,n,2.0NRT,289.34,7.23,D
36.75439,-121.27306,338.73,0.39,0.44,2025-01-23,2040,N21,VIIRS,n,2.0NRT,296.72,5.63,D
34.60515,-117.33411,297.38,0.63,0.54,2025-01-24,0900,N21,VIIRS,n,2.0NRT,271.09,2.06,N
34.42823,-118.64565,304.69,0.37,0.58,2025-01-24,0900,N21,VIIRS,n,2.0NRT,281.1,0.85,N
34.33576,-118.51964,309.59,0.37,0.58,2025-01-24,0900,N21,VIIRS,n,2.0NRT,281.24,1.06,N
34.23232,-118.09465,319.72,0.35,0.56,2025-01-24,0900,N21,VIIRS,n,2.0NRT,283.73,1.9,N
34.15436,-118.19335,313.89,0.35,0.57,2025-01-24,0900,N21,VIIRS,n,2.0NRT,280.06,0.61,N
34.03978,-117.8227,295.87,0.33,0.55,2025-01-24,0900,N21,VIIRS,n,2.0NRT,281.36,0.41,N
34.04131,-117.8223,295.98,0.33,0.55,2025-01-24,0900,N21,VIIRS,n,2.0NRT,281.81,0.37,N
33.90474,-118.4034,297.42,0.36,0.57,2025-01-24,0900,N21,VIIRS,n,2.0NRT,286.59,1.39,N
33.85213,-118.33532,296.31,0.35,0.57,2025-01-24,0900,N21,VIIRS,n,2.0NRT,286.22,1.13,N
33.85186,-118.33154,310.74,0.35,0.57,2025-01-24,0900,N21,VIIRS,n,2.0NRT,291.25,1.13,N
33.81923,-118.24358,305.13,0.35,0.57,2025-01-24,0900,N21,VIIRS,n,2.0NRT,289.18,1.18,N
33.81349,-118.2366,297.56,0.35,0.57,2025-01-24,0900,N21,VIIRS,n,2.0NRT,285.78,1.5,N
33.77687,-118.23656,297.64,0.35,0.57,2025-01-24,0900,N21,VIIRS,n,2.0NRT,284.18,0.26,N
33.68518,-117.19891,315.23,0.6,0.53,2025-01-24,0900,N21,VIIRS,n,2.0NRT,272.82,3.07,N
33.71375,-117.7121,302.21,0.32,0.55,2025-01-24,0900,N21,VIIRS,n,2.0NRT,281.12,0.53,N
33.68708,-117.19877,313.65,0.6,0.53,2025-01-24,0900,N21,VIIRS,n,2.0NRT,273.75,2.06,N
33.71402,-117.71151,305.13,0.32,0.55,2025-01-24,0900,N21,VIIRS,n,2.0NRT,281.44,0.91,N
33.61159,-117.82288,305.37,0.33,0.55,2025-01-24,0900,N21,VIIRS,n,2.0NRT,281.28,0.69,N
32.62902,-116.88187,305.96,0.56,0.52,2025-01-24,0902,N21,VIIRS,n,2.0NRT,285,0.81,N
32.62845,-116.87524,302.69,0.56,0.52,2025-01-24,0902,N21,VIIRS,n,2.0NRT,286.08,0.81,N
32.62423,-116.88182,331.58,0.56,0.52,2025-01-24,0902,N21,VIIRS,n,2.0NRT,286.36,2.23,N
32.6269,-116.913,298.39,0.56,0.52,2025-01-24,0902,N21,VIIRS,n,2.0NRT,284.32,1.96,N
32.62638,-116.90688,303.96,0.56,0.52,2025-01-24,0902,N21,VIIRS,n,2.0NRT,285.21,2.87,N
32.62585,-116.90073,305.61,0.56,0.52,2025-01-24,0902,N21,VIIRS,n,2.0NRT,285.35,2.87,N
32.62532,-116.89451,303.45,0.56,0.52,2025-01-24,0902,N21,VIIRS,n,2.0NRT,285.21,2.46,N
32.62478,-116.88822,304.61,0.56,0.52,2025-01-24,0902,N21,VIIRS,n,2.0NRT,285.44,2.46,N
32.62367,-116.87521,305.79,0.56,0.52,2025-01-24,0902,N21,VIIRS,n,2.0NRT,287.1,2.23,N
32.62311,-116.86866,298.06,0.56,0.52,2025-01-24,0902,N21,VIIRS,n,2.0NRT,286.08,1.24,N
32.62162,-116.90721,324.59,0.56,0.52,2025-01-24,0902,N21,VIIRS,n,2.0NRT,285.54,2.87,N
32.62109,-116.90101,323.6,0.56,0.52,2025-01-24,0902,N21,VIIRS,n,2.0NRT,287.02,2.87,N
32.62056,-116.89475,322.2,0.56,0.52,2025-01-24,0902,N21,VIIRS,n,2.0NRT,286.93,2.46,N
32.61945,-116.88179,324.31,0.56,0.52,2025-01-24,0902,N21,VIIRS,n,2.0NRT,287.48,2.23,N
32.61887,-116.87498,320.74,0.56,0.52,2025-01-24,0902,N21,VIIRS,n,2.0NRT,286.93,2.23,N
32.6237,-116.93169,297.26,0.57,0.52,2025-01-24,0902,N21,VIIRS,n,2.0NRT,279.54,1.26,N
32.62319,-116.92567,300.63,0.57,0.52,2025-01-24,0902,N21,VIIRS,n,2.0NRT,281.54,1.26,N
32.62267,-116.91957,305.05,0.56,0.52,2025-01-24,0902,N21,VIIRS,n,2.0NRT,283.23,1.96,N
32.62215,-116.9134,315.32,0.56,0.52,2025-01-24,0902,N21,VIIRS,n,2.0NRT,284.46,1.96,N
32.62001,-116.88829,319.62,0.56,0.52,2025-01-24,0902,N21,VIIRS,n,2.0NRT,287.94,2.46,N
32.61831,-116.8684,311.91,0.56,0.52,2025-01-24,0902,N21,VIIRS,n,2.0NRT,287.11,1.24,N
32.61738,-116.91362,326.24,0.56,0.52,2025-01-24,0902,N21,VIIRS,n,2.0NRT,283.84,4.51,N
32.61685,-116.90744,336.98,0.56,0.52,2025-01-24,0902,N21,VIIRS,n,2.0NRT,285.86,9.61,N
32.61633,-116.90125,340.18,0.56,0.52,2025-01-24,0902,N21,VIIRS,n,2.0NRT,287.67,9.61,N
32.61579,-116.89493,341.62,0.56,0.52,2025-01-24,0902,N21,VIIRS,n,2.0NRT,289.72,346.01,N
32.61525,-116.8886,367,0.56,0.52,2025-01-24,0902,N21,VIIRS,h,2.0NRT,316.43,346.01,N
32.61405,-116.87448,367,0.56,0.52,2025-01-24,0902,N21,VIIRS,h,2.0NRT,325.52,0,N
32.61348,-116.86781,324.5,0.56,0.52,2025-01-24,0902,N21,VIIRS,n,2.0NRT,287.3,66.56,N
32.61896,-116.93228,301.15,0.57,0.52,2025-01-24,0902,N21,VIIRS,n,2.0NRT,278.03,1.81,N
32.61844,-116.9262,306,0.57,0.52,2025-01-24,0902,N21,VIIRS,n,2.0NRT,280.41,1.81,N
32.61791,-116.91997,313.9,0.56,0.52,2025-01-24,0902,N21,VIIRS,n,2.0NRT,282.31,4.51,N
32.613,-116.86216,300.76,0.56,0.52,2025-01-24,0902,N21,VIIRS,n,2.0NRT,287.39,66.56,N
32.6126,-116.91376,330.25,0.56,0.52,2025-01-24,0902,N21,VIIRS,n,2.0NRT,283.2,4.51,N
32.61208,-116.90757,341.85,0.56,0.52,2025-01-24,0902,N21,VIIRS,n,2.0NRT,285.24,9.61,N
32.61155,-116.90135,347.92,0.56,0.52,2025-01-24,0902,N21,VIIRS,n,2.0NRT,287.52,9.61,N
32.611,-116.89493,367,0.56,0.52,2025-01-24,0902,N21,VIIRS,h,2.0NRT,291.87,346.01,N
32.61047,-116.8886,367,0.56,0.52,2025-01-24,0902,N21,VIIRS,h,2.0NRT,340.95,346.01,N
32.60871,-116.8679,367,0.56,0.52,2025-01-24,0902,N21,VIIRS,h,2.0NRT,334.66,66.56,N
32.60822,-116.86201,349.27,0.56,0.52,2025-01-24,0902,N21,VIIRS,n,2.0NRT,291.52,66.56,N
32.61369,-116.92672,298.72,0.57,0.52,2025-01-24,0902,N21,VIIRS,n,2.0NRT,281.12,1.81,N
32.61316,-116.92036,314.28,0.56,0.52,2025-01-24,0902,N21,VIIRS,n,2.0NRT,281.31,4.51,N
32.6076,-116.85476,319.78,0.56,0.51,2025-01-24,0902,N21,VIIRS,n,2.0NRT,286.64,9.54,N
32.60726,-116.90723,324.07,0.56,0.52,2025-01-24,0902,N21,VIIRS,n,2.0NRT,284.6,4.15,N
32.60673,-116.90092,327.12,0.56,0.52,2025-01-24,0902,N21,VIIRS,n,2.0NRT,286.32,4.15,N
32.6062,-116.89465,346.24,0.56,0.52,2025-01-24,0902,N21,VIIRS,n,2.0NRT,289.87,37.9,N
32.60566,-116.88829,354.49,0.56,0.52,2025-01-24,0902,N21,VIIRS,n,2.0NRT,302.24,37.9,N
32.60396,-116.86816,367,0.56,0.52,2025-01-24,0902,N21,VIIRS,h,2.0NRT,338.36,70.08,N
32.60842,-116.92094,299.91,0.56,0.52,2025-01-24,0902,N21,VIIRS,n,2.0NRT,280.94,2.71,N
32.60781,-116.91381,315.17,0.56,0.52,2025-01-24,0902,N21,VIIRS,n,2.0NRT,282.28,2.71,N
32.60343,-116.8618,316.92,0.56,0.52,2025-01-24,0902,N21,VIIRS,n,2.0NRT,296.74,70.08,N
32.60281,-116.8545,313.62,0.56,0.51,2025-01-24,0902,N21,VIIRS,n,2.0NRT,286.55,20.06,N
32.60213,-116.84648,305.89,0.56,0.51,2025-01-24,0902,N21,VIIRS,n,2.0NRT,283.28,20.06,N
32.60036,-116.882,322.29,0.56,0.52,2025-01-24,0902,N21,VIIRS,n,2.0NRT,288.23,617.8,N
32.59977,-116.87508,347.77,0.56,0.52,2025-01-24,0902,N21,VIIRS,n,2.0NRT,300.02,617.8,N
32.59918,-116.86807,341.79,0.56,0.52,2025-01-24,0902,N21,VIIRS,n,2.0NRT,292.42,70.08,N
32.59738,-116.84669,345.49,0.56,0.51,2025-01-24,0902,N21,VIIRS,n,2.0NRT,304.45,20.06,N
32.60247,-116.90721,296.16,0.56,0.52,2025-01-24,0902,N21,VIIRS,n,2.0NRT,283.11,4.15,N
32.60144,-116.89487,298.08,0.56,0.52,2025-01-24,0902,N21,VIIRS,n,2.0NRT,283.68,37.9,N
32.60088,-116.88822,310.87,0.56,0.52,2025-01-24,0902,N21,VIIRS,n,2.0NRT,286.37,37.9,N
32.59863,-116.86154,308.48,0.56,0.52,2025-01-24,0902,N21,VIIRS,n,2.0NRT,285.76,70.08,N
32.59803,-116.85442,319.44,0.56,0.51,2025-01-24,0902,N21,VIIRS,n,2.0NRT,287.95,20.06,N
32.59442,-116.86819,336.65,0.56,0.52,2025-01-24,0902,N21,VIIRS,n,2.0NRT,287.21,4.9,N
32.59557,-116.88188,298.49,0.56,0.52,2025-01-24,0902,N21,VIIRS,n,2.0NRT,286.34,1.46,N
32.595,-116.87507,298.63,0.56,0.52,2025-01-24,0902,N21,VIIRS,n,2.0NRT,286.52,1.46,N
32.59386,-116.86157,295.82,0.56,0.52,2025-01-24,0902,N21,VIIRS,n,2.0NRT,284.05,4.9,N
32.59327,-116.85447,299.59,0.56,0.51,2025-01-24,0902,N21,VIIRS,n,2.0NRT,283.86,3.75,N
32.59248,-116.86434,301.14,0.56,0.51,2025-01-24,0902,N21,VIIRS,n,2.0NRT,283.7,1.51,N
32.51182,-116.65228,298.4,0.54,0.51,2025-01-24,0902,N21,VIIRS,n,2.0NRT,282.82,1.46,N
32.50767,-116.65861,296.12,0.54,0.51,2025-01-24,0902,N21,VIIRS,n,2.0NRT,283.07,1.38,N
32.50713,-116.65242,295.66,0.54,0.51,2025-01-24,0902,N21,VIIRS,n,2.0NRT,282.69,1.03,N
32.50355,-116.66531,305.51,0.54,0.51,2025-01-24,0902,N21,VIIRS,n,2.0NRT,283.03,1.38,N
32.50302,-116.65933,303.52,0.54,0.51,2025-01-24,0902,N21,VIIRS,n,2.0NRT,282.79,1.38,N
32.49891,-116.66609,300.88,0.54,0.51,2025-01-24,0902,N21,VIIRS,n,2.0NRT,283.07,1.61,N
32.49453,-116.61634,298.08,0.54,0.51,2025-01-24,0902,N21,VIIRS,n,2.0NRT,280.63,1.6,N
32.48812,-116.87122,339.42,0.56,0.51,2025-01-24,0902,N21,VIIRS,n,2.0NRT,286.42,13,N
32.46726,-116.84991,297.9,0.56,0.51,2025-01-24,0902,N21,VIIRS,n,2.0NRT,283.83,0.75,N
32.48667,-116.87276,341.11,0.56,0.51,2025-01-24,0902,N21,VIIRS,n,2.0NRT,285.55,12.93,N
32.38178,-116.98677,299.98,0.57,0.52,2025-01-24,0902,N21,VIIRS,n,2.0NRT,284.58,1.06,N
34.60864,-117.33275,295.25,0.65,0.73,2025-01-24,1040,N21,VIIRS,n,2.0NRT,270.38,3.56,N
34.61077,-117.3359,295.86,0.65,0.73,2025-01-24,1040,N21,VIIRS,n,2.0NRT,269.79,1.67,N
34.43081,-118.6432,296.69,0.56,0.69,2025-01-24,1040,N21,VIIRS,n,2.0NRT,279.8,0.7,N
32.63981,-116.88932,296.44,0.78,0.78,2025-01-24,1040,N21,VIIRS,n,2.0NRT,284.18,60.35,N
32.6372,-116.88081,301.33,0.78,0.78,2025-01-24,1040,N21,VIIRS,n,2.0NRT,284.49,50.7,N
32.63506,-116.87383,301,0.78,0.78,2025-01-24,1040,N21,VIIRS,n,2.0NRT,284.51,50.7,N
32.63306,-116.86732,295.04,0.78,0.78,2025-01-24,1040,N21,VIIRS,n,2.0NRT,284.77,3.88,N
32.635,-116.89845,336.47,0.78,0.78,2025-01-24,1040,N21,VIIRS,n,2.0NRT,286.27,60.35,N
32.63266,-116.89081,354.92,0.78,0.78,2025-01-24,1040,N21,VIIRS,n,2.0NRT,302.46,60.35,N
32.63039,-116.88343,350.21,0.78,0.78,2025-01-24,1040,N21,VIIRS,n,2.0NRT,308.96,50.7,N
32.6284,-116.87695,345.72,0.78,0.78,2025-01-24,1040,N21,VIIRS,n,2.0NRT,285.72,50.7,N
32.63742,-116.90635,296.25,0.78,0.78,2025-01-24,1040,N21,VIIRS,n,2.0NRT,284.4,5.37,N
32.62656,-116.87096,313.35,0.78,0.78,2025-01-24,1040,N21,VIIRS,n,2.0NRT,284.96,3.88,N
32.6245,-116.86425,298.03,0.78,0.78,2025-01-24,1040,N21,VIIRS,n,2.0NRT,285.3,3.88,N
32.63768,-116.87617,295.14,0.78,0.78,2025-01-24,1040,N21,VIIRS,n,2.0NRT,284.55,2.54,N
32.63535,-116.89375,367,0.78,0.78,2025-01-24,1040,N21,VIIRS,h,2.0NRT,290.83,32.04,N
32.63307,-116.88613,345.99,0.78,0.78,2025-01-24,1040,N21,VIIRS,n,2.0NRT,301.12,77.49,N
32.63092,-116.87901,335.24,0.78,0.78,2025-01-24,1040,N21,VIIRS,n,2.0NRT,290.48,77.49,N
32.62907,-116.87284,320.4,0.78,0.78,2025-01-24,1040,N21,VIIRS,n,2.0NRT,284.44,16.14,N
32.63773,-116.90163,301.73,0.78,0.78,2025-01-24,1040,N21,VIIRS,n,2.0NRT,284.63,32.04,N
32.62713,-116.86641,300.42,0.78,0.78,2025-01-24,1040,N21,VIIRS,n,2.0NRT,284.88,16.14,N
32.62859,-116.8965,354.86,0.78,0.78,2025-01-24,1040,N21,VIIRS,n,2.0NRT,288.78,32.04,N
32.62647,-116.88945,347.1,0.78,0.78,2025-01-24,1040,N21,VIIRS,n,2.0NRT,288.51,77.49,N
32.62448,-116.88286,367,0.78,0.78,2025-01-24,1040,N21,VIIRS,h,2.0NRT,289.19,77.49,N
32.6226,-116.87663,347.03,0.78,0.78,2025-01-24,1040,N21,VIIRS,n,2.0NRT,286.02,16.14,N
32.62075,-116.87051,347.89,0.78,0.78,2025-01-24,1040,N21,VIIRS,n,2.0NRT,286.37,16.14,N
32.63082,-116.90388,307.89,0.78,0.78,2025-01-24,1040,N21,VIIRS,n,2.0NRT,283.13,32.04,N
32.61876,-116.86389,301.42,0.79,0.78,2025-01-24,1040,N21,VIIRS,n,2.0NRT,285.46,8.03,N
32.61616,-116.88049,342.06,0.78,0.78,2025-01-24,1040,N21,VIIRS,n,2.0NRT,287.61,12.31,N
32.61455,-116.87521,367,0.78,0.78,2025-01-24,1040,N21,VIIRS,h,2.0NRT,290.61,12.31,N
32.61057,-116.862,321.67,0.79,0.78,2025-01-24,1040,N21,VIIRS,n,2.0NRT,287.16,6.38,N
32.60737,-116.85145,367,0.79,0.78,2025-01-24,1040,N21,VIIRS,h,2.0NRT,286.44,32.15,N
32.60595,-116.84678,330.01,0.79,0.78,2025-01-24,1040,N21,VIIRS,n,2.0NRT,283.78,65.25,N
32.6242,-116.90716,310.09,0.78,0.78,2025-01-24,1040,N21,VIIRS,n,2.0NRT,283.08,3.98,N
32.62206,-116.90004,310.84,0.78,0.78,2025-01-24,1040,N21,VIIRS,n,2.0NRT,285.12,3.98,N
32.62001,-116.89323,303.8,0.78,0.78,2025-01-24,1040,N21,VIIRS,n,2.0NRT,284.33,3.92,N
32.61803,-116.88671,306.37,0.78,0.78,2025-01-24,1040,N21,VIIRS,n,2.0NRT,284.62,3.92,N
32.61285,-116.86959,316.58,0.79,0.78,2025-01-24,1040,N21,VIIRS,n,2.0NRT,285.94,6.38,N
32.60884,-116.8563,301.06,0.79,0.78,2025-01-24,1040,N21,VIIRS,n,2.0NRT,285.07,32.15,N
32.60077,-116.85481,367,0.79,0.78,2025-01-24,1040,N21,VIIRS,h,2.0NRT,289.84,32.15,N
32.59925,-116.84984,353.2,0.79,0.78,2025-01-24,1040,N21,VIIRS,n,2.0NRT,314.29,65.25,N
32.59755,-116.84422,341.39,0.79,0.78,2025-01-24,1040,N21,VIIRS,n,2.0NRT,287.65,65.25,N
32.61556,-116.9037,308.28,0.78,0.78,2025-01-24,1040,N21,VIIRS,n,2.0NRT,282.64,3.98,N
32.61353,-116.89695,308.62,0.78,0.78,2025-01-24,1040,N21,VIIRS,n,2.0NRT,283.58,3.92,N
32.6115,-116.89027,303.76,0.78,0.78,2025-01-24,1040,N21,VIIRS,n,2.0NRT,283.71,3.92,N
32.60961,-116.88399,302.31,0.78,0.78,2025-01-24,1040,N21,VIIRS,n,2.0NRT,283.72,12.31,N
32.60777,-116.87791,308.71,0.78,0.78,2025-01-24,1040,N21,VIIRS,n,2.0NRT,286.52,12.31,N
32.6062,-116.87275,313.45,0.79,0.78,2025-01-24,1040,N21,VIIRS,n,2.0NRT,289.53,6.38,N
32.60424,-116.86627,305.43,0.79,0.78,2025-01-24,1040,N21,VIIRS,n,2.0NRT,286.71,6.38,N
32.60238,-116.86012,299.38,0.79,0.78,2025-01-24,1040,N21,VIIRS,n,2.0NRT,285.1,32.15,N
32.6013,-116.88172,326.21,0.78,0.78,2025-01-24,1040,N21,VIIRS,n,2.0NRT,291.14,11,N
32.59954,-116.87592,355.06,0.79,0.78,2025-01-24,1040,N21,VIIRS,n,2.0NRT,298.1,15.52,N
32.5979,-116.87051,330.15,0.79,0.78,2025-01-24,1040,N21,VIIRS,n,2.0NRT,292.48,15.52,N
32.60536,-116.89512,296.06,0.78,0.78,2025-01-24,1040,N21,VIIRS,n,2.0NRT,282.97,4.61,N
32.6034,-116.88865,317.74,0.78,0.78,2025-01-24,1040,N21,VIIRS,n,2.0NRT,287.96,11,N
32.59599,-116.8642,303.41,0.79,0.78,2025-01-24,1040,N21,VIIRS,n,2.0NRT,285.11,13.57,N
32.59494,-116.88585,322.21,0.78,0.78,2025-01-24,1040,N21,VIIRS,n,2.0NRT,285.3,11,N
32.59293,-116.8792,334.58,0.79,0.78,2025-01-24,1040,N21,VIIRS,n,2.0NRT,291.1,15.52,N
32.59107,-116.87308,329.79,0.79,0.78,2025-01-24,1040,N21,VIIRS,n,2.0NRT,290.15,15.52,N
32.58917,-116.86683,355.61,0.79,0.78,2025-01-24,1040,N21,VIIRS,n,2.0NRT,289.22,13.57,N
32.37872,-116.98669,300.65,0.78,0.78,2025-01-24,1040,N21,VIIRS,n,2.0NRT,282.76,1.32,N
32.60003,-116.84951,339.14,0.5,0.49,2025-01-24,2021,N21,VIIRS,n,2.0NRT,301.01,7.72,D
32.59235,-116.88395,340.27,0.5,0.49,2025-01-24,2021,N21,VIIRS,n,2.0NRT,306.2,25.95,D
32.60418,-116.85175,338.68,0.5,0.49,2025-01-24,2021,N21,VIIRS,n,2.0NRT,297.53,7.72,D
32.59671,-116.88531,336.14,0.5,0.49,2025-01-24,2021,N21,VIIRS,n,2.0NRT,298.12,25.95,D
32.59972,-116.89272,340.03,0.5,0.49,2025-01-24,2021,N21,VIIRS,n,2.0NRT,299.3,15.6,D
32.60406,-116.89421,343.61,0.5,0.49,2025-01-24,2021,N21,VIIRS,n,2.0NRT,308.21,15.6,D
32.61438,-116.86864,327,0.5,0.49,2025-01-24,2021,N21,VIIRS,n,2.0NRT,298.12,4.46,D
32.60829,-116.89616,347.5,0.5,0.49,2025-01-24,2021,N21,VIIRS,n,2.0NRT,298.2,13.54,D
32.60715,-116.90128,347.71,0.5,0.49,2025-01-24,2021,N21,VIIRS,n,2.0NRT,296.04,22.19,D
32.62083,-116.86057,345.56,0.5,0.49,2025-01-24,2021,N21,VIIRS,n,2.0NRT,303.12,17.48,D
32.61964,-116.86591,347.92,0.5,0.49,2025-01-24,2021,N21,VIIRS,n,2.0NRT,297.39,17.48,D
32.61135,-116.9034,342.81,0.5,0.49,2025-01-24,2021,N21,VIIRS,n,2.0NRT,302.35,22.19,D
32.62642,-116.8563,346.03,0.5,0.49,2025-01-24,2021,N21,VIIRS,n,2.0NRT,300.72,19.9,D
32.62506,-116.86246,336.41,0.5,0.49,2025-01-24,2021,N21,VIIRS,n,2.0NRT,301.56,12.65,D
32.61562,-116.90517,343.18,0.5,0.49,2025-01-24,2021,N21,VIIRS,n,2.0NRT,298.62,10.81,D
32.61993,-116.90678,338.15,0.5,0.49,2025-01-24,2021,N21,VIIRS,n,2.0NRT,295.06,10.81,D
32.63206,-116.89407,339.92,0.5,0.49,2025-01-24,2021,N21,VIIRS,n,2.0NRT,301.36,14.65,D
32.59734,-116.89645,299.64,0.54,0.68,2025-01-25,0841,N21,VIIRS,n,2.0NRT,276.43,1.45,N
32.59081,-116.89048,303.92,0.54,0.68,2025-01-25,0841,N21,VIIRS,n,2.0NRT,280.95,2.93,N
34.08072,-117.49942,299.83,0.36,0.57,2025-01-25,1021,N21,VIIRS,n,2.0NRT,277.61,0.81,N
32.59716,-116.89396,301.85,0.42,0.61,2025-01-25,1021,N21,VIIRS,n,2.0NRT,269.32,1.05,N
32.59626,-116.89045,305.13,0.42,0.61,2025-01-25,1021,N21,VIIRS,n,2.0NRT,269.31,1.05,N
32.24514,-116.44638,326.06,0.45,0.63,2025-01-25,1959,N21,VIIRS,l,2.0NRT,296.19,4.35,D
32.59265,-116.8887,367,0.46,0.64,2025-01-25,1959,N21,VIIRS,h,2.0NRT,296,17.03,D
32.59818,-116.89105,334.4,0.46,0.64,2025-01-25,1959,N21,VIIRS,n,2.0NRT,294.36,5.54,D
32.24584,-116.44582,329.6,0.52,0.67,2025-01-25,2140,N21,VIIRS,n,2.0NRT,295.86,3.51,D
32.59423,-116.89003,326.49,0.49,0.65,2025-01-25,2140,N21,VIIRS,n,2.0NRT,290.41,5.38,D
32.85807,-117.14825,299.41,0.44,0.46,2025-01-26,1004,N21,VIIRS,n,2.0NRT,280.82,0.94,N
37.14721,-120.41588,339.53,0.56,0.43,2025-01-26,2125,N21,VIIRS,n,2.0NRT,288.41,11.12,D
34.2918,-118.80143,296.4,0.38,0.36,2025-01-27,0943,N21,VIIRS,n,2.0NRT,273.3,0.54,N
34.15404,-118.19156,325.6,0.41,0.37,2025-01-27,2103,N21,VIIRS,n,2.0NRT,289.49,1.29,D
34.29169,-118.80034,328.27,0.4,0.37,2025-01-27,2103,N21,VIIRS,n,2.0NRT,290.59,1.9,D
34.42876,-118.64411,326.02,0.4,0.37,2025-01-27,2103,N21,VIIRS,n,2.0NRT,289.94,2.84,D
35.71767,-119.21244,328.27,0.4,0.37,2025-01-27,2103,N21,VIIRS,n,2.0NRT,288.81,3.02,D
36.05682,-118.92786,330.66,0.41,0.37,2025-01-27,2103,N21,VIIRS,n,2.0NRT,289.52,3.13,D
36.04528,-119.14907,328.8,0.4,0.37,2025-01-27,2103,N21,VIIRS,n,2.0NRT,288.8,2.59,D
36.05587,-119.09636,330.43,0.4,0.37,2025-01-27,2103,N21,VIIRS,n,2.0NRT,290.52,5.66,D
35.88858,-120.44703,338.46,0.39,0.36,2025-01-27,2103,N21,VIIRS,n,2.0NRT,290.09,4.95,D
36.2759,-119.30357,330.49,0.4,0.37,2025-01-27,2103,N21,VIIRS,n,2.0NRT,286.77,1.9,D
36.34586,-119.60764,327.68,0.4,0.37,2025-01-27,2103,N21,VIIRS,n,2.0NRT,289.04,2.48,D
36.32363,-120.21831,344.28,0.39,0.36,2025-01-27,2103,N21,VIIRS,n,2.0NRT,294.13,4.62,D
36.32301,-120.2226,334.65,0.39,0.36,2025-01-27,2103,N21,VIIRS,n,2.0NRT,292.89,4.62,D
36.32631,-120.22334,334.67,0.39,0.36,2025-01-27,2103,N21,VIIRS,n,2.0NRT,293.93,4.72,D
36.46697,-119.69124,326.44,0.4,0.37,2025-01-27,2103,N21,VIIRS,n,2.0NRT,289.35,1.64,D
36.48671,-119.67292,328.16,0.4,0.37,2025-01-27,2103,N21,VIIRS,n,2.0NRT,288.58,2.68,D
36.47011,-119.90566,331.94,0.39,0.36,2025-01-27,2103,N21,VIIRS,n,2.0NRT,288.31,2.91,D
36.52458,-119.688,330.23,0.4,0.37,2025-01-27,2103,N21,VIIRS,n,2.0NRT,288.51,2.93,D
36.52553,-120.02074,326.33,0.39,0.36,2025-01-27,2103,N21,VIIRS,n,2.0NRT,288.64,2.42,D
36.59977,-119.51804,328.69,0.4,0.37,2025-01-27,2103,N21,VIIRS,n,2.0NRT,289.01,4.38,D
36.5458,-120.06986,329.54,0.39,0.36,2025-01-27,2103,N21,VIIRS,n,2.0NRT,289.61,3.82,D
36.67444,-119.61479,329.03,0.4,0.37,2025-01-27,2103,N21,VIIRS,n,2.0NRT,288.53,5.18,D
36.68375,-119.67135,329.13,0.4,0.37,2025-01-27,2103,N21,VIIRS,n,2.0NRT,288.02,2.49,D
36.65476,-119.87754,326.5,0.39,0.36,2025-01-27,2103,N21,VIIRS,n,2.0NRT,287.45,3.41,D
36.71019,-119.91551,328.3,0.39,0.36,2025-01-27,2103,N21,VIIRS,n,2.0NRT,289.73,2.03,D
36.70219,-119.97224,326.85,0.39,0.36,2025-01-27,2103,N21,VIIRS,n,2.0NRT,289.86,2.13,D
36.77473,-119.52552,328.64,0.4,0.37,2025-01-27,2103,N21,VIIRS,n,2.0NRT,288.5,5.87,D
36.7729,-119.53887,328.16,0.4,0.37,2025-01-27,2103,N21,VIIRS,n,2.0NRT,287.59,2.55,D
36.71015,-120.18009,327.57,0.39,0.36,2025-01-27,2103,N21,VIIRS,n,2.0NRT,288.17,2.68,D
36.76354,-119.94973,330.9,0.39,0.36,2025-01-27,2103,N21,VIIRS,n,2.0NRT,290.54,7.22,D
36.79154,-120.20544,335.49,0.39,0.36,2025-01-27,2103,N21,VIIRS,n,2.0NRT,289.72,5.21,D
36.8027,-120.19898,330.36,0.39,0.36,2025-01-27,2103,N21,VIIRS,n,2.0NRT,287.71,4.35,D
36.86311,-119.94276,326.37,0.39,0.36,2025-01-27,2103,N21,VIIRS,n,2.0NRT,289.25,4.68,D
36.83773,-120.28727,343.82,0.39,0.36,2025-01-27,2103,N21,VIIRS,n,2.0NRT,290.68,9.21,D
36.8371,-120.2916,353.54,0.39,0.36,2025-01-27,2103,N21,VIIRS,n,2.0NRT,294.17,12.62,D
36.83648,-120.29593,353.02,0.39,0.36,2025-01-27,2103,N21,VIIRS,n,2.0NRT,292.58,12.62,D
36.83585,-120.30025,331.97,0.39,0.36,2025-01-27,2103,N21,VIIRS,n,2.0NRT,291.85,3.39,D
36.85666,-120.1797,327.74,0.39,0.36,2025-01-27,2103,N21,VIIRS,n,2.0NRT,287.24,2.01,D
36.8863,-120.06383,328.89,0.39,0.36,2025-01-27,2103,N21,VIIRS,n,2.0NRT,288.5,4.21,D
36.92137,-119.93621,342.93,0.39,0.36,2025-01-27,2103,N21,VIIRS,n,2.0NRT,290.02,7.36,D
36.93219,-119.95667,326.37,0.39,0.36,2025-01-27,2103,N21,VIIRS,n,2.0NRT,289.27,2.43,D
37.03973,-119.96559,336.27,0.39,0.36,2025-01-27,2103,N21,VIIRS,n,2.0NRT,288.9,4.32,D
37.05511,-119.97803,330.25,0.39,0.36,2025-01-27,2103,N21,VIIRS,n,2.0NRT,289.57,5.18,D
37.00476,-120.33149,328.4,0.39,0.36,2025-01-27,2103,N21,VIIRS,n,2.0NRT,286.42,7.63,D
37.00806,-120.33222,351.2,0.39,0.36,2025-01-27,2103,N21,VIIRS,n,2.0NRT,290.75,7.63,D
37.05536,-120.14521,327.28,0.39,0.36,2025-01-27,2103,N21,VIIRS,n,2.0NRT,288.84,5.48,D
37.0963,-120.40393,327.09,0.39,0.36,2025-01-27,2103,N21,VIIRS,n,2.0NRT,287.24,3.76,D
35.19712,-118.80117,295.92,0.52,0.42,2025-01-28,0926,N21,VIIRS,n,2.0NRT,272.59,0.89,N
34.60722,-117.33907,303.16,0.45,0.39,2025-01-28,0926,N21,VIIRS,n,2.0NRT,273.67,2.13,N
34.42917,-118.64494,310.89,0.5,0.41,2025-01-28,0926,N21,VIIRS,n,2.0NRT,274.2,1.65,N
34.33322,-118.5191,304.51,0.5,0.41,2025-01-28,0926,N21,VIIRS,n,2.0NRT,274.28,1.45,N
34.14241,-117.42913,303.18,0.45,0.39,2025-01-28,0926,N21,VIIRS,n,2.0NRT,273.73,0.64,N
34.29269,-118.80084,302.85,0.51,0.41,2025-01-28,0926,N21,VIIRS,n,2.0NRT,274.86,1.58,N
34.15324,-118.19569,310.86,0.48,0.4,2025-01-28,0926,N21,VIIRS,n,2.0NRT,276.33,1.25,N
33.95465,-117.12212,295.12,0.43,0.38,2025-01-28,0926,N21,VIIRS,n,2.0NRT,273.7,0.58,N
34.03399,-118.1059,296.39,0.47,0.4,2025-01-28,0926,N21,VIIRS,n,2.0NRT,277.1,0.72,N
33.79469,-117.47632,308.29,0.44,0.39,2025-01-28,0926,N21,VIIRS,n,2.0NRT,275.24,1.09,N
33.85324,-118.33337,302.43,0.48,0.4,2025-01-28,0926,N21,VIIRS,n,2.0NRT,285.51,2.11,N
33.85316,-118.33001,297.06,0.48,0.4,2025-01-28,0926,N21,VIIRS,n,2.0NRT,283.57,0.91,N
33.71632,-117.70963,301.16,0.45,0.39,2025-01-28,0926,N21,VIIRS,n,2.0NRT,277.77,1.07,N
33.61119,-117.82098,300.69,0.46,0.39,2025-01-28,0926,N21,VIIRS,n,2.0NRT,277.5,1.2,N
33.49174,-117.61818,299.9,0.45,0.39,2025-01-28,0926,N21,VIIRS,n,2.0NRT,276.68,1.13,N
32.85607,-117.14636,305.35,0.42,0.38,2025-01-28,0926,N21,VIIRS,n,2.0NRT,274.81,0.7,N
32.59688,-117.01134,298.71,0.42,0.38,2025-01-28,0926,N21,VIIRS,n,2.0NRT,276.83,0.92,N
32.50016,-116.97077,297.94,0.42,0.37,2025-01-28,0926,N21,VIIRS,n,2.0NRT,277.83,0.67,N
32.37003,-117.06835,298.91,0.42,0.38,2025-01-28,0926,N21,VIIRS,n,2.0NRT,278.47,1.03,N
33.15702,-115.60526,332.36,0.38,0.36,2025-01-28,2044,N21,VIIRS,n,2.0NRT,299.74,3.91,D
33.15639,-115.60931,340.45,0.38,0.36,2025-01-28,2044,N21,VIIRS,n,2.0NRT,300.27,3.46,D
33.15576,-115.61341,336.11,0.38,0.36,2025-01-28,2044,N21,VIIRS,n,2.0NRT,298.01,3.46,D
35.49527,-119.43156,330.75,0.44,0.38,2025-01-28,2046,N21,VIIRS,n,2.0NRT,293.13,7.51,D
35.85973,-119.26081,329.95,0.43,0.38,2025-01-28,2046,N21,VIIRS,n,2.0NRT,292.51,10.51,D
36.31776,-119.23901,328.42,0.43,0.38,2025-01-28,2046,N21,VIIRS,n,2.0NRT,289.79,2.65,D
36.24096,-119.68457,328.69,0.44,0.38,2025-01-28,2046,N21,VIIRS,n,2.0NRT,290.64,2.37,D
36.39202,-119.67907,325.04,0.44,0.38,2025-01-28,2046,N21,VIIRS,n,2.0NRT,290.04,2.75,D
36.53813,-119.49752,328.53,0.43,0.38,2025-01-28,2046,N21,VIIRS,n,2.0NRT,290.79,2.44,D
36.8333,-120.05575,327.47,0.45,0.39,2025-01-28,2046,N21,VIIRS,n,2.0NRT,290.9,2.37,D
36.90615,-119.89695,328.45,0.44,0.38,2025-01-28,2046,N21,VIIRS,n,2.0NRT,290.28,4.45,D
37.00767,-119.96445,329.02,0.44,0.38,2025-01-28,2046,N21,VIIRS,n,2.0NRT,289.11,3.23,D
36.98062,-120.17327,328.91,0.45,0.39,2025-01-28,2046,N21,VIIRS,n,2.0NRT,289.66,2.71,D
36.99829,-120.13677,330.76,0.45,0.39,2025-01-28,2046,N21,VIIRS,n,2.0NRT,289.22,13.45,D
36.99772,-120.13964,329.41,0.45,0.39,2025-01-28,2046,N21,VIIRS,n,2.0NRT,290.66,12.96,D
37.00212,-120.13572,327.74,0.45,0.39,2025-01-28,2046,N21,VIIRS,n,2.0NRT,287.91,7.44,D
37.00561,-120.1367,329.74,0.45,0.39,2025-01-28,2046,N21,VIIRS,n,2.0NRT,289.08,7.44,D
37.0091,-120.1377,330.04,0.45,0.39,2025-01-28,2046,N21,VIIRS,n,2.0NRT,290.1,7.13,D
35.19823,-119.02113,296,0.32,0.55,2025-01-29,0906,N21,VIIRS,n,2.0NRT,274.38,0.57,N
34.29177,-118.80178,295.6,0.62,0.54,2025-01-29,0906,N21,VIIRS,n,2.0NRT,276.92,1.33,N
34.15101,-118.19592,298.87,0.57,0.52,2025-01-29,0906,N21,VIIRS,n,2.0NRT,278.44,1.08,N
33.85268,-118.3321,299.28,0.57,0.52,2025-01-29,0906,N21,VIIRS,n,2.0NRT,283.95,1.88,N
33.71509,-117.71265,300.21,0.53,0.5,2025-01-29,0906,N21,VIIRS,n,2.0NRT,278.8,1.41,N
33.6132,-117.82452,297.2,0.53,0.5,2025-01-29,0906,N21,VIIRS,n,2.0NRT,278.68,0.98,N
33.61372,-117.82137,297.07,0.53,0.5,2025-01-29,0906,N21,VIIRS,n,2.0NRT,278.48,0.61,N
34.60838,-117.33437,303.61,0.79,0.78,2025-01-29,1047,N21,VIIRS,n,2.0NRT,273.46,2.94,N
34.60482,-117.33956,298.16,0.79,0.78,2025-01-29,1047,N21,VIIRS,n,2.0NRT,272.8,3.21,N
35.35627,-118.97222,339.82,0.47,0.47,2025-01-29,2025,N21,VIIRS,n,2.0NRT,308.01,55.83,D
36.18151,-121.02908,328.77,0.57,0.52,2025-01-29,2025,N21,VIIRS,n,2.0NRT,291.97,3.01,D
35.2922,-119.97115,367,0.79,0.78,2025-01-29,2205,N21,VIIRS,h,2.0NRT,291.24,19.3,D
35.2994,-119.97136,354.32,0.79,0.78,2025-01-29,2205,N21,VIIRS,n,2.0NRT,291.5,19.3,D
35.29446,-119.97108,367,0.79,0.78,2025-01-29,2207,N21,VIIRS,h,2.0NRT,293.72,41.15,D
34.60436,-117.33514,298.26,0.44,0.62,2025-01-30,1028,N21,VIIRS,n,2.0NRT,273.47,1.91,N
34.43111,-118.6452,296.96,0.37,0.58,2025-01-30,1028,N21,VIIRS,n,2.0NRT,276.48,1.16,N
33.04461,-115.54154,337.13,0.62,0.54,2025-01-30,2006,N21,VIIRS,n,2.0NRT,299.3,7.19,D
33.50052,-116.18212,329.46,0.33,0.55,2025-01-30,2006,N21,VIIRS,n,2.0NRT,299.37,2.62,D
33.61172,-116.09544,347.98,0.32,0.55,2025-01-30,2006,N21,VIIRS,n,2.0NRT,299.03,2.87,D
37.09357,-119.29596,355.36,0.4,0.6,2025-01-30,2008,N21,VIIRS,n,2.0NRT,280.3,10.16,D
37.09339,-119.29739,335.31,0.48,0.64,2025-01-30,2148,N21,VIIRS,n,2.0NRT,281.97,5.08,D
33.0538,-115.54863,352.84,0.73,0.76,2025-01-30,2148,N21,VIIRS,n,2.0NRT,296.35,16.92,D
36.77636,-118.91508,303.1,0.54,0.42,2025-01-31,1008,N21,VIIRS,n,2.0NRT,265.78,1.96,N
34.62252,-117.10044,296.39,0.49,0.49,2025-01-31,1010,N21,VIIRS,n,2.0NRT,273.02,1.19,N
34.60572,-117.33847,302.35,0.48,0.48,2025-01-31,1010,N21,VIIRS,n,2.0NRT,274.21,0.77,N
34.33399,-118.51827,310.1,0.42,0.45,2025-01-31,1010,N21,VIIRS,n,2.0NRT,276.46,1.2,N
34.29226,-118.80307,308.68,0.4,0.44,2025-01-31,1010,N21,VIIRS,n,2.0NRT,275.17,1.6,N
34.15282,-118.19294,308.48,0.44,0.46,2025-01-31,1010,N21,VIIRS,n,2.0NRT,275.3,1.52,N
33.71406,-117.71073,296.33,0.47,0.48,2025-01-31,1010,N21,VIIRS,n,2.0NRT,278.31,1.09,N
33.8176,-118.24418,298.76,0.44,0.46,2025-01-31,1010,N21,VIIRS,n,2.0NRT,283.83,1.39,N
33.80423,-118.24348,297,0.44,0.46,2025-01-31,1010,N21,VIIRS,n,2.0NRT,283.89,1.12,N
33.61427,-117.82259,298.36,0.47,0.48,2025-01-31,1010,N21,VIIRS,n,2.0NRT,276.54,0.73,N
33.49003,-117.61854,296.24,0.48,0.48,2025-01-31,1010,N21,VIIRS,n,2.0NRT,278.13,0.92,N
32.49602,-116.83389,297.75,0.56,0.52,2025-01-31,1010,N21,VIIRS,n,2.0NRT,277.55,1.29,N
32.49831,-116.78927,297.74,0.57,0.52,2025-01-31,1010,N21,VIIRS,n,2.0NRT,277.61,0.91,N
34.60746,-117.33597,300.11,0.43,0.38,2025-02-01,0949,N21,VIIRS,n,2.0NRT,267.44,1.3,N
34.35343,-116.8541,295.74,0.45,0.39,2025-02-01,0949,N21,VIIRS,n,2.0NRT,269.11,0.91,N
34.43007,-118.64304,319.06,0.4,0.37,2025-02-01,0949,N21,VIIRS,n,2.0NRT,276.77,1.35,N
34.33363,-118.51796,314.33,0.4,0.37,2025-02-01,0949,N21,VIIRS,n,2.0NRT,277.04,1.5,N
34.14217,-117.42572,301.51,0.43,0.38,2025-02-01,0949,N21,VIIRS,n,2.0NRT,275.13,0.82,N
34.31884,-118.5126,298.05,0.4,0.37,2025-02-01,0949,N21,VIIRS,n,2.0NRT,276.72,0.63,N
34.24413,-118.38208,297.52,0.41,0.37,2025-02-01,0949,N21,VIIRS,n,2.0NRT,274.59,0.64,N
34.07995,-117.49921,300.09,0.43,0.38,2025-02-01,0949,N21,VIIRS,n,2.0NRT,276.7,0.96,N
34.28979,-118.80333,307.12,0.4,0.37,2025-02-01,0949,N21,VIIRS,n,2.0NRT,275.16,1.33,N
34.15433,-118.19469,307.57,0.41,0.37,2025-02-01,0949,N21,VIIRS,n,2.0NRT,277,1.74,N
34.03625,-118.10693,299.5,0.41,0.37,2025-02-01,0949,N21,VIIRS,n,2.0NRT,276.73,0.44,N
33.9326,-117.8412,295.37,0.42,0.38,2025-02-01,0949,N21,VIIRS,n,2.0NRT,277.19,0.57,N
33.7928,-117.47611,299.68,0.44,0.38,2025-02-01,0949,N21,VIIRS,n,2.0NRT,274.43,1.04,N
33.85255,-118.33241,302.73,0.41,0.37,2025-02-01,0949,N21,VIIRS,n,2.0NRT,284.11,1.67,N
33.81975,-118.24489,296.08,0.41,0.37,2025-02-01,0949,N21,VIIRS,n,2.0NRT,281.34,1.29,N
33.71416,-117.7094,309.07,0.43,0.38,2025-02-01,0949,N21,VIIRS,n,2.0NRT,276.89,1.31,N
33.61394,-117.82261,309.18,0.43,0.38,2025-02-01,0949,N21,VIIRS,n,2.0NRT,276.71,1.37,N
33.49231,-117.61825,304.96,0.43,0.38,2025-02-01,0949,N21,VIIRS,n,2.0NRT,276.04,0.8,N
32.85658,-117.14784,295.55,0.46,0.39,2025-02-01,0949,N21,VIIRS,n,2.0NRT,272.85,0.63,N
32.49967,-116.84377,298.38,0.48,0.4,2025-02-01,0949,N21,VIIRS,n,2.0NRT,276.52,0.63,N
37.04468,-119.12802,306.75,0.48,0.4,2025-02-02,0932,N21,VIIRS,n,2.0NRT,274.87,1.87,N
37.03741,-119.12955,304.28,0.48,0.4,2025-02-02,0932,N21,VIIRS,n,2.0NRT,274.71,1.55,N
37.02884,-119.12011,296.47,0.48,0.4,2025-02-02,0932,N21,VIIRS,n,2.0NRT,276.83,1.03,N
34.6211,-117.101,306.04,0.4,0.37,2025-02-02,0932,N21,VIIRS,n,2.0NRT,283.33,1.21,N
34.8203,-118.74957,299.81,0.44,0.39,2025-02-02,0932,N21,VIIRS,n,2.0NRT,282.36,1.02,N
34.60621,-117.33524,310.37,0.4,0.37,2025-02-02,0932,N21,VIIRS,n,2.0NRT,283.76,1.77,N
34.56767,-118.15421,295.55,0.42,0.38,2025-02-02,0932,N21,VIIRS,n,2.0NRT,282.35,0.53,N
34.35374,-116.85205,305.24,0.39,0.36,2025-02-02,0932,N21,VIIRS,n,2.0NRT,282.92,1.23,N
34.43022,-118.64252,309.91,0.43,0.38,2025-02-02,0932,N21,VIIRS,n,2.0NRT,281.98,1.04,N
34.33593,-118.52087,316.68,0.43,0.38,2025-02-02,0932,N21,VIIRS,n,2.0NRT,283.46,1.33,N
34.3203,-118.5099,302.74,0.43,0.38,2025-02-02,0932,N21,VIIRS,n,2.0NRT,282.05,0.61,N
34.31873,-118.51253,300.26,0.43,0.38,2025-02-02,0932,N21,VIIRS,n,2.0NRT,282.38,0.83,N
34.14107,-117.42816,302.7,0.4,0.37,2025-02-02,0932,N21,VIIRS,n,2.0NRT,281.58,0.97,N
34.24456,-118.3814,296.19,0.42,0.38,2025-02-02,0932,N21,VIIRS,n,2.0NRT,281.33,0.78,N
34.29259,-118.80128,311.2,0.44,0.38,2025-02-02,0932,N21,VIIRS,n,2.0NRT,281.96,1.85,N
34.15261,-118.19173,320.12,0.42,0.38,2025-02-02,0932,N21,VIIRS,n,2.0NRT,284.31,1.41,N
34.11593,-117.925,301.14,0.41,0.37,2025-02-02,0932,N21,VIIRS,n,2.0NRT,282.71,0.7,N
33.95408,-117.12239,297.37,0.39,0.37,2025-02-02,0932,N21,VIIRS,n,2.0NRT,281.45,0.47,N
34.03915,-117.82244,296.43,0.41,0.37,2025-02-02,0932,N21,VIIRS,n,2.0NRT,282.48,0.58,N
34.03557,-118.10374,304.47,0.42,0.37,2025-02-02,0932,N21,VIIRS,n,2.0NRT,283.81,0.52,N
33.87518,-116.99928,298.85,0.39,0.36,2025-02-02,0932,N21,VIIRS,n,2.0NRT,280.8,0.52,N
33.7941,-117.47672,310.83,0.4,0.37,2025-02-02,0932,N21,VIIRS,n,2.0NRT,282.4,1.36,N
33.71523,-117.71219,310.35,0.4,0.37,2025-02-02,0932,N21,VIIRS,n,2.0NRT,284.21,1.18,N
33.61179,-117.82444,311.85,0.41,0.37,2025-02-02,0932,N21,VIIRS,n,2.0NRT,283.05,0.96,N
33.49131,-117.61749,304.14,0.4,0.37,2025-02-02,0932,N21,VIIRS,n,2.0NRT,282.57,1.1,N
32.8582,-117.02819,302.03,0.39,0.36,2025-02-02,0932,N21,VIIRS,n,2.0NRT,281.7,0.84,N
32.85873,-117.14709,302.12,0.39,0.36,2025-02-02,0932,N21,VIIRS,n,2.0NRT,279.86,0.52,N
32.59725,-117.0127,299.86,0.39,0.36,2025-02-02,0932,N21,VIIRS,n,2.0NRT,282.51,0.78,N
32.4994,-116.79195,306.51,0.39,0.36,2025-02-02,0932,N21,VIIRS,n,2.0NRT,282.44,0.88,N
34.29205,-118.80325,331.66,0.39,0.37,2025-02-02,2053,N21,VIIRS,n,2.0NRT,301.85,2.92,D
34.58461,-117.34158,333.6,0.38,0.36,2025-02-02,2053,N21,VIIRS,n,2.0NRT,303,1.24,D
35.23766,-119.59618,346.66,0.4,0.37,2025-02-02,2053,N21,VIIRS,n,2.0NRT,296.53,5.55,D
35.44488,-119.41922,336.7,0.4,0.37,2025-02-02,2053,N21,VIIRS,n,2.0NRT,298.21,2.53,D
35.4689,-119.31705,336.9,0.4,0.37,2025-02-02,2053,N21,VIIRS,n,2.0NRT,299.8,4.92,D
35.52297,-119.3035,343.72,0.4,0.37,2025-02-02,2053,N21,VIIRS,n,2.0NRT,298.57,3.32,D
35.59425,-119.38769,347.19,0.4,0.37,2025-02-02,2053,N21,VIIRS,n,2.0NRT,296.78,4.79,D
36.0283,-119.07803,347.48,0.39,0.36,2025-02-02,2053,N21,VIIRS,n,2.0NRT,298.07,3.29,D
36.03493,-119.33043,335.1,0.39,0.37,2025-02-02,2053,N21,VIIRS,n,2.0NRT,297.63,3.42,D
36.10233,-119.41856,339.68,0.4,0.37,2025-02-02,2053,N21,VIIRS,n,2.0NRT,297.43,3.3,D
36.12765,-121.08432,325.03,0.43,0.38,2025-02-02,2053,N21,VIIRS,n,2.0NRT,299.86,2.33,D
36.13109,-121.0853,332.38,0.43,0.38,2025-02-02,2053,N21,VIIRS,n,2.0NRT,298.88,4.04,D
36.53938,-119.42458,333.49,0.39,0.36,2025-02-02,2053,N21,VIIRS,n,2.0NRT,295.2,6.1,D
36.54613,-119.57119,345.83,0.4,0.37,2025-02-02,2053,N21,VIIRS,n,2.0NRT,297.66,4.8,D
34.81866,-118.74871,301.11,0.5,0.49,2025-02-03,0911,N21,VIIRS,n,2.0NRT,280.93,0.99,N
34.4301,-118.6438,306.45,0.49,0.49,2025-02-03,0911,N21,VIIRS,n,2.0NRT,280.56,1.16,N
34.43152,-118.64536,303.9,0.49,0.49,2025-02-03,0911,N21,VIIRS,n,2.0NRT,280.1,1.4,N
34.6064,-117.33804,317.39,0.42,0.45,2025-02-03,0911,N21,VIIRS,n,2.0NRT,282.85,2.8,N
32.85797,-117.03014,302.59,0.38,0.43,2025-02-03,0913,N21,VIIRS,n,2.0NRT,280.58,0.64,N
33.61391,-117.82317,299.41,0.43,0.46,2025-02-03,0913,N21,VIIRS,n,2.0NRT,279.23,0.89,N
33.613,-117.82191,305.48,0.43,0.46,2025-02-03,0913,N21,VIIRS,n,2.0NRT,279.98,0.9,N
32.43283,-117.07787,303.94,0.57,0.43,2025-02-03,0913,N21,VIIRS,n,2.0NRT,282.56,1.31,N
33.71441,-117.71248,298.98,0.43,0.46,2025-02-03,0913,N21,VIIRS,n,2.0NRT,275.6,0.62,N
32.49971,-116.78733,298.84,0.55,0.43,2025-02-03,0913,N21,VIIRS,n,2.0NRT,283.04,1.34,N
32.49716,-116.83506,308.3,0.56,0.43,2025-02-03,0913,N21,VIIRS,n,2.0NRT,283.64,1.15,N
33.49054,-117.61773,297.48,0.42,0.45,2025-02-03,0913,N21,VIIRS,n,2.0NRT,281.09,0.82,N
34.33492,-118.52226,296.87,0.48,0.48,2025-02-03,0913,N21,VIIRS,n,2.0NRT,282.75,1.27,N
34.15197,-118.19346,310.68,0.46,0.47,2025-02-03,0913,N21,VIIRS,n,2.0NRT,284.79,1.9,N
34.28944,-118.80308,302.12,0.5,0.49,2025-02-03,0913,N21,VIIRS,n,2.0NRT,280.2,1.32,N
33.79406,-117.47685,295.95,0.42,0.45,2025-02-03,0913,N21,VIIRS,n,2.0NRT,276.84,0.94,N
32.49604,-116.83401,333.82,0.51,0.41,2025-02-03,2031,N21,VIIRS,n,2.0NRT,305.63,3.79,D
32.49646,-116.83595,334.05,0.51,0.41,2025-02-03,2031,N21,VIIRS,n,2.0NRT,306.63,2.56,D
35.73892,-119.90031,338,0.42,0.45,2025-02-03,2031,N21,VIIRS,n,2.0NRT,271.83,4.41,D
36.36339,-119.20385,329.58,0.57,0.43,2025-02-03,2031,N21,VIIRS,n,2.0NRT,283.51,3.02,D
34.81786,-118.75105,296.68,0.47,0.64,2025-02-04,0854,N21,VIIRS,n,2.0NRT,281.08,0.92,N
34.28946,-118.80249,301.78,0.47,0.64,2025-02-04,0854,N21,VIIRS,n,2.0NRT,279.52,1.07,N
34.15191,-118.19619,299.14,0.43,0.62,2025-02-04,0854,N21,VIIRS,n,2.0NRT,278.84,1.65,N
33.85166,-118.33177,301.14,0.49,0.65,2025-02-04,1034,N21,VIIRS,n,2.0NRT,287,1.4,N
33.82079,-118.24264,295.9,0.5,0.66,2025-02-04,1034,N21,VIIRS,n,2.0NRT,285.72,1.93,N
34.14961,-118.19263,297.48,0.49,0.65,2025-02-04,1034,N21,VIIRS,n,2.0NRT,280.53,1.24,N
34.29116,-118.80145,302.39,0.45,0.63,2025-02-04,1034,N21,VIIRS,n,2.0NRT,278.53,1.02,N
34.0372,-117.88938,297.23,0.52,0.66,2025-02-04,1034,N21,VIIRS,n,2.0NRT,279.77,0.77,N
36.45413,-118.90418,341.63,0.32,0.55,2025-02-04,2014,N21,VIIRS,n,2.0NRT,292.73,7.05,D
36.36415,-119.19868,348.05,0.33,0.56,2025-02-04,2014,N21,VIIRS,n,2.0NRT,294.2,6.55,D
36.37902,-119.77277,329.95,0.36,0.57,2025-02-04,2014,N21,VIIRS,n,2.0NRT,288.97,1.81,D
37.09167,-119.2728,352.1,0.32,0.55,2025-02-04,2014,N21,VIIRS,n,2.0NRT,278.71,6.12,D
37.09078,-119.27638,338.42,0.32,0.55,2025-02-04,2014,N21,VIIRS,n,2.0NRT,280.61,7.78,D
37.09691,-119.27304,341.83,0.32,0.55,2025-02-04,2014,N21,VIIRS,n,2.0NRT,278.66,6.12,D
36.89618,-120.17915,329.78,0.37,0.58,2025-02-04,2014,N21,VIIRS,n,2.0NRT,286.81,3.29,D
34.60466,-117.33933,295.54,0.74,0.76,2025-02-05,0834,N21,VIIRS,n,2.0NRT,279.79,1.41,N
32.52496,-116.77987,304.69,0.66,0.73,2025-02-05,0837,N21,VIIRS,n,2.0NRT,279.94,1.82,N
32.52876,-116.7785,303.63,0.66,0.73,2025-02-05,0837,N21,VIIRS,n,2.0NRT,280.27,1.29,N
32.45454,-116.9617,326.69,0.68,0.74,2025-02-05,0837,N21,VIIRS,n,2.0NRT,280.62,5.57,N
34.60728,-117.33593,305.2,0.58,0.52,2025-02-05,1017,N21,VIIRS,n,2.0NRT,280.65,2.64,N
33.90171,-116.73995,324.9,0.33,0.55,2025-02-05,1017,N21,VIIRS,n,2.0NRT,282.25,2.58,N
33.24851,-115.46782,302.31,0.4,0.6,2025-02-05,1017,N21,VIIRS,n,2.0NRT,281.77,0.85,N
32.85926,-117.02984,295.69,0.33,0.56,2025-02-05,1017,N21,VIIRS,n,2.0NRT,279.45,0.79,N
32.85617,-117.14781,299.76,0.33,0.55,2025-02-05,1017,N21,VIIRS,n,2.0NRT,278.77,0.35,N
32.59635,-117.01267,296.1,0.34,0.56,2025-02-05,1017,N21,VIIRS,n,2.0NRT,280.13,0.64,N
36.52396,-120.02058,334.48,0.66,0.73,2025-02-05,1955,N21,VIIRS,n,2.0NRT,289.65,4.75,D
36.79918,-119.93159,335.66,0.64,0.72,2025-02-05,1955,N21,VIIRS,n,2.0NRT,287.48,5.94,D
36.70819,-120.44109,331.94,0.68,0.74,2025-02-05,1955,N21,VIIRS,n,2.0NRT,289.94,9.11,D
36.70625,-120.43571,334.95,0.68,0.74,2025-02-05,1955,N21,VIIRS,n,2.0NRT,291.35,6.66,D
36.68671,-120.66272,333.77,0.7,0.75,2025-02-05,1955,N21,VIIRS,n,2.0NRT,291.26,9.57,D
36.69741,-120.6758,367,0.7,0.75,2025-02-05,1955,N21,VIIRS,h,2.0NRT,291.48,39.11,D
36.69523,-120.68276,336.55,0.7,0.75,2025-02-05,1955,N21,VIIRS,n,2.0NRT,289.84,24.59,D
37.07114,-120.24725,342.54,0.65,0.73,2025-02-05,1955,N21,VIIRS,n,2.0NRT,287.32,6.6,D
37.0688,-120.24894,334.24,0.65,0.73,2025-02-05,1955,N21,VIIRS,n,2.0NRT,286.42,7.91,D
36.69717,-120.67587,339.75,0.52,0.5,2025-02-05,2135,N21,VIIRS,n,2.0NRT,292.14,32.78,D
36.69668,-120.68186,344.96,0.52,0.5,2025-02-05,2135,N21,VIIRS,n,2.0NRT,301.67,32.78,D
36.70128,-120.68242,351.22,0.52,0.5,2025-02-05,2135,N21,VIIRS,n,2.0NRT,291.32,10.97,D
37.06919,-120.24697,347.47,0.56,0.51,2025-02-05,2135,N21,VIIRS,n,2.0NRT,290.22,13.94,D
36.66271,-120.13613,300.25,0.39,0.36,2025-02-06,0956,N21,VIIRS,n,2.0NRT,278.07,0.68,N
35.82613,-119.16274,303.85,0.41,0.37,2025-02-06,0956,N21,VIIRS,n,2.0NRT,277.81,1.22,N
34.62157,-117.09882,304.03,0.51,0.41,2025-02-06,0956,N21,VIIRS,n,2.0NRT,281.28,1.19,N
34.60666,-117.3383,310.04,0.5,0.41,2025-02-06,0956,N21,VIIRS,n,2.0NRT,282.4,2.49,N
34.56563,-118.15279,296.5,0.46,0.39,2025-02-06,0956,N21,VIIRS,n,2.0NRT,280.64,0.5,N
32.37289,-117.06986,300.17,0.56,0.43,2025-02-06,0958,N21,VIIRS,n,2.0NRT,284.68,1.36,N
36.54783,-120.4297,331.72,0.47,0.4,2025-02-06,2116,N21,VIIRS,n,2.0NRT,287.33,5.07,D
36.54476,-120.45581,341.79,0.47,0.39,2025-02-06,2116,N21,VIIRS,n,2.0NRT,287.21,7.09,D
34.60686,-117.33823,301.85,0.38,0.36,2025-02-07,0938,N21,VIIRS,n,2.0NRT,283.28,0.84,N
34.56654,-118.15257,297.41,0.39,0.36,2025-02-07,0938,N21,VIIRS,n,2.0NRT,280.58,0.5,N
35.29294,-118.89603,330.61,0.38,0.36,2025-02-07,2057,N21,VIIRS,n,2.0NRT,283.29,2.6,D
35.57425,-119.31175,326.98,0.38,0.36,2025-02-07,2057,N21,VIIRS,n,2.0NRT,288.37,1.64,D
35.72543,-119.26159,328.55,0.38,0.36,2025-02-07,2057,N21,VIIRS,n,2.0NRT,291.49,2.17,D
35.86646,-119.16248,325.48,0.38,0.36,2025-02-07,2057,N21,VIIRS,n,2.0NRT,289.29,1.17,D
36.24831,-120.16019,338.31,0.39,0.36,2025-02-07,2057,N21,VIIRS,n,2.0NRT,295.63,3.34,D
36.70779,-119.52705,326.53,0.38,0.36,2025-02-07,2057,N21,VIIRS,n,2.0NRT,285.7,3.59,D
36.86079,-120.28156,329.55,0.39,0.36,2025-02-07,2057,N21,VIIRS,n,2.0NRT,283.38,3.24,D
34.42907,-118.64319,298.1,0.4,0.44,2025-02-08,0919,N21,VIIRS,n,2.0NRT,274.01,0.59,N
34.33419,-118.52046,303.83,0.39,0.44,2025-02-08,0919,N21,VIIRS,n,2.0NRT,273.35,0.91,N
34.33289,-118.51907,308.33,0.39,0.44,2025-02-08,0919,N21,VIIRS,n,2.0NRT,273.73,1.11,N
34.31995,-118.51267,296.13,0.39,0.44,2025-02-08,0919,N21,VIIRS,n,2.0NRT,274.09,0.38,N
34.29316,-118.80387,297.68,0.41,0.45,2025-02-08,0919,N21,VIIRS,n,2.0NRT,272.52,1.19,N
34.15302,-118.19239,300.99,0.56,0.43,2025-02-08,0919,N21,VIIRS,n,2.0NRT,271.59,1.34,N
34.03903,-117.81985,295.48,0.54,0.42,2025-02-08,0919,N21,VIIRS,n,2.0NRT,276.82,0.46,N
34.03541,-117.89106,296.14,0.54,0.42,2025-02-08,0919,N21,VIIRS,n,2.0NRT,270.09,0.58,N
33.7942,-117.47295,299.19,0.52,0.41,2025-02-08,0919,N21,VIIRS,n,2.0NRT,281.1,1,N
32.8653,-116.42632,330.53,0.42,0.38,2025-02-08,2038,N21,VIIRS,n,2.0NRT,289.9,3.12,D
35.803,-119.22568,327.73,0.49,0.4,2025-02-08,2038,N21,VIIRS,n,2.0NRT,288.62,4.9,D
36.39038,-119.86541,330.48,0.51,0.41,2025-02-08,2040,N21,VIIRS,n,2.0NRT,293.09,8.57,D
36.35462,-120.25594,303.4,0.48,0.65,2025-02-09,0900,N21,VIIRS,n,2.0NRT,262.53,0.79,N
34.1527,-118.1941,314.71,0.35,0.57,2025-02-09,0900,N21,VIIRS,n,2.0NRT,280.53,1.25,N
34.03489,-117.89294,304.92,0.33,0.56,2025-02-09,0900,N21,VIIRS,n,2.0NRT,279.67,0.65,N
33.7174,-117.71226,297.31,0.32,0.55,2025-02-09,0900,N21,VIIRS,n,2.0NRT,281.03,0.97,N
33.71745,-117.70973,299.62,0.32,0.55,2025-02-09,0900,N21,VIIRS,n,2.0NRT,281.09,0.88,N
33.61517,-117.82385,301.71,0.33,0.55,2025-02-09,0900,N21,VIIRS,n,2.0NRT,277.57,0.63,N
36.65552,-119.95013,307.52,0.46,0.64,2025-02-09,0900,N21,VIIRS,n,2.0NRT,271.04,1.58,N
36.35481,-120.25562,309.06,0.41,0.6,2025-02-09,1040,N21,VIIRS,n,2.0NRT,272.76,1.55,N
34.15442,-118.19144,299.77,0.6,0.71,2025-02-09,1040,N21,VIIRS,n,2.0NRT,278.48,1,N
36.63891,-119.88593,329.27,0.59,0.53,2025-02-09,2021,N21,VIIRS,n,2.0NRT,289.95,3,D
35.9507,-121.12682,337.83,0.56,0.69,2025-02-09,2201,N21,VIIRS,n,2.0NRT,291.38,9.14,D
35.95048,-121.13296,345.33,0.56,0.69,2025-02-09,2201,N21,VIIRS,n,2.0NRT,292.56,9.14,D
32.49345,-116.83619,310.1,0.54,0.68,2025-02-10,0841,N21,VIIRS,n,2.0NRT,278.62,2.41,N
32.49441,-116.8365,307.18,0.54,0.67,2025-02-10,0841,N21,VIIRS,n,2.0NRT,278.97,1.72,N
32.37049,-117.0677,296.16,0.55,0.68,2025-02-10,0841,N21,VIIRS,n,2.0NRT,280.29,1.46,N
34.61931,-117.10078,302.08,0.37,0.58,2025-02-10,1021,N21,VIIRS,n,2.0NRT,279.13,1.25,N
34.15513,-118.19356,299.94,0.33,0.55,2025-02-10,1021,N21,VIIRS,n,2.0NRT,276.88,1.1,N
34.29224,-118.80401,295.46,0.6,0.53,2025-02-10,1021,N21,VIIRS,n,2.0NRT,275.18,0.57,N
34.0378,-117.89191,297.45,0.34,0.56,2025-02-10,1021,N21,VIIRS,n,2.0NRT,277.51,0.7,N
34.03469,-117.89288,297.68,0.34,0.56,2025-02-10,1021,N21,VIIRS,n,2.0NRT,276.87,0.83,N
33.85449,-118.33124,300.97,0.33,0.55,2025-02-10,1021,N21,VIIRS,n,2.0NRT,285.55,0.8,N
33.8172,-118.24378,298.79,0.33,0.55,2025-02-10,1021,N21,VIIRS,n,2.0NRT,285.25,1.1,N
33.61246,-117.82152,295.74,0.36,0.57,2025-02-10,1021,N21,VIIRS,n,2.0NRT,277.22,0.62,N
32.4952,-116.83691,297.44,0.43,0.62,2025-02-10,1021,N21,VIIRS,n,2.0NRT,278.66,1.27,N
32.0692,-116.62225,326.32,0.46,0.64,2025-02-10,1959,N21,VIIRS,n,2.0NRT,297.58,2.34,D
34.41054,-118.95651,336.24,0.54,0.68,2025-02-10,2001,N21,VIIRS,n,2.0NRT,290.34,8.39,D
34.40908,-118.96175,330.48,0.54,0.68,2025-02-10,2001,N21,VIIRS,n,2.0NRT,288.76,7.39,D
34.4096,-118.96031,352.86,0.54,0.68,2025-02-10,2001,N21,VIIRS,n,2.0NRT,290.18,8.09,D
36.27203,-121.33553,334.79,0.64,0.72,2025-02-10,2001,N21,VIIRS,n,2.0NRT,287.98,7.09,D
36.27095,-121.33482,346.53,0.64,0.72,2025-02-10,2001,N21,VIIRS,n,2.0NRT,289.19,12.66,D
34.39161,-118.99106,353.55,0.38,0.59,2025-02-10,2142,N21,VIIRS,n,2.0NRT,291.34,6.04,D
34.40379,-118.97161,334.21,0.38,0.59,2025-02-10,2142,N21,VIIRS,n,2.0NRT,290.97,4.96,D
34.41005,-118.95957,367,0.38,0.59,2025-02-10,2142,N21,VIIRS,h,2.0NRT,291,8.74,D
34.4066,-118.9562,350.78,0.39,0.59,2025-02-10,2142,N21,VIIRS,n,2.0NRT,291.18,9.26,D
34.40633,-118.96076,339.99,0.38,0.59,2025-02-10,2142,N21,VIIRS,n,2.0NRT,289.5,7.59,D
34.40553,-118.97427,349.48,0.38,0.59,2025-02-10,2142,N21,VIIRS,n,2.0NRT,290.76,5.24,D
36.27095,-121.33646,339.77,0.59,0.53,2025-02-10,2142,N21,VIIRS,n,2.0NRT,294.88,7.76,D
36.89869,-121.46408,339.82,0.59,0.52,2025-02-10,2142,N21,VIIRS,n,2.0NRT,295.36,7.11,D
36.66288,-120.13299,297.4,0.42,0.38,2025-02-11,1002,N21,VIIRS,n,2.0NRT,273.32,0.45,N
35.23237,-118.92841,300.28,0.49,0.4,2025-02-11,1004,N21,VIIRS,n,2.0NRT,271.76,0.96,N
34.29002,-118.80394,309.26,0.51,0.41,2025-02-11,1004,N21,VIIRS,n,2.0NRT,277.25,1.26,N
33.8518,-118.33238,295.11,0.55,0.42,2025-02-11,1004,N21,VIIRS,n,2.0NRT,283.49,1.88,N
32.372,-117.06899,304.78,0.45,0.47,2025-02-11,1004,N21,VIIRS,n,2.0NRT,283.33,1.42,N
32.37209,-117.06592,303.39,0.45,0.47,2025-02-11,1004,N21,VIIRS,n,2.0NRT,282.45,1.52,N
34.38962,-118.99102,349.7,0.41,0.45,2025-02-11,2122,N21,VIIRS,n,2.0NRT,293.91,20.71,D
35.55454,-120.33559,338.38,0.54,0.42,2025-02-11,2122,N21,VIIRS,n,2.0NRT,286.54,5.37,D
35.84488,-119.1524,327.98,0.42,0.45,2025-02-11,2122,N21,VIIRS,n,2.0NRT,289.84,2.48,D
33.79399,-117.47523,304.09,0.4,0.37,2025-02-12,0943,N21,VIIRS,n,2.0NRT,271.86,1.08,N
34.15017,-118.19427,295.61,0.53,0.67,2025-02-15,0847,N21,VIIRS,n,2.0NRT,276.41,0.77,N
34.15106,-118.19455,298.72,0.53,0.67,2025-02-15,0847,N21,VIIRS,n,2.0NRT,276.41,0.97,N
34.33558,-118.51905,300.66,0.38,0.59,2025-02-15,1028,N21,VIIRS,n,2.0NRT,274.74,0.7,N
34.1535,-118.19078,298.53,0.41,0.6,2025-02-15,1028,N21,VIIRS,n,2.0NRT,270.61,0.67,N
34.15228,-118.19173,302.89,0.41,0.6,2025-02-15,1028,N21,VIIRS,n,2.0NRT,270.87,0.98,N
34.28978,-118.8033,296.69,0.37,0.58,2025-02-15,1028,N21,VIIRS,n,2.0NRT,275.57,0.96,N
34.31273,-119.26833,302.74,0.35,0.57,2025-02-15,1028,N21,VIIRS,n,2.0NRT,279.74,0.57,N
34.31057,-119.2695,298.82,0.35,0.57,2025-02-15,1028,N21,VIIRS,n,2.0NRT,279.7,0.45,N
34.33235,-118.5192,302,0.42,0.45,2025-02-16,1010,N21,VIIRS,n,2.0NRT,275.78,1.41,N
34.29058,-118.80141,308.92,0.41,0.45,2025-02-16,1010,N21,VIIRS,n,2.0NRT,278.21,1.33,N
34.15084,-118.19377,307.42,0.44,0.46,2025-02-16,1010,N21,VIIRS,n,2.0NRT,281.57,1.74,N
34.31146,-119.26947,298.9,0.39,0.44,2025-02-16,1010,N21,VIIRS,n,2.0NRT,278.84,0.38,N
33.85229,-118.33043,299.32,0.44,0.46,2025-02-16,1010,N21,VIIRS,n,2.0NRT,281.04,1.11,N
33.71517,-117.70927,295.37,0.48,0.48,2025-02-16,1010,N21,VIIRS,n,2.0NRT,271.68,0.41,N
32.49363,-116.83194,313.11,0.57,0.52,2025-02-16,1010,N21,VIIRS,n,2.0NRT,267.91,2.17,N
32.42094,-116.92425,297.17,0.57,0.52,2025-02-16,1010,N21,VIIRS,n,2.0NRT,270.41,1.15,N
32.42343,-116.92323,295.23,0.57,0.52,2025-02-16,1010,N21,VIIRS,n,2.0NRT,270.13,1.35,N
37.18235,-121.68087,297.67,0.41,0.37,2025-02-17,0949,N21,VIIRS,n,2.0NRT,280.76,0.78,N
36.66412,-120.13557,298.13,0.38,0.36,2025-02-17,0949,N21,VIIRS,n,2.0NRT,279.23,0.45,N
36.71459,-121.76842,295.1,0.41,0.37,2025-02-17,0949,N21,VIIRS,n,2.0NRT,280.41,0.52,N
34.62051,-117.09889,304.55,0.44,0.38,2025-02-17,0949,N21,VIIRS,n,2.0NRT,274.82,1.36,N
34.42899,-118.64522,310.35,0.4,0.37,2025-02-17,0949,N21,VIIRS,n,2.0NRT,273.34,1.42,N
34.14302,-117.42871,296.15,0.44,0.38,2025-02-17,0949,N21,VIIRS,n,2.0NRT,269.6,0.31,N
34.33477,-118.52134,313.99,0.4,0.37,2025-02-17,0949,N21,VIIRS,n,2.0NRT,278.32,1.68,N
34.33263,-118.51979,297.71,0.4,0.37,2025-02-17,0949,N21,VIIRS,n,2.0NRT,277.34,0.29,N
34.3204,-118.50919,296.74,0.4,0.37,2025-02-17,0949,N21,VIIRS,n,2.0NRT,278.57,0.42,N
34.29081,-118.80228,316.01,0.4,0.37,2025-02-17,0949,N21,VIIRS,n,2.0NRT,276,1.71,N
34.15284,-118.19495,310.6,0.41,0.37,2025-02-17,0949,N21,VIIRS,n,2.0NRT,276.08,1.02,N
34.03483,-118.1068,299.98,0.42,0.37,2025-02-17,0949,N21,VIIRS,n,2.0NRT,275.1,0.58,N
33.79477,-117.47581,297.76,0.44,0.38,2025-02-17,0949,N21,VIIRS,n,2.0NRT,273.41,0.98,N
33.8513,-118.33336,296.65,0.41,0.37,2025-02-17,0949,N21,VIIRS,n,2.0NRT,278.41,1.64,N
33.7165,-117.71072,299.47,0.43,0.38,2025-02-17,0949,N21,VIIRS,n,2.0NRT,270.99,0.94,N
32.8575,-117.03029,305.55,0.47,0.4,2025-02-17,0951,N21,VIIRS,n,2.0NRT,278.13,0.85,N
32.85511,-117.0274,295.16,0.47,0.4,2025-02-17,0951,N21,VIIRS,n,2.0NRT,278.21,1.15,N
32.85898,-117.1488,299.63,0.46,0.39,2025-02-17,0951,N21,VIIRS,n,2.0NRT,276.75,0.48,N
33.02068,-115.51609,339.55,0.41,0.45,2025-02-17,2110,N21,VIIRS,n,2.0NRT,306.38,3.47,D
37.03225,-120.32838,329.12,0.42,0.38,2025-02-17,2110,N21,VIIRS,n,2.0NRT,291.17,2.26,D
37.06969,-120.3118,328.91,0.42,0.38,2025-02-17,2110,N21,VIIRS,n,2.0NRT,289.39,5.83,D
34.62274,-117.09944,301.61,0.4,0.37,2025-02-18,0932,N21,VIIRS,n,2.0NRT,276.47,1.09,N
34.35219,-116.85104,299.65,0.39,0.36,2025-02-18,0932,N21,VIIRS,n,2.0NRT,275.39,0.66,N
34.4305,-118.64234,298.46,0.43,0.38,2025-02-18,0932,N21,VIIRS,n,2.0NRT,279.99,0.67,N
34.33437,-118.51989,316.05,0.43,0.38,2025-02-18,0932,N21,VIIRS,n,2.0NRT,279.7,1.68,N
34.31937,-118.51348,304.29,0.43,0.38,2025-02-18,0932,N21,VIIRS,n,2.0NRT,279.74,0.66,N
34.14239,-117.42574,303.36,0.4,0.37,2025-02-18,0932,N21,VIIRS,n,2.0NRT,278.48,0.58,N
34.2426,-118.38216,297.59,0.42,0.38,2025-02-18,0932,N21,VIIRS,n,2.0NRT,280.75,0.77,N
34.29195,-118.80371,317.1,0.44,0.38,2025-02-18,0932,N21,VIIRS,n,2.0NRT,278.33,1.23,N
33.87692,-116.99875,296.71,0.39,0.36,2025-02-18,0932,N21,VIIRS,n,2.0NRT,274.88,0.48,N
33.79309,-117.47437,304.19,0.4,0.37,2025-02-18,0932,N21,VIIRS,n,2.0NRT,279.52,1.01,N
33.02878,-115.64677,344.61,0.4,0.37,2025-02-18,2050,N21,VIIRS,n,2.0NRT,312.27,13.8,D
35.5051,-119.58358,337,0.4,0.37,2025-02-18,2053,N21,VIIRS,n,2.0NRT,298.4,2.36,D
35.88763,-121.01041,327.54,0.43,0.38,2025-02-18,2053,N21,VIIRS,n,2.0NRT,293.13,2.98,D
36.25325,-119.51019,326.4,0.39,0.37,2025-02-18,2053,N21,VIIRS,n,2.0NRT,289.58,1.78,D
37.17224,-120.80401,326.81,0.41,0.37,2025-02-18,2053,N21,VIIRS,n,2.0NRT,288.29,5.97,D
37.17641,-120.80035,328.51,0.41,0.37,2025-02-18,2053,N21,VIIRS,n,2.0NRT,287.71,5.97,D
34.42786,-118.64692,301.15,0.49,0.48,2025-02-19,0913,N21,VIIRS,n,2.0NRT,277.98,0.75,N
34.33571,-118.52094,307.64,0.48,0.48,2025-02-19,0913,N21,VIIRS,n,2.0NRT,280.88,1.23,N
34.29004,-118.80131,306.32,0.49,0.49,2025-02-19,0913,N21,VIIRS,n,2.0NRT,277.38,1.49,N
34.1423,-117.42802,296.71,0.41,0.45,2025-02-19,0913,N21,VIIRS,n,2.0NRT,281.1,0.54,N
34.15329,-118.19429,310.6,0.45,0.47,2025-02-19,0913,N21,VIIRS,n,2.0NRT,280.81,1.74,N
33.90503,-118.40437,295.96,0.46,0.47,2025-02-19,0913,N21,VIIRS,n,2.0NRT,285.44,1,N
33.79285,-117.47468,302.92,0.41,0.45,2025-02-19,0913,N21,VIIRS,n,2.0NRT,281.28,1.12,N
33.85397,-118.33096,300.8,0.46,0.47,2025-02-19,0913,N21,VIIRS,n,2.0NRT,286.65,2.64,N
33.71468,-117.7125,300.7,0.42,0.45,2025-02-19,0913,N21,VIIRS,n,2.0NRT,276.24,0.73,N
33.6144,-117.82211,299.22,0.43,0.46,2025-02-19,0913,N21,VIIRS,n,2.0NRT,273.13,0.56,N
32.85597,-117.02892,301.01,0.57,0.43,2025-02-19,0913,N21,VIIRS,n,2.0NRT,279.97,1.09,N
32.85689,-117.14788,297.3,0.39,0.44,2025-02-19,0913,N21,VIIRS,n,2.0NRT,279.6,0.68,N
32.36948,-117.06638,300.58,0.57,0.43,2025-02-19,0913,N21,VIIRS,n,2.0NRT,281.8,0.65,N
32.37039,-117.06835,304.81,0.56,0.43,2025-02-19,0913,N21,VIIRS,n,2.0NRT,282.27,1.47,N
34.38797,-118.8117,352.79,0.39,0.44,2025-02-19,2031,N21,VIIRS,n,2.0NRT,295.69,14.05,D
34.40445,-118.95373,338.47,0.4,0.44,2025-02-19,2031,N21,VIIRS,n,2.0NRT,295.05,9.48,D
34.40845,-118.95464,338.83,0.4,0.44,2025-02-19,2031,N21,VIIRS,n,2.0NRT,298.88,9.48,D
34.40506,-118.97102,338.27,0.4,0.44,2025-02-19,2031,N21,VIIRS,n,2.0NRT,299.53,8.43,D
36.46555,-121.46755,330.82,0.49,0.48,2025-02-19,2033,N21,VIIRS,n,2.0NRT,292.16,3.08,D
34.2887,-118.80266,296.27,0.47,0.64,2025-02-20,0854,N21,VIIRS,n,2.0NRT,274.23,0.61,N
34.14284,-117.42757,295.64,0.39,0.59,2025-02-20,0854,N21,VIIRS,n,2.0NRT,281.1,0.28,N
34.15068,-118.19667,296.52,0.43,0.62,2025-02-20,0854,N21,VIIRS,n,2.0NRT,275.07,0.99,N
34.08051,-117.50178,299.5,0.39,0.59,2025-02-20,0854,N21,VIIRS,n,2.0NRT,281.57,0.76,N
33.8541,-118.33382,298.8,0.43,0.62,2025-02-20,0854,N21,VIIRS,n,2.0NRT,285.8,1.84,N
33.82035,-118.24312,296.91,0.43,0.62,2025-02-20,0854,N21,VIIRS,n,2.0NRT,286.83,0.94,N
33.81441,-118.23895,296.36,0.43,0.62,2025-02-20,0854,N21,VIIRS,n,2.0NRT,286.29,1.71,N
33.81761,-118.24461,298.76,0.43,0.62,2025-02-20,0854,N21,VIIRS,n,2.0NRT,287.15,1.12,N
33.77734,-118.23866,297.49,0.43,0.62,2025-02-20,0854,N21,VIIRS,n,2.0NRT,286.22,0.77,N
33.71666,-117.71165,301.48,0.4,0.6,2025-02-20,0854,N21,VIIRS,n,2.0NRT,282.94,0.83,N
33.61267,-117.82401,299.68,0.4,0.6,2025-02-20,0854,N21,VIIRS,n,2.0NRT,281.07,0.52,N
32.49912,-116.78897,298.48,0.34,0.56,2025-02-20,0854,N21,VIIRS,n,2.0NRT,282.01,0.57,N
32.37171,-117.06782,303.11,0.35,0.57,2025-02-20,0854,N21,VIIRS,n,2.0NRT,284.06,1.05,N
36.25106,-121.22095,327.66,0.43,0.62,2025-02-20,2014,N21,VIIRS,n,2.0NRT,293.4,6.14,D
36.38336,-121.36202,328.71,0.43,0.62,2025-02-20,2014,N21,VIIRS,n,2.0NRT,292.71,2.58,D
36.46717,-121.46751,328.16,0.44,0.62,2025-02-20,2014,N21,VIIRS,n,2.0NRT,293.14,2.98,D
36.97242,-119.95055,296.68,0.57,0.43,2025-02-21,1017,N21,VIIRS,n,2.0NRT,275.89,1.2,N
34.62199,-117.09825,298.16,0.61,0.53,2025-02-21,1017,N21,VIIRS,n,2.0NRT,278.88,1.95,N
34.43061,-118.64444,303.13,0.5,0.49,2025-02-21,1017,N21,VIIRS,n,2.0NRT,282.17,1.47,N
34.33396,-118.51982,302.09,0.51,0.5,2025-02-21,1017,N21,VIIRS,n,2.0NRT,281.83,1.05,N
34.31821,-118.51291,297.73,0.51,0.5,2025-02-21,1017,N21,VIIRS,n,2.0NRT,282.67,0.44,N
34.29031,-118.80061,310.35,0.5,0.49,2025-02-21,1017,N21,VIIRS,n,2.0NRT,285.26,1.38,N
34.15405,-118.19389,310.72,0.54,0.51,2025-02-21,1017,N21,VIIRS,n,2.0NRT,281.3,1.08,N
33.71498,-117.70861,295.5,0.59,0.53,2025-02-21,1017,N21,VIIRS,n,2.0NRT,279.98,1.08,N
36.02335,-118.98277,325.41,0.32,0.55,2025-02-21,2135,N21,VIIRS,n,2.0NRT,294.13,1.55,D
36.24978,-121.23031,343.13,0.49,0.48,2025-02-21,2135,N21,VIIRS,n,2.0NRT,294.36,8.44,D
36.25476,-121.22476,367,0.49,0.48,2025-02-21,2135,N21,VIIRS,h,2.0NRT,295.98,8.44,D
36.25426,-121.23046,340.59,0.49,0.48,2025-02-21,2135,N21,VIIRS,n,2.0NRT,297.61,8.44,D
34.84389,-119.47356,340.22,0.59,0.53,2025-02-21,2135,N21,VIIRS,n,2.0NRT,300.41,18.65,D
35.85062,-119.2025,333.14,0.63,0.54,2025-02-21,2135,N21,VIIRS,n,2.0NRT,291.17,9.68,D
35.89134,-119.34615,335.87,0.62,0.54,2025-02-21,2135,N21,VIIRS,n,2.0NRT,291.47,4.67,D
36.68329,-120.47147,325.49,0.39,0.36,2025-02-22,0956,N21,VIIRS,n,2.0NRT,279.45,2.81,N
36.6826,-120.46718,300.67,0.39,0.36,2025-02-22,0956,N21,VIIRS,n,2.0NRT,278.13,1.84,N
34.62232,-117.10074,309.63,0.51,0.41,2025-02-22,0956,N21,VIIRS,n,2.0NRT,280.15,2.46,N
34.429,-118.6451,314.32,0.45,0.39,2025-02-22,0958,N21,VIIRS,n,2.0NRT,278.94,1.86,N
34.14212,-117.42512,298.45,0.5,0.41,2025-02-22,0958,N21,VIIRS,n,2.0NRT,282.64,0.51,N
34.33646,-118.52081,299.84,0.45,0.39,2025-02-22,0958,N21,VIIRS,n,2.0NRT,281.71,0.61,N
34.33296,-118.52174,305.73,0.45,0.39,2025-02-22,0958,N21,VIIRS,n,2.0NRT,281.62,0.56,N
34.31971,-118.50985,303.56,0.45,0.39,2025-02-22,0958,N21,VIIRS,n,2.0NRT,282.16,0.45,N
34.39911,-118.99728,297.64,0.43,0.38,2025-02-22,0958,N21,VIIRS,n,2.0NRT,281.28,0.52,N
34.29301,-118.80222,302.09,0.44,0.39,2025-02-22,0958,N21,VIIRS,n,2.0NRT,280.94,0.91,N
34.28954,-118.80309,297.61,0.44,0.39,2025-02-22,0958,N21,VIIRS,n,2.0NRT,281.18,0.77,N
34.15309,-118.19182,314.21,0.47,0.4,2025-02-22,0958,N21,VIIRS,n,2.0NRT,281.28,2.01,N
34.0402,-117.82054,297.05,0.49,0.4,2025-02-22,0958,N21,VIIRS,n,2.0NRT,280.41,0.93,N
34.03398,-118.10528,298.55,0.47,0.4,2025-02-22,0958,N21,VIIRS,n,2.0NRT,281.89,0.57,N
33.794,-117.477,305.55,0.51,0.41,2025-02-22,0958,N21,VIIRS,n,2.0NRT,281.11,0.95,N
33.85261,-118.33027,302.44,0.47,0.39,2025-02-22,0958,N21,VIIRS,n,2.0NRT,288.25,1.95,N
33.71444,-117.712,300.51,0.5,0.41,2025-02-22,0958,N21,VIIRS,n,2.0NRT,280.53,1.24,N
33.61459,-117.82446,303.62,0.49,0.41,2025-02-22,0958,N21,VIIRS,n,2.0NRT,281.3,1.38,N
33.61116,-117.8214,309.55,0.49,0.41,2025-02-22,0958,N21,VIIRS,n,2.0NRT,280.61,0.98,N
32.85792,-117.0311,301.29,0.55,0.43,2025-02-22,0958,N21,VIIRS,n,2.0NRT,280.45,1.26,N
32.59714,-117.01411,299.41,0.56,0.43,2025-02-22,0958,N21,VIIRS,n,2.0NRT,280.7,0.62,N
32.49923,-116.7923,302.3,0.39,0.44,2025-02-22,0958,N21,VIIRS,n,2.0NRT,281.27,0.57,N
32.47824,-116.81081,297.77,0.38,0.44,2025-02-22,0958,N21,VIIRS,n,2.0NRT,282,0.66,N
32.37094,-117.06794,305.27,0.56,0.43,2025-02-22,0958,N21,VIIRS,n,2.0NRT,282.38,1.64,N
32.37086,-117.06873,299.9,0.56,0.43,2025-02-22,0958,N21,VIIRS,n,2.0NRT,282.51,1.21,N
32.39511,-116.63471,341.17,0.43,0.46,2025-02-22,2116,N21,VIIRS,n,2.0NRT,312.78,4.44,D
36.69763,-121.33607,335.72,0.44,0.38,2025-02-22,2118,N21,VIIRS,n,2.0NRT,295.81,4.75,D
36.69819,-121.33833,329.16,0.44,0.38,2025-02-22,2118,N21,VIIRS,n,2.0NRT,295.12,4.58,D
32.85771,-117.14837,302.22,0.39,0.36,2025-02-23,0938,N21,VIIRS,n,2.0NRT,277.83,0.74,N
32.5964,-117.01079,303.44,0.39,0.36,2025-02-23,0938,N21,VIIRS,n,2.0NRT,282.14,0.5,N
32.49612,-116.83513,305.51,0.39,0.36,2025-02-23,0938,N21,VIIRS,n,2.0NRT,283.99,0.7,N
32.40411,-117.048,316.03,0.39,0.36,2025-02-23,0938,N21,VIIRS,n,2.0NRT,281.83,1.26,N
36.70166,-119.89434,295.05,0.44,0.38,2025-02-23,0938,N21,VIIRS,n,2.0NRT,282.24,0.52,N
36.66396,-120.13621,295.19,0.45,0.39,2025-02-23,0938,N21,VIIRS,n,2.0NRT,280.39,0.64,N
35.23172,-118.92851,303.44,0.4,0.37,2025-02-23,0938,N21,VIIRS,n,2.0NRT,277.82,0.98,N
34.62069,-117.10276,304.8,0.38,0.36,2025-02-23,0938,N21,VIIRS,n,2.0NRT,280.02,1.48,N
34.62004,-117.09863,308.75,0.38,0.36,2025-02-23,0938,N21,VIIRS,n,2.0NRT,280.27,1.37,N
34.81967,-118.75068,295.5,0.4,0.37,2025-02-23,0938,N21,VIIRS,n,2.0NRT,280.89,0.69,N
34.5661,-118.15373,295.79,0.39,0.36,2025-02-23,0938,N21,VIIRS,n,2.0NRT,274.22,0.6,N
34.35456,-116.85279,310.04,0.39,0.36,2025-02-23,0938,N21,VIIRS,n,2.0NRT,281.22,1.56,N
34.43018,-118.64478,314.6,0.39,0.36,2025-02-23,0938,N21,VIIRS,n,2.0NRT,279.65,1.53,N
34.33385,-118.51997,317.98,0.39,0.36,2025-02-23,0938,N21,VIIRS,n,2.0NRT,282.97,1.57,N
34.31881,-118.51025,303.09,0.39,0.36,2025-02-23,0938,N21,VIIRS,n,2.0NRT,282.5,0.54,N
34.14205,-117.42709,297.72,0.38,0.36,2025-02-23,0938,N21,VIIRS,n,2.0NRT,280.71,0.51,N
34.24223,-118.3826,302.59,0.39,0.36,2025-02-23,0938,N21,VIIRS,n,2.0NRT,278.84,0.75,N
34.28997,-118.80292,315.86,0.4,0.37,2025-02-23,0938,N21,VIIRS,n,2.0NRT,282.25,1.81,N
34.15324,-118.19503,311.04,0.39,0.36,2025-02-23,0938,N21,VIIRS,n,2.0NRT,283.07,1.57,N
33.87646,-117.00023,297.38,0.39,0.36,2025-02-23,0938,N21,VIIRS,n,2.0NRT,279.88,0.37,N
34.03394,-118.10382,298.45,0.39,0.36,2025-02-23,0938,N21,VIIRS,n,2.0NRT,282.27,0.7,N
33.79378,-117.47468,299.85,0.38,0.36,2025-02-23,0938,N21,VIIRS,n,2.0NRT,282.08,0.76,N
33.90475,-118.40334,298.8,0.39,0.36,2025-02-23,0938,N21,VIIRS,n,2.0NRT,286.76,0.89,N
33.8535,-118.33282,305.17,0.39,0.36,2025-02-23,0938,N21,VIIRS,n,2.0NRT,289.89,1.96,N
33.71459,-117.71094,310.18,0.38,0.36,2025-02-23,0938,N21,VIIRS,n,2.0NRT,283.05,1.14,N
33.77772,-118.23652,300.92,0.39,0.36,2025-02-23,0938,N21,VIIRS,n,2.0NRT,288.38,0.76,N
33.79113,-118.34883,299.36,0.39,0.36,2025-02-23,0938,N21,VIIRS,n,2.0NRT,281.49,0.47,N
33.61225,-117.8215,314.78,0.38,0.36,2025-02-23,0938,N21,VIIRS,n,2.0NRT,282.53,0.81,N
33.49203,-117.61859,301.17,0.38,0.36,2025-02-23,0938,N21,VIIRS,n,2.0NRT,281.81,0.73,N
32.85588,-117.0273,302.95,0.39,0.36,2025-02-23,0938,N21,VIIRS,n,2.0NRT,279.92,0.97,N
33.20108,-115.54605,350.34,0.44,0.39,2025-02-23,2057,N21,VIIRS,n,2.0NRT,318.03,26.16,D
34.62107,-117.10148,335.64,0.41,0.37,2025-02-23,2057,N21,VIIRS,n,2.0NRT,309.98,2.46,D
36.57064,-121.61634,327.82,0.4,0.37,2025-02-23,2057,N21,VIIRS,n,2.0NRT,291.68,2.82,D
34.81848,-118.75083,298.66,0.41,0.45,2025-02-24,0919,N21,VIIRS,n,2.0NRT,282.5,0.8,N
34.62063,-117.09978,304.66,0.5,0.41,2025-02-24,0919,N21,VIIRS,n,2.0NRT,285.12,1.7,N
34.43155,-118.64279,299.35,0.4,0.44,2025-02-24,0919,N21,VIIRS,n,2.0NRT,282.41,0.68,N
34.33595,-118.51994,310.16,0.39,0.44,2025-02-24,0919,N21,VIIRS,n,2.0NRT,285.55,1.29,N
34.14248,-117.42842,296.39,0.51,0.41,2025-02-24,0919,N21,VIIRS,n,2.0NRT,283.47,0.79,N
34.291,-118.80282,310.77,0.4,0.44,2025-02-24,0919,N21,VIIRS,n,2.0NRT,283.08,1.68,N
34.1534,-118.19219,309.71,0.56,0.43,2025-02-24,0919,N21,VIIRS,n,2.0NRT,284.56,1.67,N
34.15376,-118.19323,314.52,0.56,0.43,2025-02-24,0919,N21,VIIRS,n,2.0NRT,284.62,2.3,N
34.11524,-117.92313,296.26,0.54,0.42,2025-02-24,0919,N21,VIIRS,n,2.0NRT,283.75,0.64,N
34.04102,-117.82232,295.94,0.54,0.42,2025-02-24,0919,N21,VIIRS,n,2.0NRT,282.88,0.72,N
33.79371,-117.47556,304.59,0.51,0.41,2025-02-24,0919,N21,VIIRS,n,2.0NRT,283.51,1.44,N
33.85371,-118.33186,301.84,0.56,0.43,2025-02-24,0919,N21,VIIRS,n,2.0NRT,288.7,1.75,N
33.85435,-118.33274,299.37,0.56,0.43,2025-02-24,0919,N21,VIIRS,n,2.0NRT,287.69,2.5,N
33.82061,-118.24603,296.2,0.56,0.43,2025-02-24,0919,N21,VIIRS,n,2.0NRT,285.88,1.24,N
33.7168,-117.71137,300.86,0.52,0.42,2025-02-24,0919,N21,VIIRS,n,2.0NRT,283.59,1.24,N
33.6139,-117.82153,302.55,0.53,0.42,2025-02-24,0919,N21,VIIRS,n,2.0NRT,282.33,1.02,N
33.49027,-117.61652,296.47,0.52,0.41,2025-02-24,0919,N21,VIIRS,n,2.0NRT,281.89,0.93,N
32.85745,-117.14627,297.47,0.48,0.4,2025-02-24,0919,N21,VIIRS,n,2.0NRT,278.73,0.62,N
32.85814,-117.14889,299.86,0.48,0.4,2025-02-24,0919,N21,VIIRS,n,2.0NRT,278.63,0.73,N
32.59847,-117.01091,299.15,0.47,0.4,2025-02-24,0919,N21,VIIRS,n,2.0NRT,281.41,1.4,N
32.5288,-116.77921,303.15,0.46,0.39,2025-02-24,0919,N21,VIIRS,n,2.0NRT,279.13,2.09,N
32.52522,-116.77994,326.21,0.46,0.39,2025-02-24,0919,N21,VIIRS,n,2.0NRT,279.47,2.09,N
32.37111,-117.07037,301,0.47,0.4,2025-02-24,0919,N21,VIIRS,n,2.0NRT,283.1,1.37,N
33.04164,-115.62766,338.77,0.4,0.37,2025-02-24,2038,N21,VIIRS,n,2.0NRT,312.07,3.87,D
33.04497,-115.62845,349.77,0.4,0.37,2025-02-24,2038,N21,VIIRS,n,2.0NRT,311.6,5.24,D
34.2814,-118.94873,330.86,0.5,0.41,2025-02-24,2038,N21,VIIRS,n,2.0NRT,300.29,5,D
34.68394,-120.11863,332.27,0.56,0.43,2025-02-24,2038,N21,VIIRS,n,2.0NRT,303.02,3.8,D
34.82806,-119.45971,342.75,0.52,0.41,2025-02-24,2038,N21,VIIRS,n,2.0NRT,304.76,9.7,D
34.83177,-119.46078,350.05,0.52,0.41,2025-02-24,2038,N21,VIIRS,n,2.0NRT,306.72,9.7,D
34.78653,-120.41988,332.24,0.38,0.43,2025-02-24,2038,N21,VIIRS,n,2.0NRT,297.79,2.14,D
35.57246,-120.35823,332.17,0.55,0.43,2025-02-24,2040,N21,VIIRS,n,2.0NRT,301.17,9.22,D
36.25312,-121.23393,334.2,0.39,0.44,2025-02-24,2040,N21,VIIRS,n,2.0NRT,291.94,11.67,D
36.25785,-121.23136,367,0.39,0.44,2025-02-24,2040,N21,VIIRS,h,2.0NRT,297.3,11.67,D
36.26178,-121.23267,326.71,0.39,0.44,2025-02-24,2040,N21,VIIRS,n,2.0NRT,290.78,3.19,D
36.26094,-121.23666,333.92,0.39,0.44,2025-02-24,2040,N21,VIIRS,n,2.0NRT,291.9,3.19,D
35.23157,-118.93,300.68,0.39,0.59,2025-02-25,0900,N21,VIIRS,n,2.0NRT,280.67,0.74,N
35.23024,-118.92827,301.4,0.39,0.59,2025-02-25,0900,N21,VIIRS,n,2.0NRT,281.32,0.79,N
34.7178,-118.80116,307.07,0.38,0.59,2025-02-25,0900,N21,VIIRS,n,2.0NRT,281.76,0.98,N
34.42837,-118.64642,303.56,0.37,0.58,2025-02-25,0900,N21,VIIRS,n,2.0NRT,284.69,0.81,N
34.33522,-118.51859,299.72,0.36,0.58,2025-02-25,0900,N21,VIIRS,n,2.0NRT,285.14,0.49,N
34.31888,-118.51291,299.43,0.36,0.58,2025-02-25,0900,N21,VIIRS,n,2.0NRT,285.99,0.44,N
34.28978,-118.80178,306.49,0.38,0.58,2025-02-25,0900,N21,VIIRS,n,2.0NRT,283.45,1,N
34.24076,-118.38255,295.48,0.35,0.57,2025-02-25,0900,N21,VIIRS,n,2.0NRT,282.39,0.29,N
34.15399,-118.1946,311.91,0.35,0.56,2025-02-25,0900,N21,VIIRS,n,2.0NRT,283.66,1.15,N
34.04174,-117.82132,298.99,0.33,0.55,2025-02-25,0900,N21,VIIRS,n,2.0NRT,282.95,0.47,N
33.90921,-118.4104,300.4,0.35,0.57,2025-02-25,0900,N21,VIIRS,n,2.0NRT,289.03,1.47,N
33.90342,-118.40323,296.12,0.35,0.57,2025-02-25,0900,N21,VIIRS,n,2.0NRT,286.12,0.46,N
33.85111,-118.33231,305.44,0.35,0.57,2025-02-25,0900,N21,VIIRS,n,2.0NRT,289.14,1.56,N
33.8189,-118.24519,301.01,0.35,0.56,2025-02-25,0900,N21,VIIRS,n,2.0NRT,287.94,1.84,N
33.81322,-118.23828,300.51,0.34,0.56,2025-02-25,0900,N21,VIIRS,n,2.0NRT,288.37,1.24,N
33.81702,-118.24428,300.78,0.34,0.56,2025-02-25,0900,N21,VIIRS,n,2.0NRT,288.31,1.47,N
33.71484,-117.71049,305.44,0.32,0.55,2025-02-25,0900,N21,VIIRS,n,2.0NRT,283.85,0.67,N
32.85786,-117.02979,296.19,0.57,0.52,2025-02-25,0902,N21,VIIRS,n,2.0NRT,282.06,0.52,N
32.85717,-117.03033,297.77,0.57,0.52,2025-02-25,0902,N21,VIIRS,n,2.0NRT,282.1,0.99,N
36.72503,-120.45139,337.39,0.39,0.59,2025-02-25,1040,N21,VIIRS,n,2.0NRT,277.97,3.89,N
34.15426,-118.19275,298.17,0.61,0.71,2025-02-25,1040,N21,VIIRS,n,2.0NRT,281.78,1.21,N
34.28882,-118.80119,297.09,0.56,0.69,2025-02-25,1040,N21,VIIRS,n,2.0NRT,282.09,0.86,N
33.85168,-118.33359,300.84,0.61,0.71,2025-02-25,1040,N21,VIIRS,n,2.0NRT,287.55,2.22,N
33.19657,-115.5456,348.91,0.41,0.45,2025-02-25,2021,N21,VIIRS,n,2.0NRT,311.63,9.12,D
33.7172,-116.14817,346.63,0.43,0.46,2025-02-25,2021,N21,VIIRS,n,2.0NRT,316.38,5.02,D
35.14428,-116.58434,351.22,0.42,0.45,2025-02-25,2021,N21,VIIRS,n,2.0NRT,305.33,6.8,D
35.22605,-119.93982,327.83,0.32,0.54,2025-02-25,2021,N21,VIIRS,n,2.0NRT,298.14,4.71,D
35.57537,-120.35963,341.61,0.33,0.55,2025-02-25,2021,N21,VIIRS,n,2.0NRT,293.23,3.69,D
35.57541,-120.35937,329.1,0.33,0.55,2025-02-25,2021,N21,VIIRS,n,2.0NRT,292.55,2.53,D
36.26074,-121.22144,367,0.35,0.57,2025-02-25,2021,N21,VIIRS,h,2.0NRT,299.89,20.29,D
36.25983,-121.22507,367,0.35,0.57,2025-02-25,2021,N21,VIIRS,h,2.0NRT,299.97,21.74,D
36.26225,-121.22322,367,0.35,0.57,2025-02-25,2021,N21,VIIRS,h,2.0NRT,305.07,29.4,D
36.26131,-121.22687,367,0.35,0.57,2025-02-25,2021,N21,VIIRS,h,2.0NRT,300.21,20.02,D
36.26126,-121.22697,367,0.56,0.69,2025-02-25,2201,N21,VIIRS,h,2.0NRT,302.33,20.43,D
36.26411,-121.22184,342.88,0.56,0.69,2025-02-25,2201,N21,VIIRS,n,2.0NRT,300.57,13.69,D
37.17591,-120.79015,325.5,0.6,0.71,2025-02-25,2201,N21,VIIRS,n,2.0NRT,294.82,5.87,D
32.52441,-116.77764,321.62,0.53,0.67,2025-02-26,0841,N21,VIIRS,n,2.0NRT,281.45,2.88,N
32.52465,-116.78268,297.74,0.53,0.67,2025-02-26,0841,N21,VIIRS,n,2.0NRT,282.86,2.88,N
32.51154,-116.76774,295.72,0.53,0.67,2025-02-26,0841,N21,VIIRS,n,2.0NRT,280.7,1.28,N
32.49623,-116.83536,296.49,0.53,0.67,2025-02-26,0841,N21,VIIRS,n,2.0NRT,283.34,0.57,N
32.51178,-116.76848,301.58,0.53,0.67,2025-02-26,0841,N21,VIIRS,n,2.0NRT,281.18,0.86,N
32.35415,-116.592,303.08,0.51,0.66,2025-02-26,0841,N21,VIIRS,n,2.0NRT,283.06,1.79,N
34.29095,-118.80489,295.34,0.71,0.75,2025-02-26,0843,N21,VIIRS,n,2.0NRT,284.4,1.07,N
34.15526,-118.19467,297.96,0.66,0.73,2025-02-26,0843,N21,VIIRS,n,2.0NRT,282.94,0.96,N
34.61938,-117.10162,310.54,0.37,0.58,2025-02-26,1021,N21,VIIRS,n,2.0NRT,284.13,1.86,N
34.61923,-117.09949,302.45,0.37,0.58,2025-02-26,1021,N21,VIIRS,n,2.0NRT,281.19,1.44,N
34.43132,-118.6445,297.48,0.62,0.54,2025-02-26,1021,N21,VIIRS,n,2.0NRT,281.24,1.48,N
34.42832,-118.64599,299.57,0.62,0.54,2025-02-26,1021,N21,VIIRS,n,2.0NRT,281.05,1.35,N
34.33606,-118.52001,301.34,0.63,0.54,2025-02-26,1021,N21,VIIRS,n,2.0NRT,285.02,1.68,N
34.24339,-118.38032,296.17,0.32,0.55,2025-02-26,1021,N21,VIIRS,n,2.0NRT,280.71,0.23,N
34.15033,-118.19286,317.86,0.33,0.55,2025-02-26,1021,N21,VIIRS,n,2.0NRT,284.86,1.32,N
34.29324,-118.80399,295.3,0.61,0.53,2025-02-26,1021,N21,VIIRS,n,2.0NRT,282.1,1.35,N
34.03336,-118.10528,295.84,0.34,0.56,2025-02-26,1021,N21,VIIRS,n,2.0NRT,282.86,0.35,N
33.79327,-117.47347,296.48,0.37,0.58,2025-02-26,1021,N21,VIIRS,n,2.0NRT,283.78,0.8,N
33.61268,-117.82097,295.81,0.36,0.57,2025-02-26,1021,N21,VIIRS,n,2.0NRT,280.44,0.54,N
32.85522,-117.03056,297.26,0.42,0.61,2025-02-26,1021,N21,VIIRS,n,2.0NRT,280.37,0.71,N
32.5256,-116.77992,300.54,0.44,0.62,2025-02-26,1021,N21,VIIRS,n,2.0NRT,281.58,0.75,N
32.51101,-116.77002,310.19,0.44,0.62,2025-02-26,1021,N21,VIIRS,n,2.0NRT,280.48,1.03,N
32.50822,-116.77258,300.81,0.44,0.62,2025-02-26,1021,N21,VIIRS,n,2.0NRT,280.52,0.87,N
32.50714,-116.76836,295.38,0.44,0.62,2025-02-26,1021,N21,VIIRS,n,2.0NRT,280.99,0.87,N
33.71803,-116.15005,339.65,0.39,0.59,2025-02-26,2001,N21,VIIRS,n,2.0NRT,312.7,3.41,D
35.34902,-120.14289,329.58,0.59,0.7,2025-02-26,2001,N21,VIIRS,n,2.0NRT,298.67,4.86,D
36.66548,-121.26871,333,0.62,0.71,2025-02-26,2001,N21,VIIRS,n,2.0NRT,297.8,5.56,D
33.20941,-115.5584,367,0.6,0.71,2025-02-26,2142,N21,VIIRS,h,2.0NRT,317.6,18.28,D
33.20933,-115.55956,367,0.6,0.71,2025-02-26,2142,N21,VIIRS,h,2.0NRT,317,22.51,D
34.78262,-120.41676,351.68,0.32,0.55,2025-02-26,2142,N21,VIIRS,n,2.0NRT,305,4.96,D
34.7874,-120.42066,343.8,0.32,0.55,2025-02-26,2142,N21,VIIRS,n,2.0NRT,306.69,4.96,D
35.19899,-119.93016,334.58,0.35,0.57,2025-02-26,2142,N21,VIIRS,n,2.0NRT,304.07,3.06,D
36.70373,-121.38492,339.55,0.59,0.53,2025-02-26,2142,N21,VIIRS,n,2.0NRT,299.02,13.81,D
36.7032,-121.39223,335.8,0.59,0.53,2025-02-26,2142,N21,VIIRS,n,2.0NRT,296.63,7.54,D
36.71263,-121.76741,298.31,0.39,0.36,2025-02-27,1002,N21,VIIRS,n,2.0NRT,281.01,0.61,N
35.28308,-118.82825,306.21,0.49,0.41,2025-02-27,1004,N21,VIIRS,n,2.0NRT,280.62,1.34,N
35.2305,-118.92886,297.78,0.49,0.4,2025-02-27,1004,N21,VIIRS,n,2.0NRT,278.79,0.7,N
34.62037,-117.09988,315.53,0.41,0.45,2025-02-27,1004,N21,VIIRS,n,2.0NRT,286.8,1.92,N
34.35491,-116.85182,302.73,0.43,0.46,2025-02-27,1004,N21,VIIRS,n,2.0NRT,283.49,1.25,N
34.43034,-118.64373,306.88,0.52,0.41,2025-02-27,1004,N21,VIIRS,n,2.0NRT,281.1,1.5,N
34.43036,-118.64492,308.17,0.52,0.41,2025-02-27,1004,N21,VIIRS,n,2.0NRT,280.93,1.82,N
34.14032,-117.4293,306.82,0.4,0.44,2025-02-27,1004,N21,VIIRS,n,2.0NRT,288.68,0.46,N
34.33497,-118.5218,310.18,0.53,0.42,2025-02-27,1004,N21,VIIRS,n,2.0NRT,286.12,1.12,N
34.29183,-118.80128,312.25,0.51,0.41,2025-02-27,1004,N21,VIIRS,n,2.0NRT,289.44,1.47,N
34.15406,-118.19349,310.65,0.55,0.43,2025-02-27,1004,N21,VIIRS,n,2.0NRT,285.62,1.32,N
33.87589,-116.99757,298.42,0.43,0.46,2025-02-27,1004,N21,VIIRS,n,2.0NRT,286.27,0.2,N
34.04131,-117.81982,300.61,0.39,0.44,2025-02-27,1004,N21,VIIRS,n,2.0NRT,283.7,0.29,N
34.03363,-118.10472,295.81,0.56,0.43,2025-02-27,1004,N21,VIIRS,n,2.0NRT,284.8,0.5,N
33.79238,-117.47442,308.63,0.41,0.45,2025-02-27,1004,N21,VIIRS,n,2.0NRT,283.47,1.33,N
33.71423,-117.70946,307.83,0.4,0.44,2025-02-27,1004,N21,VIIRS,n,2.0NRT,290.58,1.19,N
33.8204,-118.24265,298.4,0.56,0.43,2025-02-27,1004,N21,VIIRS,n,2.0NRT,288.13,2.28,N
33.79333,-118.23341,298.18,0.56,0.43,2025-02-27,1004,N21,VIIRS,n,2.0NRT,287.89,0.91,N
33.6144,-117.8214,306.46,0.39,0.44,2025-02-27,1004,N21,VIIRS,n,2.0NRT,284.71,0.87,N
33.49042,-117.61687,299.07,0.4,0.45,2025-02-27,1004,N21,VIIRS,n,2.0NRT,281.62,0.73,N
32.85674,-117.03006,301.3,0.45,0.47,2025-02-27,1004,N21,VIIRS,n,2.0NRT,280.69,0.76,N
32.49829,-116.79058,297.46,0.47,0.48,2025-02-27,1004,N21,VIIRS,n,2.0NRT,285.48,0.55,N
32.42161,-116.92451,299.18,0.46,0.47,2025-02-27,1004,N21,VIIRS,n,2.0NRT,284.66,0.58,N
32.4234,-116.92496,299.93,0.46,0.47,2025-02-27,1004,N21,VIIRS,n,2.0NRT,284,0.61,N
32.35283,-116.59467,297.32,0.48,0.48,2025-02-27,1004,N21,VIIRS,n,2.0NRT,284.61,0.65,N
32.32081,-117.01167,303.95,0.46,0.47,2025-02-27,1004,N21,VIIRS,n,2.0NRT,281.88,0.86,N
32.32167,-117.00809,297.69,0.46,0.47,2025-02-27,1004,N21,VIIRS,n,2.0NRT,280.77,1.09,N
32.49617,-116.83657,330.35,0.52,0.5,2025-02-27,2122,N21,VIIRS,n,2.0NRT,292.83,3.33,D
35.74469,-120.66069,338.5,0.53,0.42,2025-02-27,2125,N21,VIIRS,n,2.0NRT,309.04,6.4,D
36.6677,-121.25388,340.61,0.51,0.41,2025-02-27,2125,N21,VIIRS,n,2.0NRT,289.51,10.27,D
36.66707,-121.25948,331.34,0.51,0.41,2025-02-27,2125,N21,VIIRS,n,2.0NRT,285.53,10.27,D
37.1801,-119.70508,300.86,0.4,0.37,2025-02-28,0943,N21,VIIRS,n,2.0NRT,279.18,0.39,N
36.74746,-118.9784,303.32,0.39,0.36,2025-02-28,0943,N21,VIIRS,n,2.0NRT,277.85,1.51,N
34.62209,-117.10243,305.11,0.4,0.37,2025-02-28,0943,N21,VIIRS,n,2.0NRT,283.17,1.12,N
34.62137,-117.09818,300.76,0.4,0.37,2025-02-28,0943,N21,VIIRS,n,2.0NRT,282.41,1.12,N
34.81946,-118.74967,301.27,0.38,0.36,2025-02-28,0943,N21,VIIRS,n,2.0NRT,279.49,1.04,N
34.35305,-116.85281,308.97,0.41,0.37,2025-02-28,0943,N21,VIIRS,n,2.0NRT,282.31,1.57,N
34.56703,-118.15397,297.9,0.39,0.36,2025-02-28,0943,N21,VIIRS,n,2.0NRT,273.37,0.5,N
34.4303,-118.64542,308.56,0.38,0.36,2025-02-28,0943,N21,VIIRS,n,2.0NRT,281.71,1.4,N
34.3355,-118.51782,312.84,0.38,0.36,2025-02-28,0943,N21,VIIRS,n,2.0NRT,284.89,1.25,N
34.3202,-118.51205,297.99,0.38,0.36,2025-02-28,0943,N21,VIIRS,n,2.0NRT,283.39,0.24,N
34.14308,-117.42912,306.52,0.4,0.37,2025-02-28,0943,N21,VIIRS,n,2.0NRT,285.55,0.45,N
34.24151,-118.38049,302.36,0.39,0.36,2025-02-28,0943,N21,VIIRS,n,2.0NRT,282.06,0.63,N
34.2913,-118.80024,311.4,0.38,0.36,2025-02-28,0943,N21,VIIRS,n,2.0NRT,286.32,1.17,N
34.48227,-120.13169,298.04,0.39,0.36,2025-02-28,0943,N21,VIIRS,n,2.0NRT,282.06,0.31,N
34.1161,-117.92649,296.57,0.39,0.36,2025-02-28,0943,N21,VIIRS,n,2.0NRT,283.69,0.58,N
34.15289,-118.19392,312.12,0.39,0.36,2025-02-28,0943,N21,VIIRS,n,2.0NRT,285.02,1.27,N
34.03457,-117.55878,295.09,0.4,0.37,2025-02-28,0943,N21,VIIRS,n,2.0NRT,282.59,0.37,N
33.95391,-117.12359,300.27,0.4,0.37,2025-02-28,0943,N21,VIIRS,n,2.0NRT,282.06,0.44,N
34.04095,-117.82323,299.43,0.39,0.36,2025-02-28,0943,N21,VIIRS,n,2.0NRT,284.98,0.6,N
33.87674,-116.99908,300.9,0.41,0.37,2025-02-28,0943,N21,VIIRS,n,2.0NRT,284.06,0.44,N
34.03568,-118.10363,304.02,0.39,0.36,2025-02-28,0943,N21,VIIRS,n,2.0NRT,280.22,0.69,N
33.79426,-117.47408,309.48,0.4,0.37,2025-02-28,0943,N21,VIIRS,n,2.0NRT,283.31,1.46,N
33.71415,-117.71036,306.77,0.39,0.37,2025-02-28,0943,N21,VIIRS,n,2.0NRT,282.81,1.12,N
33.61324,-117.82404,316.16,0.39,0.36,2025-02-28,0943,N21,VIIRS,n,2.0NRT,283.53,1.45,N
33.49308,-117.61664,307.91,0.4,0.37,2025-02-28,0943,N21,VIIRS,n,2.0NRT,280.14,1.04,N
32.37335,-117.06799,303.71,0.42,0.37,2025-02-28,0945,N21,VIIRS,n,2.0NRT,284.44,1.28,N
32.36996,-117.0688,297.7,0.42,0.37,2025-02-28,0945,N21,VIIRS,n,2.0NRT,285.08,1.06,N
32.50111,-116.86026,335.87,0.45,0.39,2025-02-28,2103,N21,VIIRS,n,2.0NRT,302.22,2.81,D
34.29279,-118.80074,331.22,0.4,0.37,2025-02-28,2103,N21,VIIRS,l,2.0NRT,303.17,2.46,D
36.93953,-121.36574,325.14,0.38,0.36,2025-02-28,2103,N21,VIIRS,n,2.0NRT,267.73,1.82,D
36.50856,-119.9288,295.65,0.4,0.45,2025-03-01,0926,N21,VIIRS,n,2.0NRT,281.02,0.83,N
34.35241,-116.85444,298.24,0.42,0.38,2025-03-01,0926,N21,VIIRS,n,2.0NRT,280.63,0.86,N
33.95425,-117.12217,297.14,0.43,0.38,2025-03-01,0926,N21,VIIRS,n,2.0NRT,280.9,0.63,N
34.51032,-117.38788,345.62,0.39,0.37,2025-03-01,2046,N21,VIIRS,n,2.0NRT,304.96,2.86,D
34.74854,-117.97328,336.97,0.4,0.37,2025-03-01,2046,N21,VIIRS,n,2.0NRT,304.73,3.41,D
35.01248,-117.6414,335.09,0.4,0.37,2025-03-01,2046,N21,VIIRS,n,2.0NRT,304.92,2.36,D
34.92303,-118.32742,339.24,0.41,0.37,2025-03-01,2046,N21,VIIRS,n,2.0NRT,305.41,7.02,D
34.92639,-118.32825,347.67,0.41,0.37,2025-03-01,2046,N21,VIIRS,n,2.0NRT,303.98,7.02,D
34.92563,-118.33264,355.61,0.41,0.37,2025-03-01,2046,N21,VIIRS,l,2.0NRT,303.32,7.02,D
34.92975,-118.32906,355.73,0.41,0.37,2025-03-01,2046,N21,VIIRS,l,2.0NRT,303.1,11.4,D
34.93235,-118.33427,349.4,0.41,0.37,2025-03-01,2046,N21,VIIRS,n,2.0NRT,302.09,11.4,D
34.93311,-118.32989,355.77,0.41,0.37,2025-03-01,2046,N21,VIIRS,l,2.0NRT,303.35,11.4,D
34.93723,-118.32632,335.06,0.41,0.37,2025-03-01,2046,N21,VIIRS,l,2.0NRT,305.43,6.37,D
34.93572,-118.33509,347.81,0.41,0.37,2025-03-01,2046,N21,VIIRS,n,2.0NRT,302.67,14.36,D
34.94059,-118.32714,335.34,0.41,0.37,2025-03-01,2046,N21,VIIRS,n,2.0NRT,304.5,6.37,D
34.93983,-118.33153,332.03,0.41,0.37,2025-03-01,2046,N21,VIIRS,l,2.0NRT,302.1,14.36,D
34.94244,-118.33675,355.4,0.41,0.37,2025-03-01,2046,N21,VIIRS,l,2.0NRT,304.99,10.14,D
35.08222,-118.93503,345.04,0.42,0.38,2025-03-01,2046,N21,VIIRS,n,2.0NRT,307.25,5.51,D
35.07307,-119.06747,342.89,0.43,0.38,2025-03-01,2046,N21,VIIRS,n,2.0NRT,310.21,30.56,D
35.22816,-118.19379,343.7,0.41,0.37,2025-03-01,2046,N21,VIIRS,n,2.0NRT,296.99,4.97,D
35.0765,-119.06837,333.36,0.43,0.38,2025-03-01,2046,N21,VIIRS,l,2.0NRT,305.53,3.58,D
35.07568,-119.07298,367,0.43,0.38,2025-03-01,2046,N21,VIIRS,l,2.0NRT,331.7,74.46,D
35.50265,-119.30543,334.7,0.43,0.38,2025-03-01,2046,N21,VIIRS,n,2.0NRT,307.74,6.93,D
35.50477,-119.30428,333.3,0.43,0.38,2025-03-01,2046,N21,VIIRS,l,2.0NRT,306.36,5.81,D
35.48708,-120.2347,337.73,0.47,0.39,2025-03-01,2046,N21,VIIRS,n,2.0NRT,302.23,4.17,D
35.7369,-120.58147,336.95,0.48,0.4,2025-03-01,2046,N21,VIIRS,n,2.0NRT,301.83,2.37,D
36.3245,-120.27229,336.53,0.46,0.39,2025-03-01,2046,N21,VIIRS,n,2.0NRT,307.5,2.44,D
36.62423,-119.73586,335.85,0.43,0.38,2025-03-01,2046,N21,VIIRS,n,2.0NRT,301.29,3.02,D
36.78773,-120.00922,332.45,0.44,0.38,2025-03-01,2046,N21,VIIRS,n,2.0NRT,303.58,2.88,D
36.90347,-119.99831,332.71,0.44,0.38,2025-03-01,2046,N21,VIIRS,n,2.0NRT,302.62,3.43,D
